hole,suit,rank,order,prob,Nsim,2,3,4,5,6,7,8,9,10
♠2 ♥2,0.0,1.0,0.0,0.004524886877828055,60000.0,0.5126407407407456,0.3138157407406454,0.22498432539677496,0.18202552910049533,0.15909060846560297,0.14526845238093483,0.13580925925926035,0.12860000000000746,0.12045444444444459
♠3 ♠2,1.0,0.0,1.0,0.0030165912518853697,60000.0,0.38659999999999445,0.2542277777777081,0.19340793650792068,0.15953439153437912,0.13839642857143275,0.12385873015871049,0.11299814814815008,0.10433518518519362,0.08993583333333331
♠3 ♥2,0.0,0.0,1.0,0.00904977375565611,60000.0,0.3539740740740671,0.21621342592586182,0.1538246031746181,0.11985912698413351,0.09937156084656372,0.08586726190475408,0.07623148148148141,0.06888703703704184,0.055471944444444435
♠3 ♥3,0.0,1.0,0.0,0.004524886877828055,60000.0,0.5446092592592728,0.34283240740731163,0.24547857142851676,0.19528187830683608,0.16737341269840375,0.15040892857140956,0.1390328703703701,0.13063888888889752,0.12094500000000005
♠4 ♠2,1.0,0.0,0.0,0.0030165912518853697,60000.0,0.3989518518518419,0.26697685185177994,0.20520297619045416,0.17029642857140836,0.148302910052912,0.13309146825394577,0.12169861111111309,0.11261111111112035,0.09626277777777778
♠4 ♠3,1.0,0.0,1.0,0.0030165912518853697,60000.0,0.4148092592592397,0.28183842592585095,0.21808888888886255,0.1814578042327776,0.15827103174603138,0.14233809523807484,0.13055648148148324,0.12128703703704671,0.10366499999999997
♠4 ♥2,0.0,0.0,0.0,0.00904977375565611,60000.0,0.36367407407406216,0.22717731481474984,0.1643946428571491,0.12966388888889582,0.10847129629630096,0.09443908730157526,0.08444583333333318,0.07686111111111668,0.061245833333333374
♠4 ♥3,0.0,0.0,1.0,0.00904977375565611,60000.0,0.3807351851851716,0.24323703703696764,0.17806309523809416,0.14121005291005528,0.11844920634921295,0.1033230158730003,0.0925731481481481,0.08445925925926577,0.06795500000000008
♠4 ♥4,0.0,1.0,0.0,0.004524886877828055,60000.0,0.5787296296296599,0.375130092592508,0.26945932539675876,0.2116621693121065,0.17822394179892653,0.1575902777777567,0.1439129629629604,0.13415555555556527,0.12270277777777785
♠5 ♠2,1.0,0.0,0.0,0.0030165912518853697,60000.0,0.4051333333333159,0.2716018518517776,0.20934722222219862,0.1738767195766961,0.15151415343915506,0.136148611111088,0.12475694444444642,0.1157703703703797,0.09823027777777772
♠5 ♠3,1.0,0.0,0.0,0.0030165912518853697,60000.0,0.4269333333333085,0.2916185185184437,0.22679007936504925,0.18924378306875073,0.16542605820105644,0.14912261904760074,0.13715416666666752,0.12781666666667635,0.10873527777777765
♠5 ♠4,1.0,0.0,1.0,0.0030165912518853697,60000.0,0.4437981481481289,0.3094347222221491,0.24302916666662974,0.20367857142853002,0.1783051587301531,0.16077242063490751,0.14787129629629817,0.13783518518519625,0.11717722222222204
♠5 ♥2,0.0,0.0,0.0,0.00904977375565611,60000.0,0.3760629629629463,0.2370407407406724,0.17304563492063663,0.13724140211640895,0.11524179894180446,0.10062162698411259,0.09019027777777766,0.08227592592593212,0.06469611111111125
♠5 ♥3,0.0,0.0,0.0,0.00904977375565611,60000.0,0.39312777777775615,0.253717592592519,0.18757619047618276,0.1497706349206307,0.1262890211640296,0.11067539682537804,0.09961759259259227,0.0913222222222292,0.07353361111111113
♠5 ♥4,0.0,0.0,1.0,0.00904977375565611,60000.0,0.4152962962962693,0.2764699074073284,0.20804880952379157,0.16775701058199022,0.14215291005291728,0.12483253968251584,0.11240555555555541,0.10300185185186041,0.0823955555555556
♠5 ♥5,0.0,1.0,0.0,0.004524886877828055,60000.0,0.6111037037037454,0.40858796296288996,0.29639503968246583,0.23139219576711573,0.19205119047616495,0.16706825396823446,0.15031712962962498,0.13840555555556744,0.12443888888888889
♠6 ♠2,1.0,0.0,0.0,0.0030165912518853697,60000.0,0.4042240740740539,0.2658962962962184,0.20238630952379033,0.16608968253966344,0.14305066137566663,0.12718948412696165,0.1154791666666677,0.10632592592593487,0.0898047222222221
♠6 ♠3,1.0,0.0,0.0,0.0030165912518853697,60000.0,0.425918518518485,0.2865749999999258,0.22063273809521156,0.18214285714282932,0.1574722222222225,0.14047837301585006,0.12800370370370404,0.11832037037037986,0.10010138888888863
♠6 ♠4,1.0,0.0,0.0,0.0030165912518853697,60000.0,0.4424055555555285,0.3049925925925179,0.2384821428571085,0.19893253968250135,0.1733108465608429,0.15557480158728593,0.1425287037037048,0.13239629629630711,0.11294888888888861
♠6 ♠5,1.0,0.0,1.0,0.0030165912518853697,60000.0,0.4604666666666371,0.32440462962955363,0.25622876984122933,0.21458796296291202,0.18713240740740014,0.16793253968253014,0.1537458333333352,0.1427222222222342,0.12157972222222195
♠6 ♥2,0.0,0.0,0.0,0.00904977375565611,60000.0,0.3710888888888655,0.22661481481474532,0.16129841269842451,0.12474417989418697,0.10222976190476657,0.08730515873014937,0.07674490740740712,0.06884444444444952,0.053092222222222284
♠6 ♥3,0.0,0.0,0.0,0.00904977375565611,60000.0,0.39154444444441555,0.24867083333325962,0.18212242063491874,0.14388955026455147,0.11995714285715078,0.10398253968252284,0.09267777777777765,0.08423518518519167,0.06631583333333346
♠6 ♥4,0.0,0.0,0.0,0.00904977375565611,60000.0,0.4110999999999659,0.268575925925848,0.2002117063491919,0.16008042328040964,0.13462169312170374,0.11751924603172316,0.10539212962962843,0.09634074074074848,0.07687555555555554
♠6 ♥5,0.0,0.0,1.0,0.00904977375565611,60000.0,0.42847962962959457,0.2869185185184407,0.21664107142855052,0.17406428571425972,0.14635515873016602,0.12737261904759148,0.11373425925925837,0.10348333333334288,0.08302777777777781
♠6 ♥6,0.0,1.0,0.0,0.004524886877828055,60000.0,0.6401000000000541,0.4392333333332632,0.3219932539681785,0.2512167989417015,0.20707367724863845,0.17855575396824067,0.1593958333333244,0.1459574074074204,0.1312677777777777
♠7 ♠2,1.0,0.0,0.0,0.0030165912518853697,60000.0,0.4093481481481227,0.2649379629628842,0.2001664682539502,0.16327328042326483,0.139784920634927,0.12361607142854869,0.11172962962963043,0.1024907407407495,0.0847905555555555
♠7 ♠3,1.0,0.0,0.0,0.0030165912518853697,60000.0,0.42588518518515406,0.2812694444443643,0.21458035714283288,0.1758195767195513,0.15086759259259644,0.13363174603171987,0.12098472222222338,0.11119629629630584,0.09233111111111113
♠7 ♠4,1.0,0.0,0.0,0.0030165912518853697,60000.0,0.4466037037036696,0.3023745370369547,0.23388908730155444,0.19304947089943153,0.1663042328042312,0.14766170634918457,0.13395324074074133,0.1233833333333442,0.10297972222222204
♠7 ♠5,1.0,0.0,0.0,0.0030165912518853697,60000.0,0.461685185185153,0.3187370370369566,0.24946329365075598,0.2075706349205894,0.17993981481480792,0.16063353174601852,0.14643750000000086,0.13548888888890054,0.11362944444444407
♠7 ♠6,1.0,0.0,1.0,0.0030165912518853697,60000.0,0.47908518518515286,0.33762638888881086,0.26616865079360796,0.22167089947084442,0.19184404761903665,0.17087996031745215,0.15549120370370273,0.14370925925927186,0.12137611111111077
♠7 ♥2,0.0,0.0,0.0,0.00904977375565611,60000.0,0.37417407407405384,0.22395231481474143,0.1579138888889037,0.12121891534392219,0.09861044973545477,0.08369880952380154,0.0732685185185185,0.06556481481481947,0.04817222222222226
♠7 ♥3,0.0,0.0,0.0,0.00904977375565611,60000.0,0.3932333333332997,0.24306666666658858,0.17474920634920815,0.13560714285715017,0.11093505291006012,0.09435535714284358,0.08258796296296278,0.07382592592593179,0.056001944444444555
♠7 ♥4,0.0,0.0,0.0,0.00904977375565611,60000.0,0.4152740740740372,0.26590648148139895,0.19575515873014732,0.15453677248676354,0.12808267195768144,0.11008690476188376,0.0972046296296294,0.08753148148148918,0.0677044444444446
♠7 ♥5,0.0,0.0,0.0,0.00904977375565611,60000.0,0.43365925925922366,0.28539768518510156,0.21364027777775724,0.17044470899468547,0.142254761904771,0.12288333333330591,0.10894953703703607,0.09847407407408337,0.07688138888888903
♠7 ♥6,0.0,0.0,1.0,0.00904977375565611,60000.0,0.4494277777777417,0.30363009259251283,0.23085753968251205,0.185791931216896,0.1558227513227553,0.1350438492063163,0.12009166666666479,0.10892407407408425,0.08702694444444443
♠7 ♥7,0.0,1.0,0.0,0.004524886877828055,60000.0,0.66777037037045,0.47028981481474946,0.3490551587300954,0.27266097883586193,0.22334351851847078,0.19067936507936056,0.16839861111110027,0.15266851851853439,0.13650944444444435
♠8 ♠2,1.0,0.0,0.0,0.0030165912518853697,60000.0,0.42783333333331086,0.27683657407398865,0.2092910714285478,0.17081494708992415,0.14611335978836415,0.12896607142854644,0.1163111111111116,0.10649074074075024,0.08808777777777771
♠8 ♠3,1.0,0.0,0.0,0.0030165912518853697,60000.0,0.4356407407407116,0.2830865740739917,0.21427063492060927,0.17480753968251547,0.14948187830688273,0.13201924603172005,0.11926203703703732,0.10946296296297217,0.08968527777777767
♠8 ♠4,1.0,0.0,0.0,0.0030165912518853697,60000.0,0.4522481481481165,0.30084027777769473,0.23065694444441062,0.1893956349205989,0.16243121693121598,0.14361884920632603,0.12980138888888929,0.11919444444445508,0.09783027777777764
♠8 ♠5,1.0,0.0,0.0,0.0030165912518853697,60000.0,0.4686555555555221,0.31797777777769315,0.24666369047615175,0.20396309523805023,0.17570634920634406,0.15586726190474448,0.14124675925925903,0.1299870370370485,0.10766194444444425
♠8 ♠6,1.0,0.0,0.0,0.0030165912518853697,60000.0,0.48852037037033946,0.34073888888880144,0.26779484126979336,0.2227644179893593,0.1923849206349099,0.17080575396824565,0.154802777777777,0.14244259259260583,0.1188249999999997
♠8 ♠7,1.0,0.0,1.0,0.0030165912518853697,60000.0,0.5036370370370109,0.35787592592583894,0.283818452380905,0.23692592592585987,0.20474537037035676,0.1816845238095218,0.16457916666666533,0.15147777777779195,0.12815694444444414
♠8 ♥2,0.0,0.0,0.0,0.00904977375565611,60000.0,0.39722222222220005,0.23871018518510673,0.1683589285714324,0.12880780423281013,0.10395529100529803,0.0872230158730052,0.07534166666666631,0.06651111111111659,0.04921333333333337
♠8 ♥3,0.0,0.0,0.0,0.00904977375565611,60000.0,0.4006222222221894,0.2423837962962147,0.17218591269841496,0.13243214285715,0.10733544973545646,0.0904154761904643,0.07839537037037002,0.06945555555556132,0.05021666666666674
♠8 ♥4,0.0,0.0,0.0,0.00904977375565611,60000.0,0.4206333333333063,0.26293796296287825,0.19059880952379965,0.14850198412697882,0.12135132275133302,0.10277718253966332,0.08947037037036973,0.07953518518519263,0.05884305555555569
♠8 ♥5,0.0,0.0,0.0,0.00904977375565611,60000.0,0.43974629629626255,0.2838185185184342,0.21020297619045536,0.16637619047616942,0.13774603174604397,0.1180251984126719,0.10384907407407294,0.09325000000000917,0.07143250000000013
♠8 ♥6,0.0,0.0,0.0,0.00904977375565611,60000.0,0.458024074074037,0.3041893518517627,0.22934583333330408,0.18349338624335074,0.15288452380952763,0.131514484126952,0.11605277777777583,0.10448888888889903,0.0823825000000001
♠8 ♥7,0.0,0.0,1.0,0.00904977375565611,60000.0,0.4746740740740435,0.3238416666665824,0.2481476190475817,0.20041005291000577,0.16787275132274979,0.14484404761901912,0.12805787037036884,0.11546111111112299,0.09256194444444439
♠8 ♥8,0.0,1.0,0.0,0.004524886877828055,60000.0,0.6950444444445446,0.5030615740740005,0.3793509920634557,0.2980276455024742,0.2435597883597315,0.20637063492064425,0.18042824074072805,0.1618759259259449,0.14358388888888884
♠9 ♠2,1.0,0.0,0.0,0.0030165912518853697,60000.0,0.4503074074073835,0.2918583333332433,0.22090515873012592,0.18058187830684758,0.15454867724867805,0.13632083333330564,0.1227583333333345,0.11215555555556608,0.09282249999999989
♠9 ♠3,1.0,0.0,0.0,0.0030165912518853697,60000.0,0.45764814814812727,0.2980953703702817,0.22561746031742547,0.18388042328038767,0.15674523809523946,0.13775297619044805,0.12371620370370365,0.1128740740740846,0.0923577777777777
♠9 ♠4,1.0,0.0,0.0,0.0030165912518853697,60000.0,0.4623129629629417,0.3024180555554656,0.22950793650790066,0.18733240740737103,0.1598883597883611,0.14076785714283113,0.12675694444444455,0.11605185185186245,0.09450305555555537
♠9 ♠5,1.0,0.0,0.0,0.0030165912518853697,60000.0,0.4823499999999801,0.32348703703694337,0.24879761904757344,0.20454431216926452,0.175250132275129,0.15457539682537952,0.13926851851851807,0.12746666666667858,0.10508333333333303
♠9 ♠6,1.0,0.0,0.0,0.0030165912518853697,60000.0,0.49834999999998203,0.3426643518517632,0.26731031746026523,0.2215513227512651,0.19076679894179088,0.16883293650792572,0.1525250000000003,0.1399388888889023,0.1157213888888886
♠9 ♠7,1.0,0.0,0.0,0.0030165912518853697,60000.0,0.5137407407407243,0.36071157407397864,0.284360119047568,0.2366697089946404,0.20388320105819,0.18020257936507603,0.16247499999999893,0.14878148148149614,0.12461444444444408
♠9 ♠8,1.0,0.0,1.0,0.0030165912518853697,60000.0,0.5264907407407324,0.3776527777776842,0.301781150793612,0.25312142857135067,0.2189730158730014,0.193958134920641,0.17507499999999984,0.16042592592594246,0.1358580555555551
♠9 ♥2,0.0,0.0,0.0,0.00904977375565611,60000.0,0.41824629629627336,0.2524759259258429,0.1790329365079302,0.13780952380952696,0.1116354497354576,0.09374980158728753,0.08087824074074088,0.07122962962963611,0.052990555555555624
♠9 ♥3,0.0,0.0,0.0,0.00904977375565611,60000.0,0.423761111111082,0.25783333333324765,0.18347361111110164,0.1413250000000005,0.11447843915344784,0.09617519841268246,0.08307083333333302,0.07330740740741394,0.05374694444444453
♠9 ♥4,0.0,0.0,0.0,0.00904977375565611,60000.0,0.4317981481481166,0.26516851851843115,0.18991765873014582,0.1468678571428519,0.11928756613757587,0.10044246031744204,0.08695138888888869,0.07690740740741435,0.05567583333333353
♠9 ♥5,0.0,0.0,0.0,0.00904977375565611,60000.0,0.4498592592592352,0.28414398148139075,0.20751507936505525,0.1626771164020975,0.13342936507937722,0.11316805555553121,0.09849490740740643,0.08745185185186077,0.06423750000000017
♠9 ♥6,0.0,0.0,0.0,0.00904977375565611,60000.0,0.4682518518518209,0.30473657407398375,0.2265732142856807,0.1795342592592253,0.14821071428572058,0.12621150793647673,0.11016574074073936,0.09807962962964015,0.07498138888888897
♠9 ♥7,0.0,0.0,0.0,0.00904977375565611,60000.0,0.48620185185182957,0.32693148148138856,0.24831468253963787,0.19960436507931442,0.16646137566137384,0.14285892857139773,0.12552546296296085,0.11244814814816051,0.08800666666666666
♠9 ♥8,0.0,0.0,1.0,0.00904977375565611,60000.0,0.5008092592592396,0.34503796296286826,0.2662103174602629,0.2159392857142231,0.18089814814814326,0.1554795634920427,0.13655555555555293,0.1221462962963107,0.09725388888888888
♠9 ♥9,0.0,1.0,0.0,0.004524886877828055,60000.0,0.7239666666668161,0.5400115740739939,0.41543511904762187,0.32985370370347605,0.27027275132268197,0.22823571428574613,0.1981518518518365,0.17628148148150455,0.15505777777777782
♠10 ♠2,1.0,0.0,0.0,0.0030165912518853697,60000.0,0.47254259259258014,0.30643009259250087,0.23148690476185999,0.18918783068779213,0.16185992063492052,0.14263749999997502,0.12829305555555598,0.11710000000001113,0.09558027777777756
♠10 ♠3,1.0,0.0,0.0,0.0030165912518853697,60000.0,0.4789351851851665,0.31250740740731675,0.23687599206344662,0.1938064814814392,0.16588068783068743,0.14628115079362722,0.13174212962962992,0.12048148148149278,0.09809194444444416
♠10 ♠4,1.0,0.0,0.0,0.0030165912518853697,60000.0,0.48436296296294673,0.3177175925924979,0.24095992063487437,0.19689365079360804,0.16826111111110964,0.148228373015851,0.133466203703704,0.12213148148149285,0.0981288888888886
♠10 ♠5,1.0,0.0,0.0,0.0030165912518853697,60000.0,0.4938462962962791,0.3267254629628694,0.24931111111105964,0.20449391534386513,0.1751075396825359,0.15437400793648923,0.1389939814814811,0.1271407407407528,0.10174388888888852
♠10 ♠6,1.0,0.0,0.0,0.0030165912518853697,60000.0,0.5096481481481333,0.3454564814813871,0.2671251984126415,0.22059629629623648,0.18958955026454072,0.1675450396825293,0.15115925925925858,0.1385388888889021,0.1131958333333329
♠10 ♠7,1.0,0.0,0.0,0.0030165912518853697,60000.0,0.5242537037036957,0.36356666666656867,0.2847559523808952,0.23663730158723337,0.2038821428571313,0.18025079365079028,0.16252268518518512,0.1487944444444594,0.12245472222222166
♠10 ♠8,1.0,0.0,0.0,0.0030165912518853697,60000.0,0.5418666666666648,0.38505601851841986,0.3059535714285273,0.25634140211632356,0.22190753968252236,0.19677341269842108,0.17782638888888777,0.1631574074074237,0.13664666666666606
♠10 ♠9,1.0,0.0,1.0,0.0030165912518853697,60000.0,0.5558685185185243,0.40336620370359827,0.32488333333329916,0.27443002645493486,0.23858531746030304,0.21192658730160563,0.19156157407407412,0.1756777777777959,0.1478086111111109
♠10 ♥2,0.0,0.0,0.0,0.00904977375565611,60000.0,0.44028333333331265,0.26761064814805924,0.1909150793650608,0.14837156084655304,0.12150238095239016,0.1031402777777589,0.08990370370370324,0.07997222222222948,0.05866583333333352
♠10 ♥3,0.0,0.0,0.0,0.00904977375565611,60000.0,0.44946666666664714,0.2758712962962039,0.1976906746031519,0.1536706349206219,0.12553875661376607,0.10613412698410658,0.0920194444444443,0.08131851851852662,0.05870111111111132
♠10 ♥4,0.0,0.0,0.0,0.00904977375565611,60000.0,0.4611574074073862,0.28750740740731706,0.2078404761904466,0.16230648148146157,0.13293783068784293,0.11260595238092835,0.09783981481481384,0.08671481481482343,0.06234138888888916
♠10 ♥5,0.0,0.0,0.0,0.00904977375565611,60000.0,0.4686666666666407,0.2934740740739829,0.212633531746,0.16621005291002772,0.13615793650795002,0.11533809523806861,0.10026064814814717,0.08895925925926843,0.06346305555555584
♠10 ♥6,0.0,0.0,0.0,0.00904977375565611,60000.0,0.4822481481481342,0.31009722222212893,0.2285232142856732,0.1804177248676877,0.14865727513228177,0.1263652777777453,0.11008425925925759,0.09782037037038115,0.07261194444444456
♠10 ♥7,0.0,0.0,0.0,0.00904977375565611,60000.0,0.5005277777777641,0.3324736111110144,0.2506499999999479,0.20105899470894356,0.16758240740740696,0.1436797619047313,0.125990277777776,0.11252407407408689,0.08645277777777767
♠10 ♥8,0.0,0.0,0.0,0.00904977375565611,60000.0,0.51725555555555,0.3533388888887861,0.27164722222215915,0.2208716931216271,0.18587962962962298,0.1605422619047446,0.1416351851851828,0.12718333333334783,0.10032972222222192
♠10 ♥9,0.0,0.0,1.0,0.00904977375565611,60000.0,0.5337333333333316,0.3747578703702659,0.2935730158729634,0.24156322751314813,0.2047022486772379,0.1773724206349188,0.15660324074073878,0.1405444444444613,0.11304527777777748
♠10 ♥10,0.0,1.0,0.0,0.004524886877828055,60000.0,0.7525425925927962,0.5785624999999549,0.4550325396825983,0.36654259259231536,0.30259510582007626,0.2559400793651367,0.2215268518518389,0.19581851851854712,0.17024888888888903
♠J ♠2,1.0,0.0,0.0,0.0030165912518853697,60000.0,0.4954944444444326,0.3224458333332381,0.24322202380946903,0.19876309523804767,0.17021203703703447,0.150180158730139,0.13525000000000068,0.1236277777777897,0.1026766666666665
♠J ♠3,1.0,0.0,0.0,0.0030165912518853697,60000.0,0.50491481481481,0.331681481481383,0.2510668650793065,0.20527156084650897,0.17560410052909647,0.15466269841268052,0.13899768518518585,0.12678518518519766,0.10414138888888856
♠J ♠4,1.0,0.0,0.0,0.0030165912518853697,60000.0,0.5129962962962937,0.33995879629619985,0.25853234126977936,0.21164695767190111,0.18097685185184498,0.15924642857141355,0.14299583333333385,0.13035000000001332,0.10553833333333305
♠J ♠5,1.0,0.0,0.0,0.0030165912518853697,60000.0,0.5225018518518508,0.34873564814804764,0.26570555555549086,0.21739642857136846,0.18562314814814104,0.1630982142857011,0.14631805555555485,0.13335555555556902,0.10725972222222198
♠J ♠6,1.0,0.0,0.0,0.0030165912518853697,60000.0,0.5273314814814828,0.3536624999998979,0.2702507936507277,0.22146772486766006,0.1892698412698322,0.16641944444443352,0.14939953703703646,0.13624629629631008,0.11015444444444411
♠J ♠7,1.0,0.0,0.0,0.0030165912518853697,60000.0,0.5411185185185268,0.37017731481470956,0.28596805555549293,0.23547407407400148,0.20147182539681385,0.17699265873015527,0.1585879629629631,0.14428703703705234,0.11859249999999949
♠J ♠8,1.0,0.0,0.0,0.0030165912518853697,60000.0,0.5546722222222349,0.3884388888887824,0.3044446428570863,0.2526355820104967,0.21692764550263036,0.19077777777778293,0.17090416666666589,0.15539814814816533,0.1291469444444442
♠J ♠9,1.0,0.0,0.0,0.0030165912518853697,60000.0,0.5754611111111329,0.41477361111100114,0.3314692460317054,0.27868531746021724,0.24149100529098952,0.21380376984128907,0.19252083333333359,0.1757759259259451,0.14785472222222198
♠J ♠10,1.0,0.0,1.0,0.0030165912518853697,60000.0,0.5905648148148404,0.43640833333321766,0.35547956349203774,0.303125529100405,0.26544047619045813,0.2368821428571757,0.21463194444444564,0.19696666666668758,0.1673427777777779
♠J ♥2,0.0,0.0,0.0,0.00904977375565611,60000.0,0.46523148148147153,0.2843495370369446,0.2027908730158399,0.15769457671955955,0.12915608465609427,0.10943650793648523,0.09498564814814828,0.08394444444445344,0.061988888888889086
♠J ♥3,0.0,0.0,0.0,0.00904977375565611,60000.0,0.4749740740740605,0.29410092592583076,0.21110654761901212,0.1644267195766948,0.1345534391534501,0.11379484126981618,0.09854537037036964,0.08689074074075011,0.06359111111111138
♠J ♥4,0.0,0.0,0.0,0.00904977375565611,60000.0,0.48462222222221335,0.30372453703694147,0.21943154761900766,0.17147817460314357,0.1405583333333437,0.11902599206346456,0.10325601851851789,0.09128148148149129,0.06653416666666698
♠J ♥5,0.0,0.0,0.0,0.00904977375565611,60000.0,0.4964796296296259,0.31432962962953254,0.2282799603174131,0.1788013227512866,0.14662023809524607,0.12407480158727095,0.10749907407407254,0.09487777777778841,0.06881583333333363
♠J ♥6,0.0,0.0,0.0,0.00904977375565611,60000.0,0.49821666666665876,0.31710231481471873,0.2310664682539204,0.18111693121689112,0.14840462962963621,0.12542519841266633,0.10854074074073997,0.09571851851852976,0.06966722222222249
♠J ♥7,0.0,0.0,0.0,0.00904977375565611,60000.0,0.515837037037036,0.33776527777767623,0.25066309523803504,0.1987189153438615,0.1639738095238095,0.13918928571425054,0.12079583333333102,0.10675370370371669,0.08007611111111115
♠J ♥8,0.0,0.0,0.0,0.00904977375565611,60000.0,0.5324814814814867,0.3594263888887841,0.2727257936507229,0.21957447089940277,0.18316018518517857,0.1566855158729965,0.1367509259259244,0.12137777777779299,0.09372861111111096
♠J ♥9,0.0,0.0,0.0,0.00904977375565611,60000.0,0.5481425925926056,0.38018379629618826,0.29442599206343145,0.24064166666658418,0.2030281746031661,0.17524166666666263,0.15407916666666607,0.13762222222223966,0.10929055555555524
♠J ♥10,0.0,0.0,1.0,0.00904977375565611,60000.0,0.5684481481481707,0.4075305555554383,0.3236460317459921,0.2695527777776816,0.2307108465608323,0.2013876984127131,0.17868287037036984,0.16082037037039004,0.13073888888888838
♠J ♥J,0.0,1.0,0.0,0.004524886877828055,60000.0,0.7773500000002608,0.6149143518518602,0.4951726190477343,0.4060960317457097,0.33926362433864676,0.28869226190480585,0.2500810185185098,0.22030740740744242,0.1915722222222226
♠Q ♠2,1.0,0.0,0.0,0.0030165912518853697,60000.0,0.5223203703703758,0.34403425925915804,0.26029226190469484,0.21306865079359122,0.18265939153438576,0.1612192460317334,0.145160185185186,0.1326277777777909,0.11059083333333317
♠Q ♠3,1.0,0.0,0.0,0.0030165912518853697,60000.0,0.5299203703703812,0.35125925925916124,0.26626646825389655,0.21798465608459364,0.1868249999999932,0.16484880952379738,0.14836898148148303,0.13545925925927313,0.11216944444444411
♠Q ♠4,1.0,0.0,0.0,0.0030165912518853697,60000.0,0.5414481481481628,0.36228009259248634,0.275124007936437,0.22470066137559347,0.19173928571427606,0.16834999999999165,0.15078796296296423,0.13705185185186647,0.11144666666666649
♠Q ♠5,1.0,0.0,0.0,0.0030165912518853697,60000.0,0.5490666666666763,0.37023564814803883,0.28238055555548225,0.2311527777777042,0.1974539682539576,0.1734136904761854,0.15528981481481557,0.14108148148149696,0.11420083333333281
♠Q ♠6,1.0,0.0,0.0,0.0030165912518853697,60000.0,0.5563222222222384,0.3784087962961877,0.2901307539681846,0.23806322751314934,0.20352632275131194,0.17882043650793425,0.16022685185185237,0.14570555555557124,0.11809638888888845
♠Q ♠7,1.0,0.0,0.0,0.0030165912518853697,60000.0,0.5577055555555779,0.3795555555554504,0.290699801587231,0.23810701058193132,0.20312314814813678,0.17807440476189934,0.15926527777777819,0.1446537037037197,0.1180958333333328
♠Q ♠8,1.0,0.0,0.0,0.0030165912518853697,60000.0,0.575266666666708,0.40203379629618563,0.31332738095231893,0.2592730158729222,0.2223675925925788,0.1953500000000089,0.1746763888888904,0.15836481481483344,0.13112861111111057
♠Q ♠9,1.0,0.0,0.0,0.0030165912518853697,60000.0,0.5920259259259725,0.4238643518517377,0.33577757936502955,0.28064722222211347,0.2421063492063362,0.21338630952382928,0.19116620370370455,0.1735555555555757,0.144748333333333
♠Q ♠10,1.0,0.0,0.0,0.0030165912518853697,60000.0,0.6076833333333861,0.4467592592591403,0.36126269841266945,0.3065982804231485,0.26757314814813554,0.23797678571432027,0.21475648148148424,0.1961555555555776,0.1663708333333336
♠Q ♠J,1.0,0.0,1.0,0.0030165912518853697,60000.0,0.613194444444516,0.454062037036915,0.3690533730158498,0.31416071428557507,0.27445555555554774,0.24392222222226356,0.21965972222222693,0.20001666666669024,0.17043888888888925
♠Q ♥2,0.0,0.0,0.0,0.00904977375565611,60000.0,0.4949851851851858,0.3076097222221231,0.22023075396820674,0.17135410052906772,0.14013650793651755,0.11831805555552721,0.10213888888888827,0.08966666666667689,0.06748583333333352
♠Q ♥3,0.0,0.0,0.0,0.00904977375565611,60000.0,0.5042962962962991,0.3162749999998967,0.22724325396820355,0.17700899470895837,0.14486534391535055,0.12246626984124005,0.1059300925925924,0.09321666666667767,0.06938527777777795
♠Q ♥4,0.0,0.0,0.0,0.00904977375565611,60000.0,0.5124055555555636,0.3253912037036031,0.23592202380946767,0.18472962962958442,0.15152566137566528,0.12815059523806233,0.11079074074074018,0.0974166666666785,0.07172527777777794
♠Q ♥5,0.0,0.0,0.0,0.00904977375565611,60000.0,0.5242425925925998,0.3363310185184171,0.24496309523803256,0.19232301587296416,0.15817341269841445,0.13423650793647202,0.11659444444444249,0.10314629629630828,0.07589500000000014
♠Q ♥6,0.0,0.0,0.0,0.00904977375565611,60000.0,0.5302092592592679,0.343325462962855,0.25132976190469763,0.197485582010527,0.1620507936507931,0.13695595238091499,0.11832407407407226,0.10402777777779068,0.07669833333333344
♠Q ♥7,0.0,0.0,0.0,0.00904977375565611,60000.0,0.5356851851852004,0.3492717592591507,0.2567335317459629,0.2022005291004691,0.16613068783068705,0.14050634920631377,0.12146342592592455,0.10687037037038384,0.07925027777777789
♠Q ♥8,0.0,0.0,0.0,0.00904977375565611,60000.0,0.5534574074074301,0.3714902777776654,0.27888253968246185,0.2228063492062726,0.18477182539682066,0.15715059523807628,0.1362342592592598,0.11994259259260917,0.09218999999999984
♠Q ♥9,0.0,0.0,0.0,0.00904977375565611,60000.0,0.5685722222222643,0.3918300925924803,0.30025654761898357,0.24363849206340402,0.20453320105818956,0.1757674603174574,0.15380324074074114,0.13660000000001804,0.10867388888888872
♠Q ♥10,0.0,0.0,0.0,0.00904977375565611,60000.0,0.5859370370370846,0.41703148148136066,0.3281712301586859,0.2717892857141831,0.23180277777776556,0.20171289682541513,0.17833750000000137,0.1598222222222431,0.13010055555555497
♠Q ♥J,0.0,0.0,1.0,0.00904977375565611,60000.0,0.5912296296296837,0.4246662037035742,0.33677797619043304,0.28046507936496473,0.23990158730158043,0.2088293650793883,0.18425000000000305,0.1644462962963187,0.13513166666666626
♠Q ♥Q,0.0,1.0,0.0,0.004524886877828055,60000.0,0.8025870370373795,0.653729166666745,0.5400817460319227,0.4523988095234611,0.38413187830697165,0.3305581349206049,0.28821712962963025,0.25453703703707886,0.22337333333333376
♠K ♠2,1.0,0.0,0.0,0.0030165912518853697,60000.0,0.5516185185185373,0.36883611111100173,0.2801597222221401,0.22985727513220072,0.19741706349205357,0.174398412698407,0.15695092592592724,0.14312962962964454,0.11905055555555527
♠K ♠3,1.0,0.0,0.0,0.0030165912518853697,60000.0,0.5626111111111439,0.3800847222221202,0.2899059523808741,0.23804179894171967,0.2043392857142741,0.18038789682539355,0.1622726851851871,0.14796851851853443,0.12269749999999963
♠K ♠4,1.0,0.0,0.0,0.0030165912518853697,60000.0,0.5694944444444755,0.3872624999998993,0.29601428571420985,0.24302063492055156,0.20842248677247496,0.18382063492063488,0.16524953703703826,0.15064074074075667,0.12370472222222186
♠K ♠5,1.0,0.0,0.0,0.0030165912518853697,60000.0,0.5794592592593046,0.3972680555554482,0.30485753968246626,0.2506665343914463,0.21502751322749827,0.18958472222222494,0.17036666666666692,0.15527407407409063,0.12716499999999956
♠K ♠6,1.0,0.0,0.0,0.0030165912518853697,60000.0,0.5828222222222674,0.4009601851850783,0.3078378968253226,0.25275423280414033,0.216283201058187,0.19012698412698828,0.1703166666666678,0.15474074074075822,0.12689666666666624
♠K ♠7,1.0,0.0,0.0,0.0030165912518853697,60000.0,0.5925611111111669,0.41151249999989176,0.3172331349205667,0.26068214285704727,0.22291362433860754,0.19574126984127846,0.17519583333333358,0.15912407407409193,0.1311927777777771
♠K ♠8,1.0,0.0,0.0,0.0030165912518853697,60000.0,0.5973592592593204,0.41799305555544475,0.32408174603167916,0.2673575396824387,0.22915793650792116,0.20144841269842476,0.18033194444444545,0.1636925925926113,0.1361949999999994
♠K ♠9,1.0,0.0,0.0,0.0030165912518853697,60000.0,0.613340740740814,0.4387291666665559,0.3453206349205781,0.2875531746030522,0.24783994708993048,0.2185476190476412,0.1959407407407436,0.1779611111111322,0.15003305555555546
♠K ♠10,1.0,0.0,0.0,0.0030165912518853697,60000.0,0.6302240740741645,0.46304768518506895,0.3722180555555181,0.31479391534377027,0.2744072751322611,0.24401031746035753,0.22017453703704087,0.2010055555555787,0.17070083333333363
♠K ♠J,1.0,0.0,0.0,0.0030165912518853697,60000.0,0.6364314814815809,0.47217037037024434,0.38219285714282963,0.32449603174587693,0.2832411375661355,0.25169920634925186,0.22662222222222853,0.20620925925928396,0.17657777777777814
♠K ♠Q,1.0,0.0,1.0,0.0030165912518853697,60000.0,0.6429462962964089,0.4811541666665383,0.3923382936507681,0.33503862433845866,0.29363452380953575,0.26156607142862326,0.23572453703704624,0.21443703703706382,0.18467111111111176
♠K ♥2,0.0,0.0,0.0,0.00904977375565611,60000.0,0.5246388888889082,0.3322717592591554,0.23987777777771566,0.18798690476185845,0.15489960317460422,0.13173769841266547,0.11444074074074087,0.10094444444445631,0.07763222222222224
♠K ♥3,0.0,0.0,0.0,0.00904977375565611,60000.0,0.5345722222222424,0.34212824074063675,0.24807142857136014,0.1945006613756056,0.16001626984126932,0.1357694444444078,0.11766250000000036,0.1035870370370502,0.07841361111111114
♠K ♥4,0.0,0.0,0.0,0.00904977375565611,60000.0,0.5429555555555821,0.3508814814813725,0.2556837301586567,0.20093121693115462,0.16549087301587134,0.14051884920631602,0.12187870370370361,0.10741481481482834,0.08021166666666671
♠K ♥5,0.0,0.0,0.0,0.00904977375565611,60000.0,0.5522629629629888,0.36007129629618556,0.2635702380951608,0.20757169312162665,0.17108134920634566,0.14524801587298633,0.1259023148148146,0.11085555555557003,0.08235166666666674
♠K ♥6,0.0,0.0,0.0,0.00904977375565611,60000.0,0.5609370370370785,0.3694314814813715,0.27175317460309156,0.21428677248670142,0.17651111111110615,0.14966646825394,0.12955555555555484,0.11393333333334844,0.08464555555555549
♠K ♥7,0.0,0.0,0.0,0.00904977375565611,60000.0,0.5686314814815275,0.37820138888877625,0.2798674603173778,0.22129920634912537,0.1823747354497271,0.15448888888886794,0.13350370370370276,0.11718518518520091,0.08797333333333317
♠K ♥8,0.0,0.0,0.0,0.00904977375565611,60000.0,0.5749925925926404,0.38609212962951384,0.28776805555547247,0.22872222222213817,0.18916891534390656,0.1606353174602998,0.13903518518518534,0.12214074074075783,0.09321749999999984
♠K ♥9,0.0,0.0,0.0,0.00904977375565611,60000.0,0.5916166666667343,0.40817453703692247,0.3108023809523093,0.2510359788358793,0.21013849206347995,0.18007638888888838,0.15698333333333422,0.1387574074074267,0.1094749999999998
♠K ♥10,0.0,0.0,0.0,0.00904977375565611,60000.0,0.6108722222223028,0.43518333333321463,0.3400172619047082,0.2800017195765992,0.23789060846559593,0.206292857142878,0.18160324074074427,0.1618203703703926,0.13068222222222167
♠K ♥J,0.0,0.0,0.0,0.00904977375565611,60000.0,0.614842592592676,0.44162083333321045,0.34770595238090213,0.2881399470898179,0.2459125661375577,0.21382797619050187,0.18844953703704154,0.16790000000002347,0.13810666666666632
♠K ♥Q,0.0,0.0,1.0,0.00904977375565611,60000.0,0.6262166666667746,0.457397222222087,0.3652428571428213,0.3060382275130783,0.26337698412698174,0.23039265873019862,0.20383750000000875,0.18196666666669306,0.15095111111111112
♠K ♥K,0.0,1.0,0.0,0.004524886877828055,60000.0,0.826837037037438,0.6922634259260773,0.5861706349207056,0.5015292328038736,0.43332949735464743,0.37792023809513775,0.3325884259259399,0.29528148148149314,0.260740555555556
♠A ♠2,1.0,0.0,0.0,0.0030165912518853697,60000.0,0.593290740740803,0.4095236111110051,0.3155001984126175,0.2608531746030784,0.22518280423279174,0.19962123015873903,0.18003564814815207,0.1643444444444625,0.13703222222222192
♠A ♠3,1.0,0.0,0.0,0.0030165912518853697,60000.0,0.6007203703704352,0.41777731481471103,0.3228928571427774,0.2672031746030732,0.23069986772485362,0.20456646825397964,0.18463055555555885,0.16877037037038858,0.1398705555555552
♠A ♠4,1.0,0.0,0.0,0.0030165912518853697,60000.0,0.6106203703704391,0.428710185185078,0.3328113095237332,0.2757719576718475,0.23803730158728625,0.21088115079366795,0.1901013888888929,0.17350925925927863,0.14353527777777766
♠A ♠5,1.0,0.0,0.0,0.0030165912518853697,60000.0,0.6174703703704535,0.43551342592581715,0.3383749999999277,0.28010052910041494,0.24133611111109576,0.21337480158731995,0.19198472222222668,0.1749296296296497,0.14251527777777737
♠A ♠6,1.0,0.0,0.0,0.0030165912518853697,60000.0,0.61745740740749,0.432839814814709,0.3336720238094497,0.2743005291004218,0.23515529100527158,0.20726150793652087,0.18618518518518765,0.1695722222222411,0.13875944444444388
♠A ♠7,1.0,0.0,0.0,0.0030165912518853697,60000.0,0.6254222222223124,0.44312499999989285,0.3439718253967588,0.28374232804220534,0.2434830687830499,0.21450575396827298,0.19251203703703887,0.17519074074076071,0.14452749999999973
♠A ♠8,1.0,0.0,0.0,0.0030165912518853697,60000.0,0.6340537037037974,0.45354074074063544,0.3540353174602559,0.2928809523808177,0.25162420634918437,0.22171706349208767,0.19888703703703953,0.18081851851853972,0.14973083333333298
♠A ♠9,1.0,0.0,0.0,0.0030165912518853697,60000.0,0.6402370370371412,0.4619162037035951,0.3626107142856541,0.3008251322749863,0.2586009259259088,0.22761845238098005,0.20372129629630095,0.18464814814817054,0.15381250000000007
♠A ♠10,1.0,0.0,0.0,0.0030165912518853697,60000.0,0.6573203703704921,0.48524953703692086,0.38783571428567437,0.326090343915175,0.2831261904761811,0.2510986111111559,0.2260666666666722,0.20587962962965417,0.17397166666666705
♠A ♠J,1.0,0.0,0.0,0.0030165912518853697,60000.0,0.6638981481482912,0.4945837962961816,0.3977359126983809,0.3354576719574933,0.291448148148151,0.25815873015878,0.23180925925926696,0.21033703703706377,0.17919555555555602
♠A ♠Q,1.0,0.0,0.0,0.0030165912518853697,60000.0,0.6715851851853326,0.5064481481480284,0.41174722222219456,0.350417195767007,0.3066263227513385,0.27310119047624765,0.24623657407408442,0.22408333333336125,0.19349472222222266
♠A ♠K,1.0,0.0,1.0,0.0030165912518853697,60000.0,0.6780500000001575,0.5168583333332073,0.42451051587299826,0.36445489417969656,0.32115264550268,0.28754543650797576,0.26019166666668214,0.23727407407410372,0.20786388888888954
♠A ♥2,0.0,0.0,0.0,0.00904977375565611,60000.0,0.5692388888889369,0.3753203703702635,0.27668730158721366,0.2198066137565346,0.18302552910052225,0.15694900793648955,0.13719166666666893,0.12154074074075691,0.09340305555555542
♠A ♥3,0.0,0.0,0.0,0.00904977375565611,60000.0,0.5783111111111727,0.3844870370369308,0.2842765873015,0.2257612433861605,0.18767566137565506,0.1606684523809344,0.1402833333333352,0.1242111111111278,0.09562749999999985
♠A ♥4,0.0,0.0,0.0,0.00904977375565611,60000.0,0.5870351851852513,0.394955092592483,0.29443214285706,0.23517486772477747,0.19635502645501657,0.16868948412697518,0.14771157407407604,0.13109259259261005,0.09952333333333296
♠A ♥5,0.0,0.0,0.0,0.00904977375565611,60000.0,0.5957814814815573,0.40353703703692734,0.30117123015864883,0.24007050264540866,0.1997048941798827,0.17082162698411973,0.14892546296296472,0.1316407407407588,0.09976361111111083
♠A ♥6,0.0,0.0,0.0,0.00904977375565611,60000.0,0.5958481481482197,0.4016212962961903,0.2979920634919774,0.23630886243377003,0.19578108465607355,0.16698392857141628,0.14532870370370396,0.12839444444446152,0.09702277777777744
♠A ♥7,0.0,0.0,0.0,0.00904977375565611,60000.0,0.6038481481482355,0.41088379629618693,0.3061992063491263,0.24280277777767814,0.2005350529100423,0.1701994047618941,0.1472597222222234,0.12927037037038913,0.09790638888888863
♠A ♥8,0.0,0.0,0.0,0.00904977375565611,60000.0,0.6125981481482409,0.42161481481470026,0.3168011904761152,0.2527243386242306,0.20965462962961431,0.17849365079364948,0.1547379629629643,0.13597222222224242,0.10483277777777747
♠A ♥9,0.0,0.0,0.0,0.00904977375565611,60000.0,0.6207759259260294,0.43223379629617664,0.3277204365078647,0.2631670634919482,0.21939880952379492,0.18753194444445134,0.16313935185185321,0.1438314814815024,0.11216861111111082
♠A ♥10,0.0,0.0,0.0,0.00904977375565611,60000.0,0.6360444444445615,0.45464120370358524,0.3525746031745453,0.2882775132273753,0.24379695767194356,0.21081051587303912,0.18516018518518923,0.16458888888891277,0.13221249999999954
♠A ♥J,0.0,0.0,0.0,0.00904977375565611,60000.0,0.6462555555556918,0.46896574074061864,0.36836408730154085,0.3042216931215372,0.25920634920633767,0.2253240079365428,0.1985981481481558,0.1768722222222482,0.14458472222222202
♠A ♥Q,0.0,0.0,0.0,0.00904977375565611,60000.0,0.6553574074075578,0.4820078703702448,0.382959523809484,0.31910476190458925,0.2736453703703646,0.23885952380956624,0.21093564814815954,0.187827777777806,0.1554077777777779
♠A ♥K,0.0,0.0,1.0,0.00904977375565611,60000.0,0.661564814814976,0.49216712962949744,0.39565555555551946,0.33325952380934243,0.2884386243386358,0.2537059523810053,0.2254388888889034,0.20174814814817785,0.1707547222222225
♠A ♥A,0.0,1.0,0.0,0.004524886877828055,60000.0,0.854638888889352,0.7375796296298713,0.64169206349201,0.5620788359785003,0.4952829365081563,0.43879365079346916,0.39073611111114503,0.3496740740740043,0.3117405555555555
