N,NMaxBet,NRcall,NRfold,NRraise,N_effective,Nallin,Ncall,Nfold,Nnf,Nraise,Nsim,action,aggresiveness,amount,bet,bet_sum,blind_level,board,board_aces,board_conn,board_conn_rank,board_faces,board_kind,board_kind_rank,board_rank1,board_rank2,board_suit,board_suit_rank,cards_aces,cards_category,cards_conn,cards_conn2,cards_faces,cards_pair,cards_rank1,cards_rank2,cards_rank_sum,cards_suit,chips,cost_to_call,cputime,first,forced_bet,game_N,game_id,game_phase,hand_score0,hand_score1,hand_score2,hole,logic,maxBet,minBet,op_chips_max,op_chips_min,op_resp,play,position,position_feature,pot,pot_sum,prWin,prWinStd,prWin_adj,prWin_delta,prev_action,prev_prWin,resp,roundName,round_id,self_Ncall,self_Nraise,smallBlind,tableNumber,thd_call,tight,tightness
9,1,0,0,0,9,0,0,0,9,0,60000.0,allin,0.75,0,0,30,1,,,,,,,,,,,,1,1,0,0,1,1,14,14,28,0,3000,20,0.2270820140838623,False,0,9,20180802171830331,Early,1,14,0,AC AH,michael4,20,20,3000,2980,none,allin,1,E,0,0,0.3496740740740043,0.4768669793501035,0.4583997453658278,0,none,,"[0, 0, 0.2, 'raise']",Deal,1,0,0,10,51,0.4,True,-0.2279999999999997
7,3,2,3,0,7,0,2,3,4,0,60000.0,check,0.75,0,10,70,1,,,,,,,,,,,,1,7,0,0,0,0,14,2,16,0,9000,10,0.22708511352539062,False,10,9,20180802171830331,Early,0,14,2,AC 2D,michael4,20,10,2980,2970,any_called,trash,SB,B,0,0,0.15694900793648955,0.3637526863739171,0.15913152405473294,0,none,,"[0, 1, 0, 0]",Deal,2,0,0,10,51,0.0,True,-0.005999999999999672
7,0,0,0,0,4,0,0,0,4,0,78,check,0.75,0,0,0,1,TC 9H 2S,0,2,10,1,1,10,10,2,1,10,1,7,0,0,0,0,14,2,16,0,8990,0,0.26668405532836914,True,0,9,20180802171830331,Early,1,2,14,AC 2D,michael4,0,20,2980,2970,none,ml_fold,SB,B,20,80,0.19230769230769232,0.3941134909984461,0.46503422807861716,0.035358684371202764,none,0.15694900793648955,"[0, 1, 0, 0]",Flop,2,0,0,10,51,0.0,True,-0.6920000000000004
7,2,2,0,1,4,0,3,0,4,1,412,check,0.75,0,0,40,1,TC 9H 2S,0,2,10,1,1,10,10,2,1,10,1,7,0,0,0,0,14,2,16,0,8990,20,0.2939789295196533,False,0,9,20180802171830331,Early,1,2,14,AC 2D,michael4,20,20,2980,2950,any_raised,ml_fold,SB,B,20,80,0.20266990291262135,0.39513750558187505,0.48084599589636634,0.0457208949761318,check/call,0.15694900793648955,"[0, 1, 0, 0]",Flop,2,1,0,10,51,0.14285714285714285,True,-0.6920000000000004
7,0,0,0,0,4,0,0,0,3,0,91,check,0.75,0,0,0,1,TC 9H 2S 6H,0,2,10,1,1,10,10,2,2,9,1,7,0,0,0,0,14,2,16,0,8970,0,0.27593398094177246,True,0,9,20180802171830331,Early,1,2,14,AC 2D,michael4,0,20,2960,2950,none,ml_call,SB,B,40,140,0.16483516483516483,0.3710317146403106,0.43527975096692084,-0.03783473807745652,none,0.20266990291262135,"[0, 1, 0, 0]",Turn,2,0,0,10,51,0.0,True,-0.7288988392648138
7,2,1,0,1,4,0,2,0,3,1,409,check,0.75,0,0,40,1,TC 9H 2S 6H,0,2,10,1,1,10,10,2,2,9,1,7,0,0,0,0,14,2,16,0,8970,20,0.28093791007995605,False,0,9,20180802171830331,Early,1,2,14,AC 2D,michael4,20,20,2940,2930,any_raised,ml_call,SB,B,40,140,0.1980440097799511,0.39852550730189124,0.48852878946972067,-0.004625893132670256,check/call,0.20266990291262135,"[0, 1, 0, 0]",Turn,2,1,0,10,51,0.1,True,-0.7288988392648138
7,0,0,0,0,4,0,0,0,3,0,150,check,0.75,0,0,0,1,TC 9H 2S 6H KD,0,2,10,2,1,13,13,2,2,9,1,7,0,0,0,0,14,2,16,0,8950,0,0.281574010848999,True,0,9,20180802171830331,Early,1,2,14,AC 2D,michael4,0,20,2940,2930,none,ml_call,SB,B,60,200,0.02666666666666667,0.16110727964792765,0.15168345880112538,-0.17137734311328442,none,0.1980440097799511,"[0, 1, 0, 0]",River,2,0,0,10,51,0.0,True,-0.7759847500849216
7,1,0,1,1,4,0,1,1,2,1,462,fold,0.75,0,0,20,1,TC 9H 2S 6H KD,0,2,10,2,1,13,13,2,2,9,1,7,0,0,0,0,14,2,16,0,8950,20,0.2811121940612793,False,0,9,20180802171830331,Early,1,2,14,AC 2D,michael4,20,20,2920,2920,any_raised,fold,SB,B,60,200,0.06601731601731602,0.24502174062684565,0.258703923563721,-0.1320266937626351,check/call,0.1980440097799511,"[1, 0, 0, 0]",River,2,1,0,10,51,0.08333333333333333,True,-0.7759847500849216
7,2,2,1,1,7,0,2,1,6,1,60000.0,fold,0.75,0,0,4090,1,,,,,,,,,,,,1,6,0,0,0,0,14,9,23,1,8950,2020,0.22847723960876465,False,0,9,20180802171830331,Early,0,14,9,AS 9S,michael4,2020,2020,3120,910,any_raised,ml_fold,D,L,0,0,0.22761845238098005,0.4192949946239134,0.22929563235947556,0,none,,"[1, 0, 0, 0]",Deal,3,0,0,10,51,0.33060556464811786,True,-0.0039999999999996705
6,2,1,1,0,6,0,1,1,5,0,60000.0,check,0.75,0,0,50,1,,,,,,,,,,,,0,9,0,1,0,0,6,4,10,0,8950,20,0.21886014938354492,False,0,9,20180802171830331,Early,0,6,4,6S 4H,michael4,20,20,3100,2970,any_called,trash,3,L,0,0,0.13462169312170374,0.34131904849092376,0.09775923588468387,0,none,,"[0, 1, 0, 0]",Deal,4,0,0,10,51,0.2857142857142857,True,0.10800000000000032
6,1,0,0,2,4,0,0,0,4,2,356,fold,0.75,0,0,60,1,9S TC KD,0,2,10,2,1,13,13,9,1,10,0,9,0,1,0,0,6,4,10,0,8930,40,0.2749359607696533,False,0,9,20180802171830331,Early,0,13,10,6S 4H,michael4,40,40,3080,2940,any_raised,fold,3,L,20,90,0.023174157303370788,0.11697633970703716,0.12789178264258852,-0.11144753581833296,none,0.13462169312170374,"[1, 0, 0, 0]",Flop,4,0,0,10,51,0.21052631578947367,True,-0.6960000000000004
6,1,0,1,0,6,0,0,1,5,0,60000.0,bet,0.75,3044,0,30,1,,,,,,,,,,,,1,6,0,0,0,0,14,9,23,1,8930,20,0.23909902572631836,False,0,9,20180802171830331,Early,0,14,9,9H AH,michael4,20,20,5312,728,all_folded,ml_raise,2,E,0,0,0.2586009259259088,0.4378658322319423,0.21043568438039498,0,none,,"[0, 0, 1, 3044]",Deal,5,0,0,10,51,0.4,True,0.11000000000000032
6,1,0,0,0,6,0,0,0,6,0,60000.0,check,0.75,0,0,30,1,,,,,,,,,,,,0,9,0,0,0,0,13,2,15,0,5960,20,0.24311399459838867,False,0,9,20180802171830331,Early,0,13,2,KH 2D,michael4,20,20,5970,728,none,trash,1,E,0,0,0.15489960317460422,0.3618089497386077,0.11437700080388004,0,none,,"[0, 1, 0, 0]",Deal,6,0,0,10,51,0.4,True,0.11200000000000032
6,0,1,0,0,4,0,1,0,4,0,342,check,0.75,0,0,0,1,3S 2C 5D,0,2,3,0,1,5,5,2,1,2,0,9,0,0,0,0,13,2,15,0,5940,0,0.2900519371032715,True,0,9,20180802171830331,Early,1,2,13,KH 2D,michael4,0,20,5292,708,any_called,ml_fold,1,E,20,100,0.18859649122807018,0.38837465451338393,0.46242791531051564,0.03369688805346596,none,0.15489960317460422,"[0, 1, 0, 0]",Flop,6,0,0,10,51,0.0,True,-0.7000000000000004
6,1,2,1,1,4,0,3,1,3,1,699,check,0.75,0,0,20,1,3S 2C 5D,0,2,3,0,1,5,5,2,1,2,0,9,0,0,0,0,13,2,15,0,5940,20,0.27739596366882324,False,0,9,20180802171830331,Early,1,2,13,KH 2D,michael4,20,20,3010,708,any_raised,ml_fold,1,E,20,100,0.18919885550786839,0.3858011958839309,0.4633654067233054,0.03429925233326417,check/call,0.15489960317460422,"[0, 1, 0, 0]",Flop,6,1,0,10,51,0.14285714285714285,True,-0.7000000000000004
6,0,0,0,0,4,0,0,0,2,0,80,check,0.75,0,0,0,1,3S 2C 5D QD,0,2,3,1,1,12,12,2,2,12,0,9,0,0,0,0,13,2,15,0,5920,0,0.3083651065826416,True,0,9,20180802171830331,Early,1,2,13,KH 2D,michael4,0,20,3010,3010,none,ml_call,1,E,40,140,0.1375,0.3443744328488978,0.3902826507402738,-0.051698855507868374,none,0.18919885550786839,"[0, 1, 0, 0]",Turn,6,0,0,10,51,0.0,True,-0.734034314478822
6,2,1,4,0,6,0,1,4,2,0,60000.0,bet,0.75,771,20,50,1,,,,,,,,,,,,1,6,0,0,0,0,14,9,23,1,6040,0,0.2797248363494873,False,20,9,20180802171830331,Early,0,14,9,9H AH,michael4,20,0,2990,2990,any_called,ml_raise,BB,B,0,0,0.2586009259259088,0.4378658322319423,0.20868422105146722,0,none,,"[0, 0, 1, 771]",Deal,7,0,0,10,51,-0.4,True,0.11400000000000032
6,4,3,1,0,6,0,3,1,5,0,60000.0,check,0.75,0,20,180,2,,,,,,,,,,,,0,9,0,0,0,0,10,6,16,0,6070,20,0.2284390926361084,False,20,9,20180802171830331,Early,0,10,6,6D TH,michael4,40,20,5930,668,any_called,trash,SB,B,0,0,0.14865727513228175,0.3557503193006674,0.10739023809340421,0,none,,"[0, 1, 0, 0]",Deal,8,0,0,20,51,0.0,True,0.11600000000000033
6,0,0,0,0,5,0,0,0,5,0,102,check,0.75,0,0,0,2,3S KD 5C,0,0,0,1,1,13,13,3,1,5,0,9,0,0,0,0,10,6,16,0,6050,0,0.31368207931518555,True,0,9,20180802171830331,Early,0,13,10,6D TH,michael4,0,40,5930,668,none,ml_fold,SB,B,40,200,0.06862745098039216,0.23954493574256114,0.2466124129135736,-0.08002982415188958,none,0.14865727513228175,"[0, 1, 0, 0]",Flop,8,0,0,20,51,0.0,True,-0.7040000000000004
6,3,2,1,1,5,0,3,1,4,1,425,fold,0.75,0,0,1803,2,3S KD 5C,0,0,0,1,1,13,13,3,1,5,0,9,0,0,0,0,10,6,16,0,6050,601,0.2659158706665039,False,0,9,20180802171830331,Early,0,13,10,6D TH,michael4,601,601,5329,67,any_raised,fold,SB,B,40,200,0.03411764705882353,0.17210549057092786,0.16191572169599822,-0.11453962807345822,check/call,0.14865727513228175,"[1, 0, 0, 0]",Flop,8,1,0,20,51,0.23079877112135178,True,-0.7040000000000004
6,1,1,1,1,6,0,1,1,5,1,60000.0,fold,0.75,0,0,2140,2,,,,,,,,,,,,0,9,0,0,0,0,11,3,14,0,6050,2040,0.2553558349609375,False,0,9,20180802171830331,Early,0,11,3,3H JD,michael4,2040,2040,7332,7,any_raised,trash,D,L,0,0,0.1345534391534501,0.34124596871674384,0.09428641484487423,0,none,,"[1, 0, 0, 0]",Deal,9,0,0,20,51,0.4880382775119617,True,0.11800000000000033
6,2,1,1,0,6,0,1,1,5,0,60000.0,check,0.75,0,0,100,2,,,,,,,,,,,,0,9,0,0,0,0,10,3,13,0,6050,40,0.2305617332458496,False,0,9,20180802171830331,Early,0,10,3,3C TH,michael4,40,40,7312,7,any_called,trash,3,L,0,0,0.12553875661376607,0.33132880526998504,0.08577929998136775,0,none,,"[0, 1, 0, 0]",Deal,10,0,0,20,51,0.2857142857142857,True,0.12000000000000033
6,1,0,1,1,4,1,0,1,3,1,345,check,0.75,0,0,40,2,8C KS 2S,0,0,0,1,1,13,13,2,2,13,0,9,0,0,0,0,10,3,13,0,6010,40,0.2744917869567871,False,0,9,20180802171830331,Early,0,13,10,3C TH,michael4,40,40,2269,0,any_raised,fold,3,L,40,147,0.021739130434782608,0.12142817429364297,0.12498713878716426,-0.10379962617898346,none,0.12553875661376607,"[0, 1, 0, 0]",Flop,10,0,0,20,51,0.1762114537444934,True,-0.7080000000000004
6,1,0,0,1,4,1,0,0,3,1,357,fold,0.75,0,0,40,2,8C KS 2S KC,0,0,0,2,2,13,13,2,2,13,0,9,0,0,0,0,10,3,13,0,5970,40,0.28676390647888184,False,0,9,20180802171830331,Early,1,13,10,3C TH,michael4,40,40,2229,0,any_raised,fold,3,L,80,227,0.058823529411764705,0.22618939216293735,0.23279815718180996,0.0370843989769821,none,0.021739130434782608,"[1, 0, 0, 0]",Turn,10,0,0,20,51,0.13029315960912052,True,-0.7393921680226924
6,1,0,1,0,6,0,0,1,5,0,60000.0,bet,0.75,918,0,60,2,,,,,,,,,,,,1,6,0,0,0,0,14,2,16,1,5970,40,0.26360392570495605,False,0,9,20180802171830331,Early,0,14,2,2C AC,michael4,40,40,7312,35,all_folded,ml_raise,2,E,0,0,0.2251828042327917,0.4177026560971906,0.1742230801889343,0,none,,"[0, 0, 1, 918]",Deal,11,0,0,20,51,0.4,True,0.12200000000000033
6,0,1,0,0,2,0,1,0,2,0,351,check,0.75,0,0,0,2,6S 5H TC,0,2,6,1,1,10,10,5,1,10,1,6,0,0,0,0,14,2,16,1,5052,0,0.28640103340148926,True,0,9,20180802171830331,Early,0,14,10,2C AC,michael4,0,40,4254,4254,any_called,ml_call,2,E,918,1856,0.5056980056980057,0.489166405272587,0.8606749531885861,0.280515201465214,none,0.2251828042327917,"[0, 1, 0, 0]",Flop,11,0,0,20,51,0.0,True,-0.7100000000000004
6,0,1,0,0,2,0,1,0,2,0,325,check,0.75,0,0,0,2,6S 5H TC KH,0,2,6,2,1,13,13,5,2,13,1,6,0,0,0,0,14,2,16,1,5052,0,0.28858208656311035,True,0,9,20180802171830331,Early,0,14,13,2C AC,michael4,0,40,4254,4254,any_called,ml_call,2,E,918,1856,0.42923076923076925,0.49262970238165604,0.7958842044288074,-0.07646723646723647,none,0.5056980056980057,"[0, 1, 0, 0]",Turn,11,0,0,20,51,0.0,True,-0.7407643246622385
6,0,1,0,0,2,0,1,0,2,0,325,check,0.75,0,0,0,2,6S 5H TC KH JC,0,2,11,3,1,13,13,5,2,11,1,6,0,0,0,0,14,2,16,1,5052,0,0.31989097595214844,True,0,9,20180802171830331,Early,0,14,13,2C AC,michael4,0,40,4254,4254,any_called,ml_call,2,E,918,1856,0.38153846153846155,0.4712968385838925,0.7631352338160248,-0.0476923076923077,none,0.42923076923076925,"[0, 1, 0, 0]",River,11,0,0,20,51,0.0,True,-0.7855596758755662
6,1,0,0,0,6,0,0,0,6,0,60000.0,check,0.75,0,0,60,2,,,,,,,,,,,,1,5,0,0,1,0,14,10,24,0,5980,40,0.23777484893798828,False,0,9,20180802171830331,Early,0,14,10,AC TS,michael4,40,40,7312,35,none,ml_fold,1,E,0,0,0.2437969576719436,0.42937163518547444,0.19055487490894463,0,none,,"[0, 1, 0, 0]",Deal,12,0,0,20,51,0.4,True,0.12400000000000033
6,0,1,0,0,4,1,1,0,4,0,315,check,0.75,0,0,0,2,2C 3C 8D,0,2,3,0,1,8,8,2,2,3,1,5,0,0,1,0,14,10,24,0,5940,0,0.2790560722351074,True,0,9,20180802171830331,Early,0,14,10,AC TS,michael4,0,40,5142,0,any_called,ml_fold,1,E,40,195,0.20317460317460317,0.4023613845779012,0.489655908994069,-0.04062235449734042,none,0.2437969576719436,"[0, 1, 0, 0]",Flop,12,0,0,20,51,0.0,True,-0.7120000000000004
6,1,1,1,1,4,1,2,1,3,1,665,check,0.75,0,0,40,2,2C 3C 8D,0,2,3,0,1,8,8,2,2,3,1,5,0,0,1,0,14,10,24,0,5940,40,0.27238893508911133,False,0,9,20180802171830331,Early,0,14,10,AC TS,michael4,40,40,2361,0,any_raised,ml_fold,1,E,40,195,0.21804511278195488,0.4101777693587441,0.5120428726326358,-0.025751844889988718,check/call,0.2437969576719436,"[0, 1, 0, 0]",Flop,12,1,0,20,51,0.14545454545454545,True,-0.7120000000000004
6,0,0,0,0,4,1,0,0,3,0,88,check,0.75,0,0,0,2,2C 3C 8D JH,0,2,3,1,1,11,11,2,2,3,1,5,0,0,1,0,14,10,24,0,5900,0,0.26674580574035645,True,0,9,20180802171830331,Early,0,14,11,AC TS,michael4,0,40,2361,0,none,ml_call,1,E,80,275,0.10227272727272728,0.3030066278630314,0.3271488047001063,-0.1157723855092276,none,0.21804511278195488,"[0, 1, 0, 0]",Turn,12,0,0,20,51,0.0,True,-0.7421490381689938
6,3,2,3,0,6,0,2,3,3,0,60000.0,check,0.75,0,40,140,2,,,,,,,,,,,,0,7,0,1,1,0,12,10,22,0,5960,0,0.2237260341644287,False,40,9,20180802171830331,Early,0,12,10,QS TD,michael4,40,0,2321,135,any_called,trash,BB,B,0,0,0.2318027777777656,0.42198370820717407,0.17863283054366152,0,none,,"[0, 1, 0, 0]",Deal,13,0,0,20,51,-0.2857142857142857,True,0.12600000000000033
6,0,0,0,0,3,0,0,0,3,0,113,check,0.75,0,0,0,2,6C KC JS,0,0,0,2,1,13,13,6,2,13,0,7,0,1,1,0,12,10,22,0,5960,0,0.3878631591796875,True,0,9,20180802171830331,Early,0,13,12,QS TD,michael4,0,40,2321,135,none,ml_fold,BB,B,40,140,0.336283185840708,0.4724370907978456,0.6736032686703699,0.1044804080629424,none,0.2318027777777656,"[0, 1, 0, 0]",Flop,13,0,0,20,51,0.0,True,-0.7140000000000004
6,0,0,0,0,3,0,0,0,2,0,78,bet,0.75,1224,0,0,2,6C KC JS QD,0,3,13,3,1,13,13,6,2,13,0,7,0,1,1,0,12,10,22,0,5960,0,0.27040791511535645,True,0,9,20180802171830331,Early,1,12,13,QS TD,michael4,0,40,135,135,none,ml_raise,BB,B,40,140,0.6217948717948718,0.4749217036408067,0.9823694878594963,0.2855116859541638,none,0.336283185840708,"[0, 0, 1, 1224]",Turn,13,0,0,20,51,0.0,True,-0.7435460574056139
6,2,1,3,0,6,0,1,3,3,0,60000.0,check,0.75,0,40,200,3,,,,,,,,,,,,0,9,0,0,0,0,4,3,7,0,6060,40,0.23119401931762695,False,40,9,20180802171830331,Early,0,4,3,4S 3D,michael4,80,40,2241,55,any_called,trash,SB,B,0,0,0.11844920634921295,0.32313927626405076,0.07708737898741434,0,none,,"[0, 1, 0, 0]",Deal,14,0,0,40,51,0.0,True,0.12800000000000034
6,0,0,0,0,3,0,0,0,3,0,83,check,0.75,0,0,0,3,6S 6D 2H,0,0,0,0,2,6,6,2,1,6,0,9,0,0,0,0,4,3,7,0,6020,0,0.2631490230560303,True,0,9,20180802171830331,Early,1,6,4,4S 3D,michael4,0,80,2241,55,none,ml_fold,SB,B,80,240,0.26506024096385544,0.42277541626249493,0.5810777808229923,0.14661103461464248,none,0.11844920634921295,"[0, 1, 0, 0]",Flop,14,0,0,40,51,0.0,True,-0.7160000000000004
6,1,0,1,1,3,1,1,1,2,1,439,check,0.75,0,0,55,3,6S 6D 2H,0,0,0,0,2,6,6,2,1,6,0,9,0,0,0,0,4,3,7,0,6020,55,0.27922582626342773,False,0,9,20180802171830331,Early,1,6,4,4S 3D,michael4,55,55,0,0,any_raised,ml_call,SB,B,80,240,0.25854214123006836,0.42885342793411846,0.5720308689438066,0.1400929348808554,check/call,0.11844920634921295,"[0, 1, 0, 0]",Flop,14,1,0,40,51,0.15714285714285714,True,-0.7160000000000004
6,2,1,2,0,6,0,1,2,4,0,60000.0,check,0.75,0,0,200,3,,,,,,,,,,,,0,9,0,0,0,0,12,2,14,0,5965,80,0.22484922409057617,False,0,9,20180802171830331,Early,0,12,2,2S QD,michael4,80,80,7232,310,any_called,trash,D,L,0,0,0.14013650793651755,0.3471286030851908,0.09500978953544263,0,none,,"[0, 1, 0, 0]",Deal,15,0,0,40,51,0.2857142857142857,True,0.13000000000000034
6,3,2,0,1,4,0,2,0,4,1,338,fold,0.75,0,0,729,3,5H 7H KD,0,0,0,1,1,13,13,5,2,7,0,9,0,0,0,0,12,2,14,0,5885,243,0.2760169506072998,False,0,9,20180802171830331,Early,0,13,12,2S QD,michael4,243,243,6989,27,any_raised,fold,D,L,80,320,0.08875739644970414,0.28439325066740634,0.292951750428902,-0.051379111486813414,none,0.14013650793651755,"[1, 0, 0, 0]",Flop,15,0,0,40,51,0.18808049535603716,True,-0.7180000000000004
6,1,0,1,1,6,0,0,1,5,1,60000.0,fold,0.75,0,0,2200,3,,,,,,,,,,,,0,9,0,0,0,0,6,2,8,0,5885,2080,0.2191312313079834,False,0,9,20180802171830331,Early,0,6,2,6S 2C,michael4,2080,2080,6922,1130,any_raised,trash,3,L,0,0,0.10222976190476656,0.3029502231153846,0.062240332453535684,0,none,,"[1, 0, 0, 0]",Deal,16,0,0,40,51,0.48598130841121495,True,0.13200000000000034
6,1,0,1,0,6,0,0,1,5,0,60000.0,bet,0.75,800,0,120,3,,,,,,,,,,,,1,6,0,0,0,0,14,4,18,1,5885,80,0.2422342300415039,False,0,9,20180802171830331,Early,0,14,4,AD 4D,michael4,80,80,6922,1130,all_folded,ml_raise,2,E,0,0,0.23803730158728625,0.42588207832724023,0.18096910309143593,0,none,,"[0, 0, 1, 800]",Deal,17,0,0,40,51,0.4,True,0.13400000000000034
6,1,0,0,1,2,0,0,0,2,1,355,check,0.75,0,0,80,3,KD JC KC,0,0,0,3,2,13,13,11,2,13,1,6,0,0,0,0,14,4,18,1,5085,80,0.29871582984924316,False,0,9,20180802171830331,Early,1,13,14,AD 4D,michael4,80,80,4262,4262,any_raised,ml_call,2,E,800,1640,0.5140845070422535,0.48040352013108156,0.8749412530683591,0.27604720545496725,none,0.23803730158728625,"[0, 1, 0, 0]",Flop,17,0,0,40,51,0.044444444444444446,True,-0.7220000000000004
6,1,0,0,1,2,0,0,0,2,1,318,bet,0.75,240,0,160,3,KD JC KC JH,0,0,0,4,2,13,13,11,2,13,1,6,0,0,0,0,14,4,18,1,5005,160,0.30217814445495605,False,0,9,20180802171830331,Early,2,13,11,AD 4D,michael4,160,160,4102,4102,any_raised,ml_raise,2,E,880,1800,0.7012578616352201,0.4106272884080703,1.044195555985525,0.18717335459296658,none,0.5140845070422535,"[0, 0, 1, 240]",Turn,17,0,0,40,51,0.07547169811320754,True,-0.7492523426044704
6,1,0,0,2,2,0,0,0,2,3,656,bet,0.75,542,240,720,3,KD JC KC JH,0,0,0,4,2,13,13,11,2,13,1,6,0,0,0,0,14,4,18,1,4765,240,0.2849609851837158,False,0,9,20180802171830331,Early,2,13,11,AD 4D,michael4,480,240,3782,3782,any_reraised,ml_raise,2,E,880,1800,0.6905487804878049,0.40702932274184317,1.036903723505875,0.17646427344555138,bet/raise/allin,0.5140845070422535,"[0, 0, 1, 542]",Turn,17,0,1,40,51,0.08695652173913043,True,-0.7492523426044704
6,1,0,0,3,2,0,0,0,2,5,990,check,0.75,0,782,2346,3,KD JC KC JH,0,0,0,4,2,13,13,11,2,13,1,6,0,0,0,0,14,4,18,1,4223,782,0.2766561508178711,False,0,9,20180802171830331,Early,2,13,11,AD 4D,michael4,1564,782,2698,2698,any_reraised,ml_call,2,E,880,1800,0.6898989898989899,0.4067597880205157,1.0364542176027085,0.1758144828567364,bet/raise/allin,0.5140845070422535,"[0, 1, 0, 0]",Turn,17,0,2,40,51,0.15868506493506493,True,-0.7492523426044704
6,1,0,0,1,2,0,0,0,2,1,346,check,0.75,0,0,160,3,KD JC KC JH QD,0,3,13,5,2,13,13,11,2,13,1,6,0,0,0,0,14,4,18,1,3441,160,0.40624403953552246,False,0,9,20180802171830331,Early,2,13,11,AD 4D,michael4,160,160,2538,2538,any_raised,ml_call,2,E,2444,4928,0.588150289017341,0.47193310545661876,0.978048017473869,-0.10174870088164889,none,0.6898989898989899,"[0, 1, 0, 0]",River,17,0,0,40,51,0.03048780487804878,True,-0.7922042442874602
6,1,0,0,0,6,0,0,0,6,0,60000.0,check,0.75,0,0,120,3,,,,,,,,,,,,0,9,0,0,0,0,10,7,17,1,3281,80,0.24348998069763184,False,0,9,20180802171830331,Early,0,10,7,TH 7H,michael4,80,80,7746,1130,none,trash,1,E,0,0,0.2038821428571313,0.4028823831853604,0.14909013874392213,0,none,,"[0, 1, 0, 0]",Deal,18,0,0,40,51,0.4,True,0.13600000000000034
6,0,1,0,0,3,0,1,0,3,0,337,check,0.75,0,0,0,3,2H KD JS,0,0,0,2,1,13,13,2,1,13,0,9,0,0,0,0,10,7,17,1,3201,0,0.28043103218078613,True,0,9,20180802171830331,Early,0,13,11,TH 7H,michael4,0,80,7706,1050,any_called,ml_fold,1,E,80,320,0.2433234421364985,0.4096299181772451,0.5539836880814374,0.03944129927936721,none,0.2038821428571313,"[0, 1, 0, 0]",Flop,18,0,0,40,51,0.0,True,-0.7240000000000004
6,2,2,0,1,3,0,3,0,3,1,680,check,0.75,0,0,160,3,2H KD JS,0,0,0,2,1,13,13,2,1,13,0,9,0,0,0,0,10,7,17,1,3201,80,0.27860021591186523,False,0,9,20180802171830331,Early,0,13,11,TH 7H,michael4,80,80,7626,970,any_raised,ml_fold,1,E,80,320,0.2426470588235294,0.41473456304661555,0.5530138456863368,0.03876491596639811,check/call,0.2038821428571313,"[0, 1, 0, 0]",Flop,18,1,0,40,51,0.14285714285714285,True,-0.7240000000000004
6,0,1,0,0,3,0,1,0,3,0,349,check,0.75,0,0,0,3,2H KD JS 8H,0,0,0,2,1,13,13,2,2,8,0,9,0,0,0,0,10,7,17,1,3121,0,0.35289788246154785,True,0,9,20180802171830331,Early,0,13,11,TH 7H,michael4,0,80,7626,970,any_called,ml_call,1,E,160,560,0.3510028653295129,0.4750272168258512,0.7093033182466104,0.1083558065059835,none,0.2426470588235294,"[0, 1, 0, 0]",Turn,18,0,0,40,51,0.0,True,-0.750707295752381
6,1,1,1,1,3,0,2,1,2,1,676,check,0.75,0,0,80,3,2H KD JS 8H,0,0,0,2,1,13,13,2,2,8,0,9,0,0,0,0,10,7,17,1,3121,80,0.2782289981842041,False,0,9,20180802171830331,Early,0,13,11,TH 7H,michael4,80,80,890,890,any_raised,ml_call,1,E,160,560,0.3121301775147929,0.4585488632380322,0.659979886799269,0.06948311869126347,check/call,0.2426470588235294,"[0, 1, 0, 0]",Turn,18,1,0,40,51,0.1111111111111111,True,-0.750707295752381
6,0,0,0,0,3,0,0,0,2,0,145,check,0.75,0,0,0,3,2H KD JS 8H AD,1,2,14,3,1,14,14,2,2,14,0,9,0,0,0,0,10,7,17,1,3041,0,0.29485106468200684,True,0,9,20180802171830331,Early,0,14,13,TH 7H,michael4,0,80,890,890,none,ml_fold,1,E,240,720,0.05172413793103448,0.20946679377224056,0.22742351145564646,-0.2604060395837584,none,0.3121301775147929,"[0, 1, 0, 0]",River,18,0,0,40,51,0.0,True,-0.7933343053167585
6,1,0,0,1,3,0,1,0,2,1,465,fold,0.75,0,0,80,3,2H KD JS 8H AD,1,2,14,3,1,14,14,2,2,14,0,9,0,0,0,0,10,7,17,1,3041,80,0.2820408344268799,False,0,9,20180802171830331,Early,0,14,13,TH 7H,michael4,80,80,810,810,any_raised,fold,1,E,240,720,0.06236559139784946,0.22808882371615696,0.2542084005290512,-0.2497645861169434,check/call,0.3121301775147929,"[1, 0, 0, 0]",River,18,1,0,40,51,0.09090909090909091,True,-0.7933343053167585
6,2,1,4,0,6,0,1,4,2,0,60000.0,check,0.75,0,80,200,3,,,,,,,,,,,,0,9,0,0,0,0,8,4,12,0,2961,0,0.23785400390625,False,80,9,20180802171830331,Early,0,8,4,4S 8D,michael4,80,0,7546,7546,any_called,trash,BB,B,0,0,0.12135132275133302,0.3265351117687573,0.07628947732724439,0,none,,"[0, 1, 0, 0]",Deal,19,0,0,40,51,-0.4,True,0.13800000000000034
6,0,0,0,0,2,0,0,0,2,0,103,check,0.75,0,0,0,3,3S 6H QC,0,0,0,1,1,12,12,3,1,12,0,9,0,0,0,0,8,4,12,0,2961,0,0.30278992652893066,True,0,9,20180802171830331,Early,0,12,8,4S 8D,michael4,0,80,7546,7546,none,ml_call,BB,B,80,200,0.23786407766990292,0.4171369137658414,0.5469770751736505,0.1165127549185699,none,0.12135132275133302,"[0, 1, 0, 0]",Flop,19,0,0,40,51,0.0,True,-0.7260000000000004
6,0,0,0,0,2,0,0,0,2,0,113,check,0.75,0,0,0,3,3S 6H QC 9D,0,0,0,1,1,12,12,3,1,12,0,9,0,0,0,0,8,4,12,0,2961,0,0.28782105445861816,True,0,9,20180802171830331,Early,0,12,9,4S 8D,michael4,0,80,7546,7546,none,ml_call,BB,B,80,200,0.13716814159292035,0.33423924722161513,0.39593433663129823,-0.10069593607698257,none,0.23786407766990292,"[0, 1, 0, 0]",Turn,19,0,0,40,51,0.0,True,-0.7521731498373334
6,0,0,0,0,2,0,0,0,2,0,138,check,0.75,0,0,0,3,3S 6H QC 9D QH,0,0,0,2,2,12,12,3,2,12,0,9,0,0,0,0,8,4,12,0,2961,0,0.2934761047363281,True,0,9,20180802171830331,Early,1,12,9,4S 8D,michael4,0,80,7546,7546,none,ml_call,BB,B,80,200,0.10144927536231885,0.3019227051594153,0.34131813367323593,-0.0357188662306015,none,0.13716814159292035,"[0, 1, 0, 0]",River,19,0,0,40,51,0.0,True,-0.79447108220717
6,2,1,3,0,6,0,1,3,3,0,60000.0,check,0.75,0,80,400,4,,,,,,,,,,,,0,7,0,0,1,0,13,10,23,0,2881,80,0.24871492385864258,False,80,9,20180802171830331,Middle,0,13,10,KC TH,michael4,160,80,1611,1450,any_called,ml_fold,SB,B,0,0,0.23789060846559595,0.42579181165149765,0.17827975483438613,0,none,,"[0, 1, 0, 0]",Deal,20,0,0,80,51,0.0,False,0.14000000000000035
6,0,0,0,0,3,0,0,0,3,0,94,check,0.75,0,0,0,4,5S 3D 7S,0,0,0,0,1,7,7,3,2,7,0,7,0,0,1,0,13,10,23,0,2801,0,0.2734720706939697,True,0,9,20180802171830331,Middle,0,13,10,KC TH,michael4,0,160,1611,1450,none,ml_fold,SB,B,160,480,0.2872340425531915,0.4524717088965264,0.6166334466298629,0.04934343408759556,none,0.23789060846559595,"[0, 1, 0, 0]",Flop,20,0,0,80,51,0.0,False,-0.7280000000000004
6,1,1,0,1,3,0,2,0,3,1,457,check,0.75,0,0,160,4,5S 3D 7S,0,0,0,0,1,7,7,3,2,7,0,7,0,0,1,0,13,10,23,0,2801,160,0.26915788650512695,False,0,9,20180802171830331,Middle,0,13,10,KC TH,michael4,160,160,1451,1450,any_raised,ml_fold,SB,B,160,480,0.24726477024070023,0.43142195544329215,0.5613399538034171,0.009374161775104278,check/call,0.23789060846559595,"[0, 1, 0, 0]",Flop,20,1,0,80,51,0.2,False,-0.7280000000000004
6,0,0,0,0,3,0,0,0,2,0,90,check,0.75,0,0,0,4,5S 3D 7S 3C,0,0,0,0,2,3,7,3,2,7,0,7,0,0,1,0,13,10,23,0,2641,0,0.298159122467041,True,0,9,20180802171830331,Middle,1,3,13,KC TH,michael4,0,160,1451,1451,none,ml_call,SB,B,320,800,0.13333333333333333,0.339934634239519,0.3895249639742162,-0.1139314369073669,none,0.24726477024070023,"[0, 1, 0, 0]",Turn,20,0,0,80,51,0.0,False,-0.7536496868405868
6,1,0,0,1,3,0,1,0,2,1,406,check,0.75,0,0,160,4,5S 3D 7S 3C,0,0,0,0,2,3,7,3,2,7,0,7,0,0,1,0,13,10,23,0,2641,160,0.29341983795166016,False,0,9,20180802171830331,Middle,1,3,13,KC TH,michael4,160,160,1291,1291,any_raised,ml_call,SB,B,320,800,0.15763546798029557,0.36439885731836313,0.4322645526833476,-0.08962930226040466,check/call,0.24726477024070023,"[0, 1, 0, 0]",Turn,20,1,0,80,51,0.14285714285714285,False,-0.7536496868405868
6,0,0,0,0,3,0,0,0,2,0,133,check,0.75,0,0,0,4,5S 3D 7S 3C 5D,0,0,0,0,2,5,7,3,2,5,0,7,0,0,1,0,13,10,23,0,2481,0,0.3029632568359375,True,0,9,20180802171830331,Middle,2,5,3,KC TH,michael4,0,160,1291,1291,none,ml_call,SB,B,480,1120,0.19172932330827067,0.3715533564091981,0.5049319928855238,0.0340938553279751,none,0.15763546798029557,"[0, 1, 0, 0]",River,20,0,0,80,51,0.0,False,-0.7956146542998382
6,2,1,2,0,6,0,1,2,4,0,60000.0,check,0.75,0,0,400,4,,,,,,,,,,,,0,7,1,0,0,0,7,6,13,1,3601,160,0.24567294120788574,False,0,9,20180802171830331,Middle,0,7,6,7C 6C,michael4,160,160,6762,1131,any_called,ml_fold,D,L,0,0,0.19184404761903665,0.3937510749346361,0.1359313949783182,0,none,,"[0, 1, 0, 0]",Deal,21,0,0,80,51,0.2857142857142857,False,0.14200000000000035
6,0,1,2,0,4,0,1,2,2,0,323,check,0.75,0,0,0,4,5S AH AS,2,0,0,2,2,14,14,5,2,14,0,7,1,0,0,0,7,6,13,1,3441,0,0.2844507694244385,True,0,9,20180802171830331,Middle,1,14,7,7C 6C,michael4,0,160,1290,1290,any_called,ml_fold,D,L,160,640,0.0673374613003096,0.23752405918039177,0.24927707019850387,-0.12450658631872705,none,0.19184404761903665,"[0, 1, 0, 0]",Flop,21,0,0,80,51,0.0,False,-0.7260000000000004
6,1,0,0,1,4,0,0,0,2,1,310,fold,0.75,0,0,160,4,5S AH AS 2H,2,2,2,2,2,14,14,2,2,14,0,7,1,0,0,0,7,6,13,1,3441,160,0.3821277618408203,False,0,9,20180802171830331,Middle,1,14,7,7C 6C,michael4,160,160,1130,1130,any_raised,fold,D,L,160,640,0.05806451612903226,0.23386540594054012,0.2337294037785815,-0.009272945171277337,none,0.0673374613003096,"[1, 0, 0, 0]",Turn,21,0,0,80,51,0.16666666666666666,False,-0.751136693103775
6,2,1,1,0,6,0,1,1,5,0,60000.0,check,0.75,0,0,400,4,,,,,,,,,,,,0,9,0,0,0,0,7,2,9,1,3441,160,0.2462921142578125,False,0,9,20180802171830331,Middle,0,7,2,2S 7S,michael4,160,160,7586,971,any_called,trash,3,L,0,0,0.139784920634927,0.3467637475256232,0.08985094099123714,0,none,,"[0, 1, 0, 0]",Deal,22,0,0,80,51,0.2857142857142857,False,0.14400000000000035
6,2,1,0,1,4,0,1,0,4,1,352,check,0.75,0,0,320,4,AC QC KD,1,3,14,3,1,14,14,12,2,14,0,9,0,0,0,0,7,2,9,1,3281,160,0.275317907333374,False,0,9,20180802171830331,Middle,0,14,13,2S 7S,michael4,160,160,7426,811,any_raised,fold,3,L,160,720,0.03835227272727273,0.1835357000058923,0.17739302968657636,-0.10143264790765427,none,0.139784920634927,"[0, 1, 0, 0]",Flop,22,0,0,80,51,0.13333333333333333,False,-0.7240000000000004
6,0,1,1,0,4,0,1,1,3,0,346,check,0.75,0,0,0,4,AC QC KD 7C,1,3,14,3,1,14,14,7,3,14,0,9,0,0,0,0,7,2,9,1,3121,0,0.3220531940460205,True,0,9,20180802171830331,Middle,1,7,14,2S 7S,michael4,0,160,7426,1610,any_called,ml_call,3,L,320,1360,0.11705202312138728,0.31120404372560306,0.3589847748184628,0.07869975039411456,none,0.03835227272727273,"[0, 1, 0, 0]",Turn,22,0,0,80,51,0.0,False,-0.7525539592416995
6,0,1,0,0,4,0,1,0,3,0,301,check,0.75,0,0,0,4,AC QC KD 7C KS,1,3,14,4,2,13,14,7,3,14,0,9,0,0,0,0,7,2,9,1,3121,0,0.30004096031188965,True,0,9,20180802171830331,Middle,2,13,7,2S 7S,michael4,0,160,7426,1610,any_called,ml_call,3,L,320,1360,0.10132890365448505,0.28330904458907435,0.34206469380025084,-0.015723119466902233,none,0.11705202312138728,"[0, 1, 0, 0]",River,22,0,0,80,51,0.0,False,-0.7977624723592326
6,1,0,1,0,6,0,0,1,5,0,60000.0,check,0.75,0,0,240,4,,,,,,,,,,,,0,9,0,0,0,0,12,9,21,0,3121,160,0.2765960693359375,False,0,9,20180802171830331,Middle,0,12,9,9S QC,michael4,160,160,8626,731,all_folded,trash,2,E,0,0,0.2045332010581896,0.4033601005591403,0.14564262637655495,0,none,,"[0, 1, 0, 0]",Deal,23,0,0,80,51,0.4,False,0.14600000000000035
6,1,0,1,1,3,0,0,1,2,1,344,check,0.75,0,0,160,4,JD 3S 9D,0,0,0,1,1,11,11,3,2,11,0,9,0,0,0,0,12,9,21,0,2961,160,0.3073420524597168,False,0,9,20180802171830331,Middle,1,9,12,9S QC,michael4,160,160,491,491,any_raised,ml_call,2,E,160,480,0.5218023255813954,0.49587391307570344,0.8824589657992734,0.31726912452320577,none,0.2045332010581896,"[0, 1, 0, 0]",Flop,23,0,0,80,51,0.2,False,-0.7220000000000004
6,1,0,0,1,3,0,0,0,2,1,324,check,0.75,0,0,160,4,JD 3S 9D 3C,0,0,0,1,2,3,11,3,2,11,0,9,0,0,0,0,12,9,21,0,2801,160,0.2782399654388428,False,0,9,20180802171830331,Middle,2,9,3,9S QC,michael4,160,160,331,331,any_raised,ml_call,2,E,320,800,0.4583333333333333,0.49593252975992014,0.8339736339456291,-0.06346899224806207,none,0.5218023255813954,"[0, 1, 0, 0]",Turn,23,0,0,80,51,0.14285714285714285,False,-0.7539028800568656
6,1,0,0,0,6,0,0,0,6,0,60000.0,check,0.75,0,0,240,4,,,,,,,,,,,,0,8,1,0,0,0,10,9,19,0,3761,160,0.30481791496276855,False,0,9,20180802171830331,Middle,0,10,9,9C TH,michael4,160,160,8546,331,none,ml_fold,1,E,0,0,0.2047022486772379,0.4034838758410554,0.14498663505276158,0,none,,"[0, 1, 0, 0]",Deal,24,0,0,80,51,0.4,False,0.14800000000000035
6,1,2,2,1,6,0,3,2,4,1,60000.0,fold,0.75,0,160,2640,4,,,,,,,,,,,,0,8,1,0,0,0,10,9,19,0,3601,2000,0.2211897373199463,False,0,9,20180802171830331,Middle,0,10,9,9C TH,michael4,2160,2000,8466,1450,any_raised,ml_fold,1,E,0,0,0.2047022486772379,0.4034838758410554,0.14498663505276158,0,check/call,,"[1, 0, 0, 0]",Deal,24,1,0,80,51,0.43103448275862066,False,0.14800000000000035
6,2,1,4,0,6,0,1,4,2,0,60000.0,check,0.75,0,160,400,4,,,,,,,,,,,,0,9,0,0,0,0,10,5,15,0,3441,0,0.23304986953735352,False,160,9,20180802171830331,Middle,0,10,5,TC 5D,michael4,160,0,1290,1290,any_called,trash,BB,B,0,0,0.13615793650795002,0.34295619666926425,0.08471450700756027,0,none,,"[0, 1, 0, 0]",Deal,25,0,0,80,51,-0.4,False,0.15000000000000036
6,0,0,0,0,2,0,0,0,2,0,106,check,0.75,0,0,0,4,KC AD JS,1,2,14,3,1,14,14,11,1,13,0,9,0,0,0,0,10,5,15,0,3441,0,0.2903752326965332,True,0,9,20180802171830331,Middle,0,14,13,TC 5D,michael4,0,160,1290,1290,none,ml_call,BB,B,160,400,0.5707547169811321,0.4578388488697239,0.9261420666410869,0.43459678047318206,none,0.13615793650795002,"[0, 1, 0, 0]",Flop,25,0,0,80,51,0.0,False,-0.7180000000000004
6,1,0,0,1,2,0,1,0,2,1,445,fold,0.75,0,0,645,4,KC AD JS,1,2,14,3,1,14,14,11,1,13,0,9,0,0,0,0,10,5,15,0,3441,645,0.2825348377227783,False,0,9,20180802171830331,Middle,0,14,13,TC 5D,michael4,645,645,645,645,any_raised,ml_fold,BB,B,160,400,0.401123595505618,0.46724013555634625,0.7530340347624296,0.264965658997668,check/call,0.13615793650795002,"[1, 0, 0, 0]",Flop,25,1,0,80,51,0.3816568047337278,False,-0.7180000000000004
6,1,0,4,0,6,0,0,4,2,0,60000.0,check,0.75,0,160,480,5,,,,,,,,,,,,0,8,0,0,0,0,13,9,22,0,3281,160,0.23506569862365723,False,160,9,20180802171830331,Middle,0,13,9,KS 9D,michael4,320,160,1370,1370,all_folded,ml_fold,SB,B,0,0,0.21013849206347995,0.4074068067874747,0.14821265743178366,0,none,,"[0, 1, 0, 0]",Deal,26,0,0,160,51,0.0,False,0.15200000000000036
6,0,0,0,0,2,0,0,0,2,0,85,bet,0.75,600,0,0,5,QD QH AD,1,0,0,3,2,12,14,12,2,14,0,8,0,0,0,0,13,9,22,0,3121,0,0.26758790016174316,True,0,9,20180802171830331,Middle,1,12,14,KS 9D,michael4,0,320,1370,1370,none,ml_raise,SB,B,320,640,0.7176470588235294,0.4300961508336685,1.0417508484280114,0.5075085667600494,none,0.21013849206347995,"[0, 0, 1, 600]",Flop,26,0,0,160,51,0.0,False,-0.7200000000000004
6,2,1,2,0,6,0,1,2,4,0,60000.0,check,0.75,0,0,800,5,,,,,,,,,,,,0,9,0,0,0,0,10,3,13,1,3761,320,0.22901606559753418,False,0,9,20180802171830331,Middle,0,10,3,3C TC,michael4,320,320,6362,11,any_called,trash,D,L,0,0,0.16588068783068746,0.3719735007167923,0.10859676872030131,0,none,,"[0, 1, 0, 0]",Deal,27,0,0,160,51,0.2857142857142857,False,0.15400000000000036
6,2,0,1,2,4,1,0,1,3,2,334,check,0.75,0,0,331,5,AC 5H 4H,1,2,5,1,1,14,14,4,2,5,0,9,0,0,0,0,10,3,13,1,3441,320,0.2740590572357178,False,0,9,20180802171830331,Middle,0,14,10,3C TC,michael4,320,320,730,0,any_raised,ml_fold,D,L,320,1280,0.16841317365269462,0.3689451664873238,0.43711231253834415,0.0025324858220071578,none,0.16588068783068746,"[0, 1, 0, 0]",Flop,27,0,0,160,51,0.1657172449508027,False,-0.7180000000000004
6,1,0,0,1,4,1,0,0,3,1,343,fold,0.75,0,0,320,5,AC 5H 4H 3D,1,3,5,1,1,14,14,3,2,5,0,9,0,0,0,0,10,3,13,1,3121,320,0.29088592529296875,False,0,9,20180802171830331,Middle,1,3,14,3C TC,michael4,320,320,410,0,any_raised,fold,D,L,640,1931,0.10714285714285714,0.2844359156074766,0.3418358780963402,-0.06127031650983748,none,0.16841317365269462,"[1, 0, 0, 0]",Turn,27,0,0,160,51,0.12446518864255153,False,-0.7588004414167516
6,1,0,1,1,6,0,0,1,5,1,60000.0,fold,0.75,0,0,2800,5,,,,,,,,,,,,1,7,0,0,0,0,14,2,16,0,3121,2320,0.2210698127746582,False,0,9,20180802171830331,Middle,0,14,2,2S AH,michael4,2320,2320,6202,993,any_raised,ml_fold,3,L,0,0,0.18302552910052225,0.3866874510479958,0.12270228673703476,0,none,,"[1, 0, 0, 0]",Deal,28,0,0,160,51,0.453125,False,0.15600000000000036
6,1,0,1,0,6,0,0,1,5,0,60000.0,check,0.75,0,0,480,5,,,,,,,,,,,,0,9,0,0,0,0,8,5,13,0,3121,320,0.2261199951171875,False,0,9,20180802171830331,Middle,0,8,5,5H 8S,michael4,320,320,8146,833,all_folded,trash,2,E,0,0,0.13774603174604394,0.3446332289322401,0.08329398157474988,0,none,,"[0, 1, 0, 0]",Deal,29,0,0,160,51,0.4,False,0.15800000000000036
6,0,1,1,0,4,0,1,1,3,0,325,check,0.75,0,0,0,5,TC KS 9S,0,2,10,2,1,13,13,9,2,13,0,9,0,0,0,0,8,5,13,0,2801,0,0.2814638614654541,True,0,9,20180802171830331,Middle,0,13,10,5H 8S,michael4,0,320,8146,1028,any_called,ml_fold,2,E,320,1280,0.09153846153846154,0.2755278241013843,0.29743701190680927,-0.0462075702075824,none,0.13774603174604394,"[0, 1, 0, 0]",Flop,29,0,0,160,51,0.0,False,-0.7140000000000004
6,1,1,2,1,4,0,2,2,2,1,689,check,0.75,0,0,320,5,TC KS 9S,0,2,10,2,1,13,13,9,2,13,0,9,0,0,0,0,8,5,13,0,2801,320,0.2676429748535156,False,0,9,20180802171830331,Middle,0,13,10,5H 8S,michael4,320,320,708,708,any_raised,fold,2,E,320,1280,0.07764876632801161,0.25853815998145435,0.2687280736776235,-0.06009726541803233,check/call,0.13774603174604394,"[0, 1, 0, 0]",Flop,29,1,0,160,51,0.16666666666666666,False,-0.7140000000000004
6,0,0,0,0,4,0,0,0,2,0,90,check,0.75,0,0,0,5,TC KS 9S KC,0,2,10,3,2,13,13,9,2,13,0,9,0,0,0,0,8,5,13,0,2481,0,0.2902541160583496,True,0,9,20180802171830331,Middle,1,13,10,5H 8S,michael4,0,320,708,708,none,ml_fold,2,E,640,1920,0.03333333333333333,0.17950549357115012,0.16992738238284352,-0.04431543299467828,none,0.07764876632801161,"[0, 1, 0, 0]",Turn,29,0,0,160,51,0.0,False,-0.7609463439366482
6,1,0,0,1,4,0,1,0,2,1,424,fold,0.75,0,0,320,5,TC KS 9S KC,0,2,10,3,2,13,13,9,2,13,0,9,0,0,0,0,8,5,13,0,2481,320,0.27588486671447754,False,0,9,20180802171830331,Middle,1,13,10,5H 8S,michael4,320,320,388,388,any_raised,fold,2,E,640,1920,0.03046383647798742,0.15433640919669628,0.16123992359745348,-0.04718492985002419,check/call,0.07764876632801161,"[1, 0, 0, 0]",Turn,29,1,0,160,51,0.125,False,-0.7609463439366482
6,1,0,0,0,6,0,0,0,6,0,60000.0,check,0.75,0,0,480,5,,,,,,,,,,,,0,6,0,0,1,0,13,11,24,0,2481,320,0.23409271240234375,False,0,9,20180802171830331,Middle,0,13,11,JD KC,michael4,320,320,7986,673,none,ml_fold,1,E,0,0,0.2459125661375577,0.4306269568352625,0.17701225304391555,0,none,,"[0, 1, 0, 0]",Deal,30,0,0,160,51,0.4,False,0.16000000000000036
6,1,1,3,1,6,0,2,3,3,1,60000.0,fold,0.75,0,320,2960,5,,,,,,,,,,,,0,6,0,0,1,0,13,11,24,0,2161,2000,0.21770596504211426,False,0,9,20180802171830331,Middle,0,13,11,JD KC,michael4,2320,2000,7826,4550,any_raised,ml_fold,1,E,0,0,0.2459125661375577,0.4306269568352625,0.17701225304391555,0,check/call,,"[1, 0, 0, 0]",Deal,30,1,0,160,51,0.4032258064516129,False,0.16000000000000036
