game_id,round_id,turn_id,roundName,playerName,chips,reloadCount,position,N,Nnf,hole,board,Nsim,prWin,prWinStd,pot_sum,bet_sum,pot,bet,cost_to_call,NMaxBet,action,amount,allIn,folded,rank,message,winMoney,cost,profit
2018-03-17 14:06:21,1,1,Deal,Out Bluffed,1000.0,0,1,6,6,♥10 ♣8,,60000,0.18587962962962298,0.3237717976039538,0.0,30.0,0.0,0.0,20.0,1,call,20.0,False,True,20.0176,Pair,0.0,20.0,-20.0
2018-03-17 14:06:21,1,2,Deal,Im Not Kao Chin,1000.0,0,2,6,6,♦2 ♠8,,60000,0.10395529100529803,0.2514431621440279,0.0,50.0,0.0,0.0,20.0,2,fold,0.0,False,True,77.0032,Two Pair,0.0,0.0,0.0
2018-03-17 14:06:21,1,3,Deal,ヽ(=^･ω･^=)丿,1000.0,0,3,6,5,♠10 ♠J,,60000,0.26544047619045813,0.37581400699461204,0.0,50.0,0.0,0.0,20.0,2,bet,420.0,False,True,20.04,Pair,0.0,420.0,-420.0
2018-03-17 14:06:21,1,4,Deal,SML,1000.0,0,D,6,5,♦3 ♦7,,60000,0.15086759259259644,0.3109009459740242,0.0,470.0,0.0,0.0,420.0,1,call,420.0,False,False,82.0002,Two Pair,890.0,420.0,470.0
2018-03-17 14:06:21,1,5,Deal,PCB,990.0,0,SB,6,5,♥Q ♠3,,60000,0.14486534391535055,0.2879907385181163,0.0,890.0,0.0,10.0,410.0,2,fold,0.0,False,True,20.053,Pair,0.0,10.0,-10.0
2018-03-17 14:06:21,1,6,Deal,Tobacco AI,980.0,0,BB,6,4,♦Q ♠2,,60000,0.14013650793651755,0.28377064815795583,0.0,890.0,0.0,20.0,400.0,2,fold,0.0,False,True,77.0512,Two Pair,0.0,20.0,-20.0
2018-03-17 14:06:21,1,7,Deal,Out Bluffed,980.0,0,1,6,3,♥10 ♣8,,60000,0.18587962962962298,0.3237717976039538,0.0,890.0,0.0,20.0,400.0,2,fold,0.0,False,True,20.0176,Pair,0.0,20.0,-20.0
2018-03-17 14:06:21,1,8,Flop,ヽ(=^･ω･^=)丿,580.0,0,3,6,2,♠10 ♠J,♥K ♠7 ♣2,186,0.1086021505376344,0.30975394813056367,890.0,0.0,420.0,0.0,0.0,6,fold,0.0,False,True,20.04,Pair,0.0,420.0,-420.0
2018-03-17 14:06:21,1,9,Flop,SML,580.0,0,D,6,1,♦3 ♦7,♥K ♠7 ♣2,131,0.22137404580152673,0.4151717447599129,890.0,0.0,420.0,0.0,0.0,6,call,0.0,False,False,82.0002,Two Pair,890.0,420.0,470.0
2018-03-17 14:06:21,2,1,Deal,Im Not Kao Chin,1000.0,0,1,6,6,♣6 ♦10,,60000,0.14865727513228177,0.29346329040224284,0.0,30.0,0.0,0.0,20.0,1,fold,0.0,False,True,19.0224,Pair,0.0,0.0,0.0
2018-03-17 14:06:21,2,2,Deal,ヽ(=^･ω･^=)丿,580.0,0,2,6,5,♠10 ♦6,,60000,0.14865727513228177,0.29346329040224284,0.0,30.0,0.0,0.0,20.0,1,call,20.0,False,True,19.0224,Pair,0.0,20.0,-20.0
2018-03-17 14:06:21,2,3,Deal,SML,1470.0,0,3,6,5,♦2 ♦A,,60000,0.22518280423279174,0.3559212380696028,0.0,50.0,0.0,0.0,20.0,2,call,20.0,False,False,19.2144,Pair,180.0,60.0,120.0
2018-03-17 14:06:21,2,4,Deal,PCB,990.0,0,D,6,5,♠J ♠7,,60000,0.20147182539681385,0.3401471158457622,0.0,70.0,0.0,0.0,20.0,3,call,20.0,False,True,19.0352,Pair,0.0,20.0,-20.0
2018-03-17 14:06:21,2,5,Deal,Tobacco AI,1970.0,1,SB,6,5,♣J ♦3,,60000,0.1345534391534501,0.2803960836480435,0.0,90.0,0.0,10.0,10.0,4,call,10.0,False,True,19.0352,Pair,0.0,20.0,-20.0
2018-03-17 14:06:21,2,6,Deal,Out Bluffed,960.0,0,BB,6,5,♥9 ♦K,,60000,0.21013849206347995,0.3313972956554497,0.0,100.0,0.0,20.0,0.0,5,call,0.0,False,True,74.1024,Two Pair,0.0,60.0,-60.0
2018-03-17 14:06:21,2,7,Flop,Tobacco AI,1960.0,1,SB,6,5,♣J ♦3,♣5 ♦Q ♠Q,191,0.12146596858638743,0.31631780706500234,100.0,0.0,20.0,0.0,0.0,6,fold,0.0,False,True,19.0352,Pair,0.0,20.0,-20.0
2018-03-17 14:06:21,2,8,Flop,Out Bluffed,960.0,0,BB,6,4,♥9 ♦K,♣5 ♦Q ♠Q,181,0.12338858195211788,0.3140840650115557,100.0,0.0,20.0,0.0,0.0,6,bet,20.0,False,True,74.1024,Two Pair,0.0,60.0,-60.0
2018-03-17 14:06:21,2,9,Flop,ヽ(=^･ω･^=)丿,560.0,0,2,6,4,♠10 ♦6,♣5 ♦Q ♠Q,182,0.054945054945054944,0.22176303374297326,100.0,20.0,20.0,0.0,20.0,1,fold,0.0,False,True,19.0224,Pair,0.0,20.0,-20.0
2018-03-17 14:06:21,2,10,Flop,SML,1450.0,0,3,6,3,♦2 ♦A,♣5 ♦Q ♠Q,185,0.15945945945945947,0.36425374246122044,100.0,20.0,20.0,0.0,20.0,1,call,20.0,False,False,19.2144,Pair,180.0,60.0,120.0
2018-03-17 14:06:21,2,11,Flop,PCB,970.0,0,D,6,3,♠J ♠7,♣5 ♦Q ♠Q,180,0.15,0.3531603350069515,100.0,40.0,20.0,0.0,20.0,2,fold,0.0,False,True,19.0352,Pair,0.0,20.0,-20.0
2018-03-17 14:06:21,2,12,Turn,Out Bluffed,940.0,0,BB,6,2,♥9 ♦K,♣5 ♦Q ♠Q ♦9,112,0.36607142857142855,0.4723712166575464,140.0,0.0,40.0,0.0,0.0,6,bet,20.0,False,True,74.1024,Two Pair,0.0,60.0,-60.0
2018-03-17 14:06:21,2,13,Turn,SML,1430.0,0,3,6,2,♦2 ♦A,♣5 ♦Q ♠Q ♦9,173,0.24277456647398843,0.42537618990365555,140.0,20.0,40.0,0.0,20.0,1,call,20.0,False,False,19.2144,Pair,180.0,60.0,120.0
2018-03-17 14:06:21,2,14,River,Out Bluffed,920.0,0,BB,6,2,♥9 ♦K,♣5 ♦Q ♠Q ♦9 ♥8,164,0.42073170731707316,0.48746176957739373,180.0,0.0,60.0,0.0,0.0,6,fold,0.0,False,True,74.1024,Two Pair,0.0,60.0,-60.0
2018-03-17 14:06:21,2,15,River,SML,1410.0,0,3,6,1,♦2 ♦A,♣5 ♦Q ♠Q ♦9 ♥8,262,0.021628498727735368,0.13249889426921205,180.0,0.0,60.0,0.0,0.0,6,call,0.0,False,False,19.2144,Pair,180.0,60.0,120.0
2018-03-17 14:06:21,3,1,Deal,ヽ(=^･ω･^=)丿,560.0,0,1,6,6,♥10 ♣K,,60000,0.23789060846559593,0.34881804831857244,0.0,30.0,0.0,0.0,20.0,1,bet,265.0,False,True,100.1152,Three of a Kind,0.0,305.0,-305.0
2018-03-17 14:06:21,3,2,Deal,SML,1590.0,0,2,6,6,♠10 ♠K,,60000,0.2744072751322611,0.376328022829622,0.0,295.0,0.0,0.0,265.0,1,call,265.0,False,False,100.1152,Three of a Kind,905.0,305.0,600.0
2018-03-17 14:06:21,3,3,Deal,PCB,970.0,0,3,6,6,♦9 ♠J,,60000,0.2030281746031661,0.3319848491245263,0.0,560.0,0.0,0.0,265.0,2,call,265.0,False,True,100.03200000000001,Three of a Kind,0.0,265.0,-265.0
2018-03-17 14:06:21,3,4,Deal,Tobacco AI,1960.0,1,D,6,6,♣5 ♥9,,60000,0.13342936507937722,0.28109405158180006,0.0,825.0,0.0,0.0,265.0,3,fold,0.0,False,True,126.0,Full House,0.0,0.0,0.0
2018-03-17 14:06:21,3,5,Deal,Out Bluffed,910.0,0,SB,6,5,♦K ♥A,,60000,0.2884386243386358,0.37144225724510505,0.0,825.0,0.0,10.0,255.0,3,fold,0.0,False,True,100.3072,Three of a Kind,0.0,10.0,-10.0
2018-03-17 14:06:21,3,6,Deal,Im Not Kao Chin,980.0,0,BB,6,4,♣J ♣3,,60000,0.17560410052909647,0.3258657102528209,0.0,825.0,0.0,20.0,245.0,3,fold,0.0,False,True,124.0,Full House,0.0,20.0,-20.0
2018-03-17 14:06:21,3,7,Flop,ヽ(=^･ω･^=)丿,295.0,0,1,6,3,♥10 ♣K,♦3 ♠5 ♣2,179,0.08659217877094973,0.2719796509228394,825.0,0.0,265.0,0.0,0.0,6,bet,20.0,False,True,100.1152,Three of a Kind,0.0,305.0,-305.0
2018-03-17 14:06:21,3,8,Flop,SML,1325.0,0,2,6,3,♠10 ♠K,♦3 ♠5 ♣2,214,0.09735202492211839,0.29224708188047765,825.0,20.0,265.0,0.0,20.0,1,call,20.0,False,False,100.1152,Three of a Kind,905.0,305.0,600.0
2018-03-17 14:06:21,3,9,Flop,PCB,705.0,0,3,6,3,♦9 ♠J,♦3 ♠5 ♣2,184,0.08333333333333334,0.2736406896883943,825.0,40.0,265.0,0.0,20.0,2,fold,0.0,False,True,100.03200000000001,Three of a Kind,0.0,265.0,-265.0
2018-03-17 14:06:21,3,10,Turn,ヽ(=^･ω･^=)丿,275.0,0,1,6,2,♥10 ♣K,♦3 ♠5 ♣2 ♦2,171,0.04678362573099415,0.2111750887165823,865.0,0.0,285.0,0.0,0.0,6,bet,20.0,False,True,100.1152,Three of a Kind,0.0,305.0,-305.0
2018-03-17 14:06:21,3,11,Turn,SML,1305.0,0,2,6,2,♠10 ♠K,♦3 ♠5 ♣2 ♦2,185,0.043243243243243246,0.20340419159164083,865.0,20.0,285.0,0.0,20.0,1,call,20.0,False,False,100.1152,Three of a Kind,905.0,305.0,600.0
2018-03-17 14:06:21,3,12,River,ヽ(=^･ω･^=)丿,255.0,0,1,6,2,♥10 ♣K,♦3 ♠5 ♣2 ♦2 ♠2,321,0.009345794392523364,0.09622084243913083,905.0,0.0,305.0,0.0,0.0,6,fold,0.0,False,True,100.1152,Three of a Kind,0.0,305.0,-305.0
2018-03-17 14:06:21,3,13,River,SML,1285.0,0,2,6,1,♠10 ♠K,♦3 ♠5 ♣2 ♦2 ♠2,164,0.03048780487804878,0.17192527048624007,905.0,0.0,305.0,0.0,0.0,6,call,0.0,False,False,100.1152,Three of a Kind,905.0,305.0,600.0
2018-03-17 14:06:21,4,1,Deal,SML,2190.0,0,1,6,6,♠Q ♦5,,60000,0.15817341269841445,0.299145444606987,0.0,30.0,0.0,0.0,20.0,1,call,20.0,False,False,19.1096,Pair,0.0,1255.0,-1255.0
2018-03-17 14:06:21,4,2,Deal,PCB,705.0,0,2,6,6,♠K ♦J,,60000,0.2459125661375577,0.3527802526087985,0.0,50.0,0.0,0.0,20.0,2,call,20.0,False,True,20.0832,Pair,0.0,20.0,-20.0
2018-03-17 14:06:21,4,3,Deal,Tobacco AI,1960.0,1,3,6,6,♣J ♥5,,60000,0.14662023809524607,0.28990393473830584,0.0,70.0,0.0,0.0,20.0,3,call,20.0,False,True,7.084,High Card,0.0,20.0,-20.0
2018-03-17 14:06:21,4,4,Deal,Out Bluffed,910.0,0,D,6,6,♠2 ♠4,,60000,0.148302910052912,0.31333548633177594,0.0,90.0,0.0,0.0,20.0,4,fold,0.0,False,True,9.16,Pair,0.0,0.0,0.0
2018-03-17 14:06:21,4,5,Deal,Im Not Kao Chin,970.0,0,SB,6,5,♥4 ♥A,,60000,0.23803730158728625,0.3614602258247368,0.0,90.0,0.0,10.0,10.0,4,call,10.0,False,True,8.1608,High Card,0.0,20.0,-20.0
2018-03-17 14:06:21,4,6,Deal,ヽ(=^･ω･^=)丿,1235.0,1,BB,6,5,♣K ♣9,,60000,0.24783994708993048,0.36265339220466997,0.0,100.0,0.0,20.0,0.0,5,call,0.0,True,False,84.0512,Two Pair,2570.0,1255.0,1315.0
2018-03-17 14:06:21,4,7,Flop,Im Not Kao Chin,960.0,0,SB,6,5,♥4 ♥A,♥2 ♦9 ♣Q,109,0.14678899082568808,0.3473540370209643,100.0,0.0,20.0,0.0,0.0,6,fold,0.0,False,True,8.1608,High Card,0.0,20.0,-20.0
2018-03-17 14:06:21,4,8,Flop,ヽ(=^･ω･^=)丿,1235.0,1,BB,6,4,♣K ♣9,♥2 ♦9 ♣Q,196,0.3239795918367347,0.46388606930774773,100.0,0.0,20.0,0.0,0.0,6,bet,345.0,True,False,84.0512,Two Pair,2570.0,1255.0,1315.0
2018-03-17 14:06:21,4,9,Flop,SML,2170.0,0,1,6,4,♠Q ♦5,♥2 ♦9 ♣Q,181,0.3729281767955801,0.4676102881478965,100.0,345.0,20.0,0.0,345.0,1,call,345.0,False,False,19.1096,Pair,0.0,1255.0,-1255.0
2018-03-17 14:06:21,4,10,Flop,PCB,685.0,0,2,6,4,♠K ♦J,♥2 ♦9 ♣Q,180,0.20833333333333334,0.4009537241239802,100.0,690.0,20.0,0.0,345.0,2,fold,0.0,False,True,20.0832,Pair,0.0,20.0,-20.0
2018-03-17 14:06:21,4,11,Flop,Tobacco AI,1940.0,1,3,6,3,♣J ♥5,♥2 ♦9 ♣Q,353,0.03541076487252125,0.17497361548648452,100.0,690.0,20.0,0.0,345.0,2,fold,0.0,False,True,7.084,High Card,0.0,20.0,-20.0
2018-03-17 14:06:21,4,12,Turn,ヽ(=^･ω･^=)丿,890.0,1,BB,6,2,♣K ♣9,♥2 ♦9 ♣Q ♣6,185,0.40540540540540543,0.4882101596349481,790.0,0.0,365.0,0.0,0.0,6,bet,20.0,True,False,84.0512,Two Pair,2570.0,1255.0,1315.0
2018-03-17 14:06:21,4,13,Turn,SML,1825.0,0,1,6,2,♠Q ♦5,♥2 ♦9 ♣Q ♣6,171,0.43177387914230025,0.4774555266498514,790.0,20.0,365.0,0.0,20.0,1,call,20.0,False,False,19.1096,Pair,0.0,1255.0,-1255.0
2018-03-17 14:06:21,4,14,River,ヽ(=^･ω･^=)丿,870.0,1,BB,6,2,♣K ♣9,♥2 ♦9 ♣Q ♣6 ♥K,164,0.8475609756097561,0.3594459183704755,830.0,0.0,385.0,0.0,0.0,6,allin,870.0,True,False,84.0512,Two Pair,2570.0,1255.0,1315.0
2018-03-17 14:06:21,4,15,River,SML,1805.0,0,1,6,2,♠Q ♦5,♥2 ♦9 ♣Q ♣6 ♥K,166,0.20481927710843373,0.3998203254468703,830.0,870.0,385.0,0.0,870.0,1,call,870.0,False,False,19.1096,Pair,0.0,1255.0,-1255.0
2018-03-17 14:06:21,5,1,Deal,PCB,685.0,0,1,6,6,♥J ♠9,,60000,0.2030281746031661,0.3319848491245263,0.0,30.0,0.0,0.0,20.0,1,call,20.0,False,True,11.0336,Pair,0.0,20.0,-20.0
2018-03-17 14:06:21,5,2,Deal,Tobacco AI,1940.0,1,2,6,6,♣3 ♥3,,60000,0.16737341269840375,0.33134203678972823,0.0,50.0,0.0,0.0,20.0,2,call,20.0,False,True,115.0,Straight,0.0,20.0,-20.0
2018-03-17 14:06:21,5,3,Deal,Out Bluffed,910.0,0,3,6,6,♠Q ♣4,,60000,0.15152566137566528,0.2927704564509773,0.0,70.0,0.0,0.0,20.0,3,fold,0.0,False,True,102.0528,Three of a Kind,0.0,0.0,0.0
2018-03-17 14:06:21,5,4,Deal,Im Not Kao Chin,960.0,0,D,6,5,♠7 ♠6,,60000,0.19184404761903665,0.34181908810815254,0.0,70.0,0.0,0.0,20.0,3,call,20.0,True,False,36.0004,Two Pair,0.0,960.0,-960.0
2018-03-17 14:06:21,5,5,Deal,ヽ(=^･ω･^=)丿,2560.0,1,SB,6,5,♦J ♦3,,60000,0.17560410052909647,0.3258657102528209,0.0,90.0,0.0,10.0,10.0,4,call,10.0,False,False,123.0283,Flush,2960.0,1025.0,1935.0
2018-03-17 14:06:21,5,6,Deal,SML,915.0,0,BB,6,5,♠10 ♦K,,60000,0.23789060846559593,0.34881804831857244,0.0,100.0,0.0,20.0,0.0,5,call,0.0,True,False,11.1168,Pair,0.0,935.0,-935.0
2018-03-17 14:06:21,5,7,Flop,ヽ(=^･ω･^=)丿,2550.0,1,SB,6,5,♦J ♦3,♦6 ♦7 ♦4,111,0.7657657657657657,0.4235192531006544,100.0,0.0,20.0,0.0,0.0,6,bet,1005.0,False,False,123.0283,Flush,2960.0,1025.0,1935.0
2018-03-17 14:06:21,5,8,Flop,SML,915.0,0,BB,6,5,♠10 ♦K,♦6 ♦7 ♦4,104,0.3317307692307692,0.4682751539666452,100.0,1005.0,20.0,0.0,1005.0,1,allin,915.0,True,False,11.1168,Pair,0.0,935.0,-935.0
2018-03-17 14:06:21,5,9,Flop,PCB,665.0,0,1,6,5,♥J ♠9,♦6 ♦7 ♦4,192,0.030381944444444448,0.16165189636970803,100.0,1920.0,20.0,0.0,1005.0,1,fold,0.0,False,True,11.0336,Pair,0.0,20.0,-20.0
2018-03-17 14:06:21,5,10,Flop,Tobacco AI,1920.0,1,2,6,4,♣3 ♥3,♦6 ♦7 ♦4,182,0.05586080586080586,0.22049829275644764,100.0,1920.0,20.0,0.0,1005.0,1,fold,0.0,False,True,115.0,Straight,0.0,20.0,-20.0
2018-03-17 14:06:21,5,11,Flop,Im Not Kao Chin,940.0,0,D,6,3,♠7 ♠6,♦6 ♦7 ♦4,188,0.3191489361702128,0.4623275823708273,100.0,1920.0,20.0,0.0,1005.0,1,allin,940.0,True,False,36.0004,Two Pair,0.0,960.0,-960.0
2018-03-17 14:06:21,6,1,Deal,Tobacco AI,1920.0,1,1,6,6,♥A ♦10,,60000,0.24379695767194356,0.3496393546395958,0.0,30.0,0.0,0.0,20.0,1,bet,40.0,False,False,21.1664,Pair,3786.0,1627.0,2159.0
2018-03-17 14:06:21,6,2,Deal,Out Bluffed,910.0,0,2,6,6,♣5 ♥10,,60000,0.13615793650795002,0.28287570695098446,0.0,70.0,0.0,0.0,40.0,1,call,40.0,True,False,8.168,High Card,0.0,910.0,-910.0
2018-03-17 14:06:21,6,3,Deal,Im Not Kao Chin,1000.0,1,3,6,6,♠3 ♣J,,60000,0.1345534391534501,0.2803960836480435,0.0,110.0,0.0,0.0,40.0,2,fold,0.0,False,True,8.1808,High Card,0.0,0.0,0.0
2018-03-17 14:06:21,6,4,Deal,ヽ(=^･ω･^=)丿,4505.0,1,D,6,5,♠7 ♣A,,60000,0.2005350529100423,0.3226642216770815,0.0,110.0,0.0,0.0,40.0,2,call,40.0,False,True,93.1024,Two Pair,0.0,1189.0,-1189.0
2018-03-17 14:06:21,6,5,Deal,SML,990.0,1,SB,6,5,♣8 ♠2,,60000,0.10395529100529803,0.2514431621440279,0.0,150.0,0.0,10.0,30.0,3,call,30.0,False,True,8.1584,High Card,0.0,40.0,-40.0
2018-03-17 14:06:21,6,6,Deal,PCB,645.0,0,BB,6,5,♥5 ♠Q,,60000,0.15817341269841445,0.299145444606987,0.0,180.0,0.0,20.0,20.0,4,fold,0.0,False,True,19.3088,Pair,0.0,20.0,-20.0
2018-03-17 14:06:21,6,7,Flop,SML,960.0,1,SB,6,4,♣8 ♠2,♣K ♦4 ♦A,182,0.01098901098901099,0.09011659047723473,180.0,0.0,40.0,0.0,0.0,6,fold,0.0,False,True,8.1584,High Card,0.0,40.0,-40.0
2018-03-17 14:06:21,6,8,Flop,Tobacco AI,1880.0,1,1,6,3,♥A ♦10,♣K ♦4 ♦A,179,0.49906890130353815,0.4902833668996382,180.0,0.0,40.0,0.0,0.0,6,bet,94.0,False,False,21.1664,Pair,3786.0,1627.0,2159.0
2018-03-17 14:06:21,6,9,Flop,Out Bluffed,870.0,0,2,6,3,♣5 ♥10,♣K ♦4 ♦A,184,0.012681159420289854,0.09271044624582597,180.0,94.0,40.0,0.0,94.0,1,call,94.0,True,False,8.168,High Card,0.0,910.0,-910.0
2018-03-17 14:06:21,6,10,Flop,ヽ(=^･ω･^=)丿,4465.0,1,D,6,3,♠7 ♣A,♣K ♦4 ♦A,184,0.4085144927536232,0.47357078758382254,180.0,188.0,40.0,0.0,94.0,2,bet,1149.0,False,True,93.1024,Two Pair,0.0,1189.0,-1189.0
2018-03-17 14:06:21,6,11,Flop,Tobacco AI,1786.0,1,1,6,3,♥A ♦10,♣K ♦4 ♦A,185,0.472072072072072,0.48425748948977315,180.0,1337.0,40.0,94.0,1055.0,1,call,1055.0,False,False,21.1664,Pair,3786.0,1627.0,2159.0
2018-03-17 14:06:21,6,12,Flop,Out Bluffed,776.0,0,2,6,3,♣5 ♥10,♣K ♦4 ♦A,179,0.02532588454376164,0.13024044018601758,180.0,2392.0,40.0,94.0,1055.0,2,allin,776.0,True,False,8.168,High Card,0.0,910.0,-910.0
2018-03-17 14:06:21,6,13,Turn,Tobacco AI,731.0,1,1,6,3,♥A ♦10,♣K ♦4 ♦A ♦Q,192,0.46527777777777773,0.4789653361255662,3348.0,0.0,1189.0,0.0,0.0,6,bet,438.0,False,False,21.1664,Pair,3786.0,1627.0,2159.0
2018-03-17 14:06:21,6,14,Turn,ヽ(=^･ω･^=)丿,3316.0,1,D,6,3,♠7 ♣A,♣K ♦4 ♦A ♦Q,137,0.22992700729927007,0.400795734694667,3348.0,438.0,1189.0,0.0,438.0,1,fold,0.0,False,True,93.1024,Two Pair,0.0,1189.0,-1189.0
2018-03-17 14:06:21,7,1,Deal,Out Bluffed,1000.0,1,1,6,6,♥J ♠J,,60000,0.33926362433864676,0.36092232858464274,0.0,60.0,0.0,0.0,40.0,1,fold,0.0,False,True,109.2112,Three of a Kind,0.0,0.0,0.0
2018-03-17 14:06:21,7,2,Deal,Im Not Kao Chin,1000.0,1,2,6,5,♥10 ♦10,,60000,0.30259510582007626,0.35512843081841344,0.0,60.0,0.0,0.0,40.0,1,call,40.0,False,False,17.2368,Pair,0.0,472.0,-472.0
2018-03-17 14:06:21,7,3,Deal,ヽ(=^･ω･^=)丿,3316.0,1,3,6,5,♣J ♥4,,60000,0.1405583333333437,0.28574879914589263,0.0,100.0,0.0,0.0,40.0,2,fold,0.0,False,True,60.2048,Two Pair,0.0,0.0,0.0
2018-03-17 14:06:21,7,4,Deal,SML,960.0,1,D,6,4,♥8 ♦2,,60000,0.10395529100529803,0.2514431621440279,0.0,100.0,0.0,0.0,40.0,2,call,40.0,False,True,8.0356,High Card,0.0,432.0,-432.0
2018-03-17 14:06:21,7,5,Deal,PCB,625.0,0,SB,6,4,♠A ♣5,,60000,0.1997048941798827,0.32587343204624813,0.0,140.0,0.0,20.0,20.0,3,fold,0.0,False,True,91.0256,Two Pair,0.0,20.0,-20.0
2018-03-17 14:06:21,7,6,Deal,Tobacco AI,4039.0,1,BB,6,3,♣K ♠K,,60000,0.43332949735464743,0.371836835333529,0.0,140.0,0.0,40.0,0.0,3,call,0.0,False,False,20.2368,Pair,1396.0,472.0,924.0
2018-03-17 14:06:21,7,7,Flop,Tobacco AI,4039.0,1,BB,6,3,♣K ♠K,♦J ♥A ♠9,182,0.2774725274725275,0.4462150799747904,140.0,0.0,40.0,0.0,0.0,6,bet,150.0,False,False,20.2368,Pair,1396.0,472.0,924.0
2018-03-17 14:06:21,7,8,Flop,Im Not Kao Chin,960.0,1,2,6,3,♥10 ♦10,♦J ♥A ♠9,103,0.2621359223300971,0.4286163117406625,140.0,150.0,40.0,0.0,150.0,1,call,150.0,False,False,17.2368,Pair,0.0,472.0,-472.0
2018-03-17 14:06:21,7,9,Flop,SML,920.0,1,D,6,3,♥8 ♦2,♦J ♥A ♠9,197,0.041455160744500855,0.1842700966505852,140.0,300.0,40.0,0.0,150.0,2,call,150.0,False,True,8.0356,High Card,0.0,432.0,-432.0
2018-03-17 14:06:21,7,10,Turn,Tobacco AI,3889.0,1,BB,6,3,♣K ♠K,♦J ♥A ♠9 ♣4,174,0.28160919540229884,0.449783788577544,590.0,0.0,190.0,0.0,0.0,6,bet,242.0,False,False,20.2368,Pair,1396.0,472.0,924.0
2018-03-17 14:06:21,7,11,Turn,Im Not Kao Chin,810.0,1,2,6,3,♥10 ♦10,♦J ♥A ♠9 ♣4,189,0.16137566137566137,0.3660748638850773,590.0,242.0,190.0,0.0,242.0,1,call,242.0,False,False,17.2368,Pair,0.0,472.0,-472.0
2018-03-17 14:06:21,7,12,Turn,SML,770.0,1,D,6,3,♥8 ♦2,♦J ♥A ♠9 ♣4,197,0.0025380710659898475,0.03553299492385788,590.0,484.0,190.0,0.0,242.0,2,call,242.0,False,True,8.0356,High Card,0.0,432.0,-432.0
2018-03-17 14:06:21,7,13,River,Tobacco AI,3647.0,1,BB,6,3,♣K ♠K,♦J ♥A ♠9 ♣4 ♠5,167,0.23353293413173654,0.4230783648540286,1316.0,0.0,432.0,0.0,0.0,6,check,0.0,False,False,20.2368,Pair,1396.0,472.0,924.0
2018-03-17 14:06:21,7,14,River,Im Not Kao Chin,568.0,1,2,6,3,♥10 ♦10,♦J ♥A ♠9 ♣4 ♠5,160,0.1625,0.36890886408434265,1316.0,0.0,432.0,0.0,0.0,6,bet,40.0,False,False,17.2368,Pair,0.0,472.0,-472.0
2018-03-17 14:06:21,7,15,River,SML,528.0,1,D,6,3,♥8 ♦2,♦J ♥A ♠9 ♣4 ♠5,182,0.0,0.0,1316.0,40.0,432.0,0.0,40.0,1,fold,0.0,False,True,8.0356,High Card,0.0,432.0,-432.0
2018-03-17 14:06:21,7,16,River,Tobacco AI,3647.0,1,BB,6,2,♣K ♠K,♦J ♥A ♠9 ♣4 ♠5,179,0.24860335195530725,0.43058457625326074,1316.0,40.0,432.0,0.0,40.0,1,call,40.0,False,False,20.2368,Pair,1396.0,472.0,924.0
2018-03-17 14:06:21,8,1,Deal,Im Not Kao Chin,528.0,1,1,6,6,♠5 ♦9,,60000,0.13342936507937722,0.28109405158180006,0.0,60.0,0.0,0.0,40.0,1,fold,0.0,False,True,61.0064,Two Pair,0.0,0.0,0.0
2018-03-17 14:06:21,8,2,Deal,ヽ(=^･ω･^=)丿,3316.0,1,2,6,5,♣3 ♠10,,60000,0.12553875661376607,0.2731519624197582,0.0,60.0,0.0,0.0,40.0,1,fold,0.0,False,True,18.014,Pair,0.0,0.0,0.0
2018-03-17 14:06:21,8,3,Deal,SML,528.0,1,3,6,4,♥10 ♦2,,60000,0.12150238095239016,0.2713703315344052,0.0,60.0,0.0,0.0,40.0,1,call,40.0,False,False,58.0128,Two Pair,400.0,160.0,240.0
2018-03-17 14:06:21,8,4,Deal,PCB,625.0,0,D,6,4,♣Q ♦A,,60000,0.2736453703703646,0.3632625995942633,0.0,100.0,0.0,0.0,40.0,2,call,40.0,False,True,18.2568,Pair,0.0,40.0,-40.0
2018-03-17 14:06:21,8,5,Deal,Tobacco AI,4983.0,1,SB,6,4,♥8 ♥Q,,60000,0.2223675925925788,0.35006067386488005,0.0,140.0,0.0,20.0,20.0,3,call,20.0,False,True,18.0552,Pair,0.0,40.0,-40.0
2018-03-17 14:06:21,8,6,Deal,Out Bluffed,960.0,1,BB,6,4,♠2 ♠8,,60000,0.14611335978836415,0.3055919164409417,0.0,160.0,0.0,40.0,0.0,4,call,0.0,False,False,58.0032,Two Pair,0.0,160.0,-160.0
2018-03-17 14:06:21,8,7,Flop,Tobacco AI,4963.0,1,SB,6,4,♥8 ♥Q,♦J ♥J ♠6,118,0.11468926553672316,0.3066906884745808,160.0,0.0,40.0,0.0,0.0,6,fold,0.0,False,True,18.0552,Pair,0.0,40.0,-40.0
2018-03-17 14:06:21,8,8,Flop,Out Bluffed,960.0,1,BB,6,3,♠2 ♠8,♦J ♥J ♠6,180,0.11759259259259258,0.31559136251373937,160.0,0.0,40.0,0.0,0.0,6,bet,40.0,False,False,58.0032,Two Pair,0.0,160.0,-160.0
2018-03-17 14:06:21,8,9,Flop,SML,488.0,1,3,6,3,♥10 ♦2,♦J ♥J ♠6,190,0.1124561403508772,0.30491556132529457,160.0,40.0,40.0,0.0,40.0,1,call,40.0,False,False,58.0128,Two Pair,400.0,160.0,240.0
2018-03-17 14:06:21,8,10,Flop,PCB,585.0,0,D,6,3,♣Q ♦A,♦J ♥J ♠6,182,0.2327838827838828,0.41737997952757977,160.0,80.0,40.0,0.0,40.0,2,fold,0.0,False,True,18.2568,Pair,0.0,40.0,-40.0
2018-03-17 14:06:21,8,11,Turn,Out Bluffed,920.0,1,BB,6,2,♠2 ♠8,♦J ♥J ♠6 ♣2,172,0.23546511627906977,0.4050097816124083,240.0,0.0,80.0,0.0,0.0,6,bet,40.0,False,False,58.0032,Two Pair,0.0,160.0,-160.0
2018-03-17 14:06:21,8,12,Turn,SML,448.0,1,3,6,2,♥10 ♦2,♦J ♥J ♠6 ♣2,170,0.25392156862745097,0.4201629551509742,240.0,40.0,80.0,0.0,40.0,1,call,40.0,False,False,58.0128,Two Pair,400.0,160.0,240.0
2018-03-17 14:06:21,8,13,River,Out Bluffed,880.0,1,BB,6,2,♠2 ♠8,♦J ♥J ♠6 ♣2 ♥5,104,0.34134615384615385,0.4716196676844018,320.0,0.0,120.0,0.0,0.0,6,bet,40.0,False,False,58.0032,Two Pair,0.0,160.0,-160.0
2018-03-17 14:06:21,8,14,River,SML,408.0,1,3,6,2,♥10 ♦2,♦J ♥J ♠6 ♣2 ♥5,188,0.3617021276595745,0.47771761955995123,320.0,40.0,120.0,0.0,40.0,1,call,40.0,False,False,58.0128,Two Pair,400.0,160.0,240.0
2018-03-17 14:06:21,9,1,Deal,ヽ(=^･ω･^=)丿,3316.0,1,1,6,6,♣10 ♠7,,60000,0.16758240740740696,0.30954748151558253,0.0,60.0,0.0,0.0,40.0,1,call,40.0,False,True,8.024,High Card,0.0,40.0,-40.0
2018-03-17 14:06:21,9,2,Deal,SML,768.0,1,2,6,6,♥Q ♥7,,60000,0.20312314814813678,0.3400886898100392,0.0,100.0,0.0,0.0,40.0,2,call,40.0,False,True,8.0624,High Card,0.0,120.0,-120.0
2018-03-17 14:06:21,9,3,Deal,PCB,585.0,0,3,6,6,♦A ♣Q,,60000,0.2736453703703646,0.3632625995942633,0.0,140.0,0.0,0.0,40.0,3,call,40.0,False,False,21.0608,Pair,560.0,120.0,440.0
2018-03-17 14:06:21,9,4,Deal,Tobacco AI,4963.0,1,D,6,6,♣K ♣3,,60000,0.2043392857142741,0.3437417593305883,0.0,180.0,0.0,0.0,40.0,4,call,40.0,False,False,10.3136,Pair,0.0,120.0,-120.0
2018-03-17 14:06:21,9,5,Deal,Out Bluffed,820.0,1,SB,6,6,♠8 ♣2,,60000,0.10395529100529803,0.2514431621440279,0.0,220.0,0.0,20.0,20.0,5,call,20.0,False,True,37.2048,Two Pair,0.0,120.0,-120.0
2018-03-17 14:06:21,9,6,Deal,Im Not Kao Chin,488.0,1,BB,6,6,♦10 ♣4,,60000,0.13293783068784293,0.2801332685903269,0.0,240.0,0.0,40.0,0.0,6,fold,0.0,False,True,8.0226,High Card,0.0,40.0,-40.0
2018-03-17 14:06:21,9,7,Flop,Out Bluffed,800.0,1,SB,6,5,♠8 ♣2,♣A ♥2 ♣9,187,0.15508021390374332,0.3582688157904183,240.0,0.0,40.0,0.0,0.0,6,bet,40.0,False,True,37.2048,Two Pair,0.0,120.0,-120.0
2018-03-17 14:06:21,9,8,Flop,ヽ(=^･ω･^=)丿,3276.0,1,1,6,5,♣10 ♠7,♣A ♥2 ♣9,180,0.06388888888888888,0.23588224201657365,240.0,40.0,40.0,0.0,40.0,1,fold,0.0,False,True,8.024,High Card,0.0,40.0,-40.0
2018-03-17 14:06:21,9,9,Flop,SML,728.0,1,2,6,4,♥Q ♥7,♣A ♥2 ♣9,182,0.0521978021978022,0.21931613089304425,240.0,40.0,40.0,0.0,40.0,1,call,40.0,False,True,8.0624,High Card,0.0,120.0,-120.0
2018-03-17 14:06:21,9,10,Flop,PCB,545.0,0,3,6,4,♦A ♣Q,♣A ♥2 ♣9,181,0.48342541436464087,0.4955619403285288,240.0,80.0,40.0,0.0,40.0,2,call,40.0,False,False,21.0608,Pair,560.0,120.0,440.0
2018-03-17 14:06:21,9,11,Flop,Tobacco AI,4923.0,1,D,6,4,♣K ♣3,♣A ♥2 ♣9,111,0.3948948948948949,0.48445708027294887,240.0,120.0,40.0,0.0,40.0,3,call,40.0,False,False,10.3136,Pair,0.0,120.0,-120.0
2018-03-17 14:06:21,9,12,Turn,Out Bluffed,760.0,1,SB,6,4,♠8 ♣2,♣A ♥2 ♣9 ♥3,110,0.08181818181818182,0.27408751693966066,400.0,0.0,80.0,0.0,0.0,6,bet,40.0,False,True,37.2048,Two Pair,0.0,120.0,-120.0
2018-03-17 14:06:21,9,13,Turn,SML,688.0,1,2,6,4,♥Q ♥7,♣A ♥2 ♣9 ♥3,172,0.20930232558139536,0.40681059731478836,400.0,40.0,80.0,0.0,40.0,1,call,40.0,False,True,8.0624,High Card,0.0,120.0,-120.0
2018-03-17 14:06:21,9,14,Turn,PCB,505.0,0,3,6,4,♦A ♣Q,♣A ♥2 ♣9 ♥3,176,0.4602272727272727,0.4926827701305081,400.0,80.0,80.0,0.0,40.0,2,call,40.0,False,False,21.0608,Pair,560.0,120.0,440.0
2018-03-17 14:06:21,9,15,Turn,Tobacco AI,4883.0,1,D,6,4,♣K ♣3,♣A ♥2 ♣9 ♥3,175,0.3104761904761905,0.46131430105053267,400.0,120.0,80.0,0.0,40.0,3,call,40.0,False,False,10.3136,Pair,0.0,120.0,-120.0
2018-03-17 14:06:21,9,16,River,Out Bluffed,720.0,1,SB,6,4,♠8 ♣2,♣A ♥2 ♣9 ♥3 ♦8,166,0.7048192771084337,0.456123956534601,560.0,0.0,120.0,0.0,0.0,6,fold,0.0,False,True,37.2048,Two Pair,0.0,120.0,-120.0
2018-03-17 14:06:21,9,17,River,SML,648.0,1,2,6,3,♥Q ♥7,♣A ♥2 ♣9 ♥3 ♦8,170,0.0,0.0,560.0,0.0,120.0,0.0,0.0,6,fold,0.0,False,True,8.0624,High Card,0.0,120.0,-120.0
2018-03-17 14:06:21,9,18,River,PCB,465.0,0,3,6,2,♦A ♣Q,♣A ♥2 ♣9 ♥3 ♦8,169,0.5710059171597633,0.49042867973418486,560.0,0.0,120.0,0.0,0.0,6,check,0.0,False,False,21.0608,Pair,560.0,120.0,440.0
2018-03-17 14:06:21,9,19,River,Tobacco AI,4843.0,1,D,6,2,♣K ♣3,♣A ♥2 ♣9 ♥3 ♦8,165,0.06666666666666667,0.2494438257849294,560.0,0.0,120.0,0.0,0.0,6,check,0.0,False,False,10.3136,Pair,0.0,120.0,-120.0
2018-03-17 14:06:21,10,1,Deal,SML,648.0,1,1,6,6,♥4 ♠3,,60000,0.11844920634921295,0.27803197389094503,0.0,60.0,0.0,0.0,40.0,1,call,40.0,False,False,8.1668,High Card,0.0,160.0,-160.0
2018-03-17 14:06:21,10,2,Deal,PCB,1025.0,0,2,6,6,♣2 ♦9,,60000,0.1116354497354576,0.2587689116101943,0.0,100.0,0.0,0.0,40.0,2,fold,0.0,False,True,8.1728,High Card,0.0,0.0,0.0
2018-03-17 14:06:21,10,3,Deal,Tobacco AI,4843.0,1,3,6,5,♥5 ♣7,,60000,0.142254761904771,0.2951660952140494,0.0,100.0,0.0,0.0,40.0,2,fold,0.0,False,True,12.3584,Pair,0.0,0.0,0.0
2018-03-17 14:06:21,10,4,Deal,Out Bluffed,720.0,1,D,6,4,♥J ♠K,,60000,0.2459125661375577,0.3527802526087985,0.0,100.0,0.0,0.0,40.0,2,call,40.0,False,False,122.0,Straight,480.0,160.0,320.0
2018-03-17 14:06:21,10,5,Deal,Im Not Kao Chin,468.0,1,SB,6,4,♣K ♥7,,60000,0.1823747354497271,0.31244248467622604,0.0,140.0,0.0,20.0,20.0,3,call,20.0,False,True,20.2688,Pair,0.0,120.0,-120.0
2018-03-17 14:06:21,10,6,Deal,ヽ(=^･ω･^=)丿,3236.0,1,BB,6,4,♥6 ♣8,,60000,0.15288452380952763,0.3015678259852209,0.0,160.0,0.0,40.0,0.0,4,call,0.0,False,True,8.1696,High Card,0.0,40.0,-40.0
2018-03-17 14:06:21,10,7,Flop,Im Not Kao Chin,448.0,1,SB,6,4,♣K ♥7,♠Q ♣A ♦K,191,0.2705061082024433,0.4133565971088326,160.0,0.0,40.0,0.0,0.0,6,bet,40.0,False,True,20.2688,Pair,0.0,120.0,-120.0
2018-03-17 14:06:21,10,8,Flop,ヽ(=^･ω･^=)丿,3236.0,1,BB,6,4,♥6 ♣8,♠Q ♣A ♦K,181,0.02670349907918969,0.14884123278951567,160.0,40.0,40.0,0.0,40.0,1,fold,0.0,False,True,8.1696,High Card,0.0,40.0,-40.0
2018-03-17 14:06:21,10,9,Flop,SML,608.0,1,1,6,3,♥4 ♠3,♠Q ♣A ♦K,183,0.03706739526411657,0.1692146499718734,160.0,40.0,40.0,0.0,40.0,1,call,40.0,False,False,8.1668,High Card,0.0,160.0,-160.0
2018-03-17 14:06:21,10,10,Flop,Out Bluffed,680.0,1,D,6,3,♥J ♠K,♠Q ♣A ♦K,182,0.3543956043956044,0.44852447798924644,160.0,80.0,40.0,0.0,40.0,2,call,40.0,False,False,122.0,Straight,480.0,160.0,320.0
2018-03-17 14:06:21,10,11,Turn,Im Not Kao Chin,408.0,1,SB,6,3,♣K ♥7,♠Q ♣A ♦K ♥10,173,0.07899807321772641,0.24080153698565993,280.0,0.0,80.0,0.0,0.0,6,bet,40.0,False,True,20.2688,Pair,0.0,120.0,-120.0
2018-03-17 14:06:21,10,12,Turn,SML,568.0,1,1,6,3,♥4 ♠3,♠Q ♣A ♦K ♥10,373,0.013404825737265412,0.045326021994336926,280.0,40.0,80.0,0.0,40.0,1,call,40.0,False,False,8.1668,High Card,0.0,160.0,-160.0
2018-03-17 14:06:21,10,13,Turn,Out Bluffed,640.0,1,D,6,3,♥J ♠K,♠Q ♣A ♦K ♥10,167,0.6861277445109781,0.3190484683112777,280.0,80.0,80.0,0.0,40.0,2,call,40.0,False,False,122.0,Straight,480.0,160.0,320.0
2018-03-17 14:06:21,10,14,River,Im Not Kao Chin,368.0,1,SB,6,3,♣K ♥7,♠Q ♣A ♦K ♥10 ♠5,162,0.046296296296296294,0.17396568729681422,400.0,0.0,120.0,0.0,0.0,6,fold,0.0,False,True,20.2688,Pair,0.0,120.0,-120.0
2018-03-17 14:06:21,10,15,River,SML,528.0,1,1,6,2,♥4 ♠3,♠Q ♣A ♦K ♥10 ♠5,184,0.0,0.0,400.0,0.0,120.0,0.0,0.0,6,bet,40.0,False,False,8.1668,High Card,0.0,160.0,-160.0
2018-03-17 14:06:21,10,16,River,Out Bluffed,600.0,1,D,6,2,♥J ♠K,♠Q ♣A ♦K ♥10 ♠5,156,0.7377136752136753,0.2698337053806053,400.0,40.0,120.0,0.0,40.0,1,call,40.0,False,False,122.0,Straight,480.0,160.0,320.0
2018-03-17 14:06:21,11,1,Deal,PCB,1025.0,0,1,6,6,♣2 ♦7,,60000,0.09861044973545477,0.24982710622625692,0.0,60.0,0.0,0.0,40.0,1,fold,0.0,False,True,111.0288,Three of a Kind,0.0,0.0,0.0
2018-03-17 14:06:21,11,2,Deal,Tobacco AI,4843.0,1,2,6,5,♣J ♠3,,60000,0.1345534391534501,0.2803960836480435,0.0,60.0,0.0,0.0,40.0,1,fold,0.0,False,True,265.0,Full House,0.0,0.0,0.0
2018-03-17 14:06:21,11,3,Deal,Out Bluffed,1040.0,1,3,6,4,♥8 ♠5,,60000,0.13774603174604397,0.2885901124853196,0.0,60.0,0.0,0.0,40.0,1,fold,0.0,False,True,262.0,Full House,0.0,0.0,0.0
2018-03-17 14:06:21,11,4,Deal,Im Not Kao Chin,368.0,1,D,6,3,♠A ♦2,,60000,0.18302552910052225,0.31796067578925186,0.0,60.0,0.0,0.0,40.0,1,call,40.0,False,False,111.2304,Three of a Kind,520.0,240.0,280.0
2018-03-17 14:06:21,11,5,Deal,ヽ(=^･ω･^=)丿,3216.0,1,SB,6,3,♦6 ♦5,,60000,0.18713240740740014,0.34198589715059147,0.0,100.0,0.0,20.0,20.0,2,call,20.0,False,True,111.0288,Three of a Kind,0.0,40.0,-40.0
2018-03-17 14:06:21,11,6,Deal,SML,448.0,1,BB,6,3,♣3 ♠7,,60000,0.11093505291006012,0.26263377084944034,0.0,120.0,0.0,40.0,0.0,3,call,0.0,False,False,111.0288,Three of a Kind,0.0,240.0,-240.0
2018-03-17 14:06:21,11,7,Flop,ヽ(=^･ω･^=)丿,3196.0,1,SB,6,3,♦6 ♦5,♣K ♦K ♠K,180,0.06296296296296297,0.2094640099581884,120.0,0.0,40.0,0.0,0.0,6,fold,0.0,False,True,111.0288,Three of a Kind,0.0,40.0,-40.0
2018-03-17 14:06:21,11,8,Flop,SML,448.0,1,BB,6,2,♣3 ♠7,♣K ♦K ♠K,182,0.04212454212454212,0.15645142761356934,120.0,0.0,40.0,0.0,0.0,6,bet,40.0,False,False,111.0288,Three of a Kind,0.0,240.0,-240.0
2018-03-17 14:06:21,11,9,Flop,Im Not Kao Chin,328.0,1,D,6,2,♠A ♦2,♣K ♦K ♠K,183,0.14863387978142079,0.32077852533016965,120.0,40.0,40.0,0.0,40.0,1,raise,80.0,False,False,111.2304,Three of a Kind,520.0,240.0,280.0
2018-03-17 14:06:21,11,10,Flop,SML,408.0,1,BB,6,2,♣3 ♠7,♣K ♦K ♠K,183,0.0680327868852459,0.21873321079400612,120.0,120.0,40.0,40.0,40.0,1,call,40.0,False,False,111.0288,Three of a Kind,0.0,240.0,-240.0
2018-03-17 14:06:21,11,11,Turn,SML,368.0,1,BB,6,2,♣3 ♠7,♣K ♦K ♠K ♥J,173,0.03314065510597303,0.14560559911045073,280.0,0.0,120.0,0.0,0.0,6,bet,40.0,False,False,111.0288,Three of a Kind,0.0,240.0,-240.0
2018-03-17 14:06:21,11,12,Turn,Im Not Kao Chin,248.0,1,D,6,2,♠A ♦2,♣K ♦K ♠K ♥J,170,0.11784313725490198,0.28395305046997366,280.0,40.0,120.0,0.0,40.0,1,raise,80.0,False,False,111.2304,Three of a Kind,520.0,240.0,280.0
2018-03-17 14:06:21,11,13,Turn,SML,328.0,1,BB,6,2,♣3 ♠7,♣K ♦K ♠K ♥J,174,0.046934865900383135,0.17471064813675177,280.0,120.0,120.0,40.0,40.0,1,call,40.0,False,False,111.0288,Three of a Kind,0.0,240.0,-240.0
2018-03-17 14:06:21,11,14,River,SML,288.0,1,BB,6,2,♣3 ♠7,♣K ♦K ♠K ♥J ♦8,164,0.0,0.0,440.0,0.0,200.0,0.0,0.0,6,bet,40.0,False,False,111.0288,Three of a Kind,0.0,240.0,-240.0
2018-03-17 14:06:21,11,15,River,Im Not Kao Chin,168.0,1,D,6,2,♠A ♦2,♣K ♦K ♠K ♥J ♦8,164,0.06605691056910569,0.22286240122039044,440.0,40.0,200.0,0.0,40.0,1,call,40.0,False,False,111.2304,Three of a Kind,520.0,240.0,280.0
2018-03-17 14:06:21,12,1,Deal,Tobacco AI,4843.0,1,1,6,6,♣5 ♠6,,60000,0.14635515873016602,0.30126371576302563,0.0,60.0,0.0,0.0,40.0,1,fold,0.0,False,True,6.0216,High Card,0.0,0.0,0.0
2018-03-17 14:06:21,12,2,Deal,Out Bluffed,1040.0,1,2,6,5,♣A ♦5,,60000,0.1997048941798827,0.32587343204624813,0.0,60.0,0.0,0.0,40.0,1,fold,0.0,False,True,8.072000000000001,High Card,0.0,0.0,0.0
2018-03-17 14:06:21,12,3,Deal,Im Not Kao Chin,648.0,1,3,6,4,♦Q ♣2,,60000,0.14013650793651755,0.28377064815795583,0.0,60.0,0.0,0.0,40.0,1,call,40.0,False,False,67.0128,Two Pair,608.0,280.0,328.0
2018-03-17 14:06:21,12,4,Deal,ヽ(=^･ω･^=)丿,3196.0,1,D,6,4,♠4 ♠K,,60000,0.20842248677247496,0.34556532455805666,0.0,100.0,0.0,0.0,40.0,2,call,40.0,False,True,7.072,High Card,0.0,40.0,-40.0
2018-03-17 14:06:21,12,5,Deal,SML,228.0,1,SB,6,4,♣3 ♥3,,60000,0.16737341269840375,0.33134203678972823,0.0,140.0,0.0,20.0,20.0,3,call,20.0,True,False,10.0704,Pair,0.0,248.0,-248.0
2018-03-17 14:06:21,12,6,Deal,PCB,985.0,0,BB,6,4,♦6 ♦J,,60000,0.1892698412698322,0.33389052332105756,0.0,160.0,0.0,40.0,0.0,4,call,0.0,False,True,6.0464,High Card,0.0,40.0,-40.0
2018-03-17 14:06:21,12,7,Flop,SML,208.0,1,SB,6,4,♣3 ♥3,♥7 ♥Q ♠9,121,0.0743801652892562,0.26238855977500075,160.0,0.0,40.0,0.0,0.0,6,bet,40.0,True,False,10.0704,Pair,0.0,248.0,-248.0
2018-03-17 14:06:21,12,8,Flop,PCB,985.0,0,BB,6,4,♦6 ♦J,♥7 ♥Q ♠9,181,0.08747697974217311,0.2677516261858993,160.0,40.0,40.0,0.0,40.0,1,fold,0.0,False,True,6.0464,High Card,0.0,40.0,-40.0
2018-03-17 14:06:21,12,9,Flop,Im Not Kao Chin,608.0,1,3,6,3,♦Q ♣2,♥7 ♥Q ♠9,180,0.3055555555555556,0.4453116539411499,160.0,40.0,40.0,0.0,40.0,1,raise,80.0,False,False,67.0128,Two Pair,608.0,280.0,328.0
2018-03-17 14:06:21,12,10,Flop,ヽ(=^･ω･^=)丿,3156.0,1,D,6,3,♠4 ♠K,♥7 ♥Q ♠9,184,0.08967391304347826,0.2784895247696531,160.0,120.0,40.0,0.0,80.0,1,fold,0.0,False,True,7.072,High Card,0.0,40.0,-40.0
2018-03-17 14:06:21,12,11,Flop,SML,168.0,1,SB,6,2,♣3 ♥3,♥7 ♥Q ♠9,172,0.11046511627906977,0.3134686178304319,160.0,120.0,40.0,40.0,40.0,1,call,40.0,True,False,10.0704,Pair,0.0,248.0,-248.0
2018-03-17 14:06:21,12,12,Turn,SML,128.0,1,SB,6,2,♣3 ♥3,♥7 ♥Q ♠9 ♦2,173,0.08670520231213873,0.28140257675463776,320.0,0.0,120.0,0.0,0.0,6,bet,40.0,True,False,10.0704,Pair,0.0,248.0,-248.0
2018-03-17 14:06:21,12,13,Turn,Im Not Kao Chin,528.0,1,3,6,2,♦Q ♣2,♥7 ♥Q ♠9 ♦2,103,0.7281553398058253,0.43942095078187793,320.0,40.0,120.0,0.0,40.0,1,raise,80.0,False,False,67.0128,Two Pair,608.0,280.0,328.0
2018-03-17 14:06:21,12,14,Turn,SML,88.0,1,SB,6,2,♣3 ♥3,♥7 ♥Q ♠9 ♦2,173,0.057803468208092484,0.23337143627961093,320.0,120.0,120.0,40.0,40.0,1,call,40.0,True,False,10.0704,Pair,0.0,248.0,-248.0
2018-03-17 14:06:21,12,15,River,SML,48.0,1,SB,6,2,♣3 ♥3,♥7 ♥Q ♠9 ♦2 ♥10,162,0.012345679012345678,0.11042310999998964,480.0,0.0,200.0,0.0,0.0,6,bet,40.0,True,False,10.0704,Pair,0.0,248.0,-248.0
2018-03-17 14:06:21,12,16,River,Im Not Kao Chin,448.0,1,3,6,2,♦Q ♣2,♥7 ♥Q ♠9 ♦2 ♥10,167,0.49101796407185627,0.49691579875723163,480.0,40.0,200.0,0.0,40.0,1,raise,80.0,False,False,67.0128,Two Pair,608.0,280.0,328.0
2018-03-17 14:06:21,12,17,River,SML,8.0,1,SB,6,2,♣3 ♥3,♥7 ♥Q ♠9 ♦2 ♥10,163,0.012269938650306749,0.11008808861918012,480.0,120.0,200.0,40.0,40.0,1,allin,8.0,True,False,10.0704,Pair,0.0,248.0,-248.0
2018-03-17 14:06:21,13,1,Deal,Out Bluffed,1040.0,1,1,6,6,♦5 ♥4,,60000,0.14215291005291728,0.3012552620891341,0.0,120.0,0.0,0.0,80.0,1,fold,0.0,False,True,70.0128,Two Pair,0.0,0.0,0.0
2018-03-17 14:06:21,13,2,Deal,Im Not Kao Chin,976.0,1,2,6,5,♥9 ♥8,,60000,0.2189730158730014,0.3532399685089003,0.0,120.0,0.0,0.0,80.0,1,call,80.0,False,True,74.0128,Two Pair,0.0,160.0,-160.0
2018-03-17 14:06:21,13,3,Deal,ヽ(=^･ω･^=)丿,3156.0,1,3,6,5,♣Q ♣3,,60000,0.1868249999999932,0.3337104194772892,0.0,200.0,0.0,0.0,80.0,2,call,80.0,False,False,110.0192,Three of a Kind,266.0,1251.0,-985.0
2018-03-17 14:06:21,13,4,Deal,SML,1000.0,2,D,6,5,♠2 ♦3,,60000,0.09937156084656372,0.2553710500593715,0.0,280.0,0.0,0.0,80.0,3,call,80.0,False,True,19.0196,Pair,0.0,803.0,-803.0
2018-03-17 14:06:21,13,5,Deal,PCB,945.0,0,SB,6,5,♠Q ♦10,,60000,0.23180277777776556,0.34862435250359963,0.0,360.0,0.0,40.0,40.0,4,call,40.0,True,False,252.0,Full House,3013.0,985.0,2028.0
2018-03-17 14:06:21,13,6,Deal,Tobacco AI,4763.0,1,BB,6,5,♦A ♦6,,60000,0.23515529100527158,0.3579873398256765,0.0,400.0,0.0,80.0,0.0,5,call,0.0,False,True,19.224,Pair,0.0,80.0,-80.0
2018-03-17 14:06:21,13,7,Flop,PCB,905.0,0,SB,6,5,♠Q ♦10,♠5 ♥Q ♠9,182,0.41117216117216115,0.48375663505531624,400.0,0.0,80.0,0.0,0.0,6,check,0.0,True,False,252.0,Full House,3013.0,985.0,2028.0
2018-03-17 14:06:21,13,8,Flop,Tobacco AI,4763.0,1,BB,6,5,♦A ♦6,♠5 ♥Q ♠9,180,0.06574074074074074,0.23073769393387034,400.0,0.0,80.0,0.0,0.0,6,fold,0.0,False,True,19.224,Pair,0.0,80.0,-80.0
2018-03-17 14:06:21,13,9,Flop,Im Not Kao Chin,896.0,1,2,6,4,♥9 ♥8,♠5 ♥Q ♠9,114,0.30701754385964913,0.45164791795985965,400.0,0.0,80.0,0.0,0.0,6,bet,80.0,False,True,74.0128,Two Pair,0.0,160.0,-160.0
2018-03-17 14:06:21,13,10,Flop,ヽ(=^･ω･^=)丿,3076.0,1,3,6,4,♣Q ♣3,♠5 ♥Q ♠9,181,0.30386740331491713,0.45082669807797215,400.0,80.0,80.0,0.0,80.0,1,bet,643.0,False,False,110.0192,Three of a Kind,266.0,1251.0,-985.0
2018-03-17 14:06:21,13,11,Flop,SML,920.0,2,D,6,4,♠2 ♦3,♠5 ♥Q ♠9,184,0.059782608695652176,0.2370836316433395,400.0,723.0,80.0,0.0,643.0,1,call,643.0,False,True,19.0196,Pair,0.0,803.0,-803.0
2018-03-17 14:06:21,13,12,Flop,PCB,905.0,0,SB,6,4,♠Q ♦10,♠5 ♥Q ♠9,179,0.37988826815642457,0.4766479661190013,400.0,1366.0,80.0,0.0,643.0,2,call,643.0,True,False,252.0,Full House,3013.0,985.0,2028.0
2018-03-17 14:06:21,13,13,Flop,Im Not Kao Chin,816.0,1,2,6,4,♥9 ♥8,♠5 ♥Q ♠9,180,0.2833333333333333,0.4444097208657794,400.0,2009.0,80.0,80.0,563.0,3,fold,0.0,False,True,74.0128,Two Pair,0.0,160.0,-160.0
2018-03-17 14:06:21,13,14,Turn,PCB,262.0,0,SB,6,3,♠Q ♦10,♠5 ♥Q ♠9 ♠10,176,0.48863636363636365,0.4998708510891539,2409.0,0.0,723.0,0.0,0.0,6,check,0.0,True,False,252.0,Full House,3013.0,985.0,2028.0
2018-03-17 14:06:21,13,15,Turn,ヽ(=^･ω･^=)丿,2433.0,1,3,6,3,♣Q ♣3,♠5 ♥Q ♠9 ♠10,121,0.1721763085399449,0.36673796220049515,2409.0,0.0,723.0,0.0,0.0,6,bet,80.0,False,False,110.0192,Three of a Kind,266.0,1251.0,-985.0
2018-03-17 14:06:21,13,16,Turn,SML,277.0,2,D,6,3,♠2 ♦3,♠5 ♥Q ♠9 ♠10,190,0.031578947368421054,0.17487629185090686,2409.0,80.0,723.0,0.0,80.0,1,call,80.0,False,True,19.0196,Pair,0.0,803.0,-803.0
2018-03-17 14:06:21,13,17,Turn,PCB,262.0,0,SB,6,3,♠Q ♦10,♠5 ♥Q ♠9 ♠10,169,0.5177514792899408,0.49820236354536734,2409.0,160.0,723.0,0.0,80.0,2,call,80.0,True,False,252.0,Full House,3013.0,985.0,2028.0
2018-03-17 14:06:21,13,18,River,PCB,182.0,0,SB,6,3,♠Q ♦10,♠5 ♥Q ♠9 ♠10 ♦Q,176,1.0,0.0,2649.0,0.0,803.0,0.0,0.0,6,allin,182.0,True,False,252.0,Full House,3013.0,985.0,2028.0
2018-03-17 14:06:21,13,19,River,ヽ(=^･ω･^=)丿,2353.0,1,3,6,3,♣Q ♣3,♠5 ♥Q ♠9 ♠10 ♦Q,163,0.5736196319018405,0.4771886253406149,2649.0,182.0,803.0,0.0,182.0,1,bet,448.0,False,False,110.0192,Three of a Kind,266.0,1251.0,-985.0
2018-03-17 14:06:21,13,20,River,SML,197.0,2,D,6,3,♠2 ♦3,♠5 ♥Q ♠9 ♠10 ♦Q,174,0.0,0.0,2649.0,630.0,803.0,0.0,448.0,1,fold,0.0,False,True,19.0196,Pair,0.0,803.0,-803.0
2018-03-17 14:06:21,14,1,Deal,Im Not Kao Chin,816.0,1,1,6,6,♥10 ♠K,,60000,0.23789060846559593,0.34881804831857244,0.0,120.0,0.0,0.0,80.0,1,call,80.0,False,False,53.1024,Two Pair,1477.0,480.0,997.0
2018-03-17 14:06:21,14,2,Deal,ヽ(=^･ω･^=)丿,2171.0,1,2,6,6,♦2 ♠8,,60000,0.10395529100529803,0.2514431621440279,0.0,200.0,0.0,0.0,80.0,2,call,80.0,False,True,12.0672,Pair,0.0,160.0,-160.0
2018-03-17 14:06:21,14,3,Deal,SML,197.0,2,3,6,6,♠J ♥6,,60000,0.14840462962963621,0.2907548871010322,0.0,280.0,0.0,0.0,80.0,3,call,80.0,True,False,12.0896,Pair,0.0,197.0,-197.0
2018-03-17 14:06:21,14,4,Deal,PCB,3013.0,0,D,6,6,♣Q ♦6,,60000,0.1620507936507931,0.29969578166856853,0.0,360.0,0.0,0.0,80.0,4,fold,0.0,False,True,70.0128,Two Pair,0.0,0.0,0.0
2018-03-17 14:06:21,14,5,Deal,Tobacco AI,4723.0,1,SB,6,5,♥8 ♣J,,60000,0.18316018518517857,0.3174394636533794,0.0,360.0,0.0,40.0,40.0,4,call,40.0,False,True,12.0896,Pair,0.0,160.0,-160.0
2018-03-17 14:06:21,14,6,Deal,Out Bluffed,960.0,1,BB,6,5,♦7 ♣5,,60000,0.142254761904771,0.2951660952140494,0.0,400.0,0.0,80.0,0.0,5,bet,80.0,False,True,103.064,Three of a Kind,0.0,480.0,-480.0
2018-03-17 14:06:21,14,7,Deal,Im Not Kao Chin,736.0,1,1,6,5,♥10 ♠K,,60000,0.23789060846559593,0.34881804831857244,0.0,480.0,0.0,80.0,80.0,1,call,80.0,False,False,53.1024,Two Pair,1477.0,480.0,997.0
2018-03-17 14:06:21,14,8,Deal,ヽ(=^･ω･^=)丿,2091.0,1,2,6,5,♦2 ♠8,,60000,0.10395529100529803,0.2514431621440279,0.0,560.0,0.0,80.0,80.0,2,call,80.0,False,True,12.0672,Pair,0.0,160.0,-160.0
2018-03-17 14:06:21,14,9,Deal,SML,117.0,2,3,6,5,♠J ♥6,,60000,0.14840462962963621,0.2907548871010322,0.0,640.0,0.0,80.0,80.0,3,call,80.0,True,False,12.0896,Pair,0.0,197.0,-197.0
2018-03-17 14:06:21,14,10,Deal,Tobacco AI,4683.0,1,SB,6,5,♥8 ♣J,,60000,0.18316018518517857,0.3174394636533794,0.0,720.0,0.0,80.0,80.0,4,call,80.0,False,True,12.0896,Pair,0.0,160.0,-160.0
2018-03-17 14:06:21,14,11,Flop,Tobacco AI,4603.0,1,SB,6,5,♥8 ♣J,♣10 ♦5 ♠5,180,0.19166666666666668,0.38708908918098295,800.0,0.0,160.0,0.0,0.0,6,fold,0.0,False,True,12.0896,Pair,0.0,160.0,-160.0
2018-03-17 14:06:21,14,12,Flop,Out Bluffed,880.0,1,BB,6,4,♦7 ♣5,♣10 ♦5 ♠5,182,0.6978021978021978,0.4408976911496632,800.0,0.0,160.0,0.0,0.0,6,bet,80.0,False,True,103.064,Three of a Kind,0.0,480.0,-480.0
2018-03-17 14:06:21,14,13,Flop,Im Not Kao Chin,656.0,1,1,6,4,♥10 ♠K,♣10 ♦5 ♠5,184,0.43478260869565216,0.4874366809734493,800.0,80.0,160.0,0.0,80.0,1,raise,160.0,False,False,53.1024,Two Pair,1477.0,480.0,997.0
2018-03-17 14:06:21,14,14,Flop,ヽ(=^･ω･^=)丿,2011.0,1,2,6,4,♦2 ♠8,♣10 ♦5 ♠5,104,0.15865384615384615,0.36204828006854517,800.0,240.0,160.0,0.0,160.0,1,fold,0.0,False,True,12.0672,Pair,0.0,160.0,-160.0
2018-03-17 14:06:21,14,15,Flop,SML,37.0,2,3,6,3,♠J ♥6,♣10 ♦5 ♠5,179,0.09404096834264433,0.28679049044617855,800.0,240.0,160.0,0.0,160.0,1,allin,37.0,True,False,12.0896,Pair,0.0,197.0,-197.0
2018-03-17 14:06:21,14,16,Flop,Out Bluffed,800.0,1,BB,6,3,♦7 ♣5,♣10 ♦5 ♠5,181,0.7276243093922651,0.42022013734344404,800.0,277.0,160.0,80.0,80.0,1,call,80.0,False,True,103.064,Three of a Kind,0.0,480.0,-480.0
2018-03-17 14:06:21,14,17,Turn,Out Bluffed,720.0,1,BB,6,3,♦7 ♣5,♣10 ♦5 ♠5 ♥Q,174,0.7729885057471264,0.38865407288954185,1157.0,0.0,320.0,0.0,0.0,6,bet,80.0,False,True,103.064,Three of a Kind,0.0,480.0,-480.0
2018-03-17 14:06:21,14,18,Turn,Im Not Kao Chin,496.0,1,1,6,3,♥10 ♠K,♣10 ♦5 ♠5 ♥Q,168,0.5208333333333334,0.49807416815583505,1157.0,80.0,320.0,0.0,80.0,1,raise,160.0,False,False,53.1024,Two Pair,1477.0,480.0,997.0
2018-03-17 14:06:21,14,19,Turn,Out Bluffed,640.0,1,BB,6,3,♦7 ♣5,♣10 ♦5 ♠5 ♥Q,172,0.7267441860465116,0.4046027102774676,1157.0,240.0,320.0,80.0,80.0,1,call,80.0,False,True,103.064,Three of a Kind,0.0,480.0,-480.0
2018-03-17 14:06:21,14,20,River,Out Bluffed,560.0,1,BB,6,3,♦7 ♣5,♣10 ♦5 ♠5 ♥Q ♠4,162,0.75,0.40157867485558224,1477.0,0.0,480.0,0.0,0.0,6,fold,0.0,False,True,103.064,Three of a Kind,0.0,480.0,-480.0
2018-03-17 14:06:21,14,21,River,Im Not Kao Chin,336.0,1,1,6,2,♥10 ♠K,♣10 ♦5 ♠5 ♥Q ♠4,191,0.6020942408376964,0.48946579654535055,1477.0,0.0,480.0,0.0,0.0,6,call,0.0,False,False,53.1024,Two Pair,1477.0,480.0,997.0
2018-03-17 14:06:21,15,1,Deal,ヽ(=^･ω･^=)丿,2011.0,1,1,5,5,♠A ♠7,,60000,0.28374232804220534,0.3613931937159179,0.0,120.0,0.0,0.0,80.0,1,bet,401.0,False,True,21.0088,Pair,0.0,481.0,-481.0
2018-03-17 14:06:21,15,2,Deal,PCB,3013.0,0,2,5,5,♦K ♠5,,60000,0.20757169312162665,0.31504372900535826,0.0,521.0,0.0,0.0,401.0,1,fold,0.0,False,True,12.3136,Pair,0.0,0.0,0.0
2018-03-17 14:06:21,15,3,Deal,Tobacco AI,4603.0,1,D,5,4,♣5 ♠J,,60000,0.1788013227512866,0.2994972686975695,0.0,521.0,0.0,0.0,401.0,1,fold,0.0,False,True,12.2368,Pair,0.0,0.0,0.0
2018-03-17 14:06:21,15,4,Deal,Out Bluffed,520.0,1,SB,5,3,♦5 ♦Q,,60000,0.2311527777777042,0.3423763511681509,0.0,521.0,0.0,40.0,361.0,1,call,361.0,True,False,12.2624,Pair,1121.0,560.0,561.0
2018-03-17 14:06:21,15,5,Deal,Im Not Kao Chin,1733.0,1,BB,5,3,♠6 ♣10,,60000,0.1804177248676877,0.3024604689250246,0.0,882.0,0.0,80.0,321.0,2,fold,0.0,False,True,13.224,Pair,0.0,80.0,-80.0
2018-03-17 14:06:21,15,6,Flop,Out Bluffed,159.0,1,SB,5,2,♦5 ♦Q,♥6 ♥A ♣2,183,0.059562841530054644,0.223982398646414,882.0,0.0,401.0,0.0,0.0,6,bet,80.0,True,False,12.2624,Pair,1121.0,560.0,561.0
2018-03-17 14:06:21,15,7,Flop,ヽ(=^･ω･^=)丿,1610.0,1,1,5,2,♠A ♠7,♥6 ♥A ♣2,180,0.5,0.4944132324730442,882.0,80.0,401.0,0.0,80.0,1,call,80.0,False,True,21.0088,Pair,0.0,481.0,-481.0
2018-03-17 14:06:21,15,8,Turn,Out Bluffed,79.0,1,SB,5,2,♦5 ♦Q,♥6 ♥A ♣2 ♥5,173,0.12138728323699421,0.32212146357380683,1042.0,0.0,481.0,0.0,0.0,6,allin,79.0,True,False,12.2624,Pair,1121.0,560.0,561.0
2018-03-17 14:06:21,15,9,Turn,ヽ(=^･ω･^=)丿,1530.0,1,1,5,2,♠A ♠7,♥6 ♥A ♣2 ♥5,173,0.33236994219653176,0.4695264391017864,1042.0,79.0,481.0,0.0,79.0,1,fold,0.0,False,True,21.0088,Pair,0.0,481.0,-481.0
2018-03-17 14:06:21,16,1,Deal,PCB,3013.0,0,1,5,5,♣J ♣2,,60000,0.19876309523804767,0.32931298394632247,0.0,120.0,0.0,0.0,80.0,1,call,80.0,False,False,9.3584,Pair,240.0,80.0,160.0
2018-03-17 14:06:21,16,2,Deal,Tobacco AI,4603.0,1,2,5,5,♦Q ♠3,,60000,0.17700899470895837,0.29784823807985,0.0,200.0,0.0,0.0,80.0,2,fold,0.0,False,True,19.3104,Pair,0.0,0.0,0.0
2018-03-17 14:06:21,16,3,Deal,Out Bluffed,1121.0,1,D,5,4,♠7 ♠4,,60000,0.19304947089943153,0.32924070979206765,0.0,200.0,0.0,0.0,80.0,2,fold,0.0,False,True,8.1584,High Card,0.0,0.0,0.0
2018-03-17 14:06:21,16,4,Deal,Im Not Kao Chin,1693.0,1,SB,5,3,♦J ♣4,,60000,0.17147817460314357,0.2955494699430346,0.0,200.0,0.0,40.0,40.0,2,call,40.0,False,True,8.1824,High Card,0.0,80.0,-80.0
2018-03-17 14:06:21,16,5,Deal,ヽ(=^･ω･^=)丿,1450.0,1,BB,5,3,♦6 ♥4,,60000,0.16008042328040964,0.30042831851068597,0.0,240.0,0.0,80.0,0.0,3,call,0.0,False,True,8.1576,High Card,0.0,80.0,-80.0
2018-03-17 14:06:21,16,6,Flop,Im Not Kao Chin,1653.0,1,SB,5,3,♦J ♣4,♥2 ♥A ♥8,184,0.019021739130434784,0.13153409032914073,240.0,0.0,80.0,0.0,0.0,6,fold,0.0,False,True,8.1824,High Card,0.0,80.0,-80.0
2018-03-17 14:06:21,16,7,Flop,ヽ(=^･ω･^=)丿,1450.0,1,BB,5,2,♦6 ♥4,♥2 ♥A ♥8,182,0.14560439560439561,0.3507565098632496,240.0,0.0,80.0,0.0,0.0,6,fold,0.0,False,True,8.1576,High Card,0.0,80.0,-80.0
2018-03-17 14:06:21,16,8,Flop,PCB,2933.0,0,1,5,1,♣J ♣2,♥2 ♥A ♥8,187,0.10267379679144385,0.2931359406277631,240.0,0.0,80.0,0.0,0.0,6,call,0.0,False,False,9.3584,Pair,240.0,80.0,160.0
2018-03-17 14:06:21,17,1,Deal,Tobacco AI,4603.0,1,1,5,5,♥K ♦4,,60000,0.20093121693115462,0.3120244153823373,0.0,120.0,0.0,0.0,80.0,1,fold,0.0,False,True,152.0,Full House,0.0,0.0,0.0
2018-03-17 14:06:21,17,2,Deal,Out Bluffed,1121.0,1,2,5,4,♠10 ♣6,,60000,0.1804177248676877,0.3024604689250246,0.0,120.0,0.0,0.0,80.0,1,call,80.0,False,True,34.0256,Two Pair,0.0,240.0,-240.0
2018-03-17 14:06:21,17,3,Deal,Im Not Kao Chin,1653.0,1,D,5,4,♣A ♦6,,60000,0.23630886243377003,0.3284189694653422,0.0,200.0,0.0,0.0,80.0,2,call,80.0,False,True,34.2048,Two Pair,0.0,160.0,-160.0
2018-03-17 14:06:21,17,4,Deal,ヽ(=^･ω･^=)丿,1410.0,1,SB,5,4,♥J ♠2,,60000,0.15769457671955955,0.28720068049801395,0.0,280.0,0.0,40.0,40.0,3,call,40.0,False,False,63.0002,Two Pair,800.0,320.0,480.0
2018-03-17 14:06:21,17,5,Deal,PCB,3093.0,0,BB,5,4,♠A ♥8,,60000,0.2527243386242306,0.33306513089281276,0.0,320.0,0.0,80.0,0.0,4,fold,0.0,False,True,34.2048,Two Pair,0.0,80.0,-80.0
2018-03-17 14:06:21,17,6,Flop,ヽ(=^･ω･^=)丿,1370.0,1,SB,5,3,♥J ♠2,♣7 ♥4 ♠J,180,0.39166666666666666,0.48383594556649284,320.0,0.0,80.0,0.0,0.0,6,bet,80.0,False,False,63.0002,Two Pair,800.0,320.0,480.0
2018-03-17 14:06:21,17,7,Flop,Out Bluffed,1041.0,1,2,5,3,♠10 ♣6,♣7 ♥4 ♠J,185,0.08288288288288288,0.2634515211595837,320.0,80.0,80.0,0.0,80.0,1,call,80.0,False,True,34.0256,Two Pair,0.0,240.0,-240.0
2018-03-17 14:06:21,17,8,Flop,Im Not Kao Chin,1573.0,1,D,5,3,♣A ♦6,♣7 ♥4 ♠J,189,0.12433862433862433,0.32795697814416364,320.0,160.0,80.0,0.0,80.0,2,call,80.0,False,True,34.2048,Two Pair,0.0,160.0,-160.0
2018-03-17 14:06:21,17,9,Turn,ヽ(=^･ω･^=)丿,1290.0,1,SB,5,3,♥J ♠2,♣7 ♥4 ♠J ♥7,173,0.5664739884393064,0.48969466204989587,560.0,0.0,160.0,0.0,0.0,6,bet,80.0,False,False,63.0002,Two Pair,800.0,320.0,480.0
2018-03-17 14:06:21,17,10,Turn,Out Bluffed,961.0,1,2,5,3,♠10 ♣6,♣7 ♥4 ♠J ♥7,170,0.09117647058823529,0.2852941176470588,560.0,80.0,160.0,0.0,80.0,1,call,80.0,False,True,34.0256,Two Pair,0.0,240.0,-240.0
2018-03-17 14:06:21,17,11,Turn,Im Not Kao Chin,1493.0,1,D,5,3,♣A ♦6,♣7 ♥4 ♠J ♥7,100,0.1416666666666667,0.33860416089850076,560.0,160.0,160.0,0.0,80.0,2,fold,0.0,False,True,34.2048,Two Pair,0.0,160.0,-160.0
2018-03-17 14:06:21,17,12,River,ヽ(=^･ω･^=)丿,1210.0,1,SB,5,2,♥J ♠2,♣7 ♥4 ♠J ♥7 ♠4,545,0.44587155963302755,0.49706147702617137,720.0,0.0,240.0,0.0,0.0,6,bet,80.0,False,False,63.0002,Two Pair,800.0,320.0,480.0
2018-03-17 14:06:21,17,13,River,Out Bluffed,881.0,1,2,5,2,♠10 ♣6,♣7 ♥4 ♠J ♥7 ♠4,163,0.003680981595092025,0.026882088711909995,720.0,80.0,240.0,0.0,80.0,1,fold,0.0,False,True,34.0256,Two Pair,0.0,240.0,-240.0
2018-03-17 14:06:21,18,1,Deal,Out Bluffed,881.0,1,1,5,5,♠A ♦K,,60000,0.33325952380934243,0.37115407797784383,0.0,240.0,0.0,0.0,160.0,1,call,160.0,False,False,16.3328,Pair,0.0,825.0,-825.0
2018-03-17 14:06:21,18,2,Deal,Im Not Kao Chin,1493.0,1,2,5,5,♣10 ♣4,,60000,0.19689365079360804,0.32757760899585175,0.0,400.0,0.0,0.0,160.0,2,call,160.0,False,True,45.0256,Two Pair,0.0,160.0,-160.0
2018-03-17 14:06:21,18,3,Deal,ヽ(=^･ω･^=)丿,1930.0,1,D,5,5,♠K ♦7,,60000,0.22129920634912537,0.3198930319595271,0.0,560.0,0.0,0.0,160.0,3,call,160.0,False,True,16.1296,Pair,0.0,160.0,-160.0
2018-03-17 14:06:21,18,4,Deal,PCB,3013.0,0,SB,5,5,♣2 ♦Q,,60000,0.17135410052906772,0.2942248030504062,0.0,720.0,0.0,80.0,80.0,4,fold,0.0,False,True,43.0512,Two Pair,0.0,80.0,-80.0
2018-03-17 14:06:21,18,5,Deal,Tobacco AI,4443.0,1,BB,5,4,♠10 ♦10,,60000,0.36654259259231536,0.3414107452796823,0.0,720.0,0.0,160.0,0.0,4,call,0.0,False,False,57.0256,Two Pair,2050.0,825.0,1225.0
2018-03-17 14:06:21,18,6,Flop,Tobacco AI,4443.0,1,BB,5,4,♠10 ♦10,♣9 ♦9 ♠4,178,0.37640449438202245,0.48448338567079524,720.0,0.0,160.0,0.0,0.0,6,bet,345.0,False,False,57.0256,Two Pair,2050.0,825.0,1225.0
2018-03-17 14:06:21,18,7,Flop,Out Bluffed,721.0,1,1,5,4,♠A ♦K,♣9 ♦9 ♠4,209,0.24513556618819776,0.4200820091769493,720.0,345.0,160.0,0.0,345.0,1,call,345.0,False,False,16.3328,Pair,0.0,825.0,-825.0
2018-03-17 14:06:21,18,8,Flop,Im Not Kao Chin,1333.0,1,2,5,4,♣10 ♣4,♣9 ♦9 ♠4,179,0.3957169459962756,0.4834186959406539,720.0,690.0,160.0,0.0,345.0,2,fold,0.0,False,True,45.0256,Two Pair,0.0,160.0,-160.0
2018-03-17 14:06:21,18,9,Flop,ヽ(=^･ω･^=)丿,1770.0,1,D,5,3,♠K ♦7,♣9 ♦9 ♠4,187,0.19090909090909092,0.39021826783016117,720.0,690.0,160.0,0.0,345.0,2,fold,0.0,False,True,16.1296,Pair,0.0,160.0,-160.0
2018-03-17 14:06:21,18,10,Turn,Tobacco AI,4098.0,1,BB,5,2,♠10 ♦10,♣9 ♦9 ♠4 ♠J,177,0.3728813559322034,0.48357093619278324,1410.0,0.0,505.0,0.0,0.0,6,check,0.0,False,False,57.0256,Two Pair,2050.0,825.0,1225.0
2018-03-17 14:06:21,18,11,Turn,Out Bluffed,376.0,1,1,5,2,♠A ♦K,♣9 ♦9 ♠4 ♠J,172,0.14825581395348839,0.3491640910319931,1410.0,0.0,505.0,0.0,0.0,6,bet,160.0,False,False,16.3328,Pair,0.0,825.0,-825.0
2018-03-17 14:06:21,18,12,Turn,Tobacco AI,4098.0,1,BB,5,2,♠10 ♦10,♣9 ♦9 ♠4 ♠J,172,0.3372093023255814,0.47275700814549115,1410.0,160.0,505.0,0.0,160.0,1,call,160.0,False,False,57.0256,Two Pair,2050.0,825.0,1225.0
2018-03-17 14:06:21,18,13,River,Tobacco AI,3938.0,1,BB,5,2,♠10 ♦10,♣9 ♦9 ♠4 ♠J ♥2,172,0.25290697674418605,0.43300294396944783,1730.0,0.0,665.0,0.0,0.0,6,check,0.0,False,False,57.0256,Two Pair,2050.0,825.0,1225.0
2018-03-17 14:06:21,18,14,River,Out Bluffed,216.0,1,1,5,2,♠A ♦K,♣9 ♦9 ♠4 ♠J ♥2,104,0.057692307692307696,0.23316068563427195,1730.0,0.0,665.0,0.0,0.0,6,bet,160.0,False,False,16.3328,Pair,0.0,825.0,-825.0
2018-03-17 14:06:21,18,15,River,Tobacco AI,3938.0,1,BB,5,2,♠10 ♦10,♣9 ♦9 ♠4 ♠J ♥2,167,0.33532934131736525,0.47210546932759334,1730.0,160.0,665.0,0.0,160.0,1,call,160.0,False,False,57.0256,Two Pair,2050.0,825.0,1225.0
2018-03-17 14:06:21,19,1,Deal,Im Not Kao Chin,1333.0,1,1,5,5,♣4 ♥Q,,60000,0.18472962962958442,0.3024165770787376,0.0,240.0,0.0,0.0,160.0,1,call,80.0,False,True,12.3584,Pair,0.0,80.0,-80.0
2018-03-17 14:06:21,19,2,Deal,ヽ(=^･ω･^=)丿,1770.0,1,2,5,5,♣K ♥4,,60000,0.20093121693115462,0.3120244153823373,0.0,320.0,0.0,0.0,160.0,1,call,80.0,False,False,80.2048,Two Pair,1342.0,703.0,639.0
2018-03-17 14:06:21,19,3,Deal,PCB,3013.0,0,D,5,5,♦7 ♣6,,60000,0.185791931216896,0.3137588653769617,0.0,400.0,0.0,0.0,160.0,1,call,80.0,False,False,31.2048,Two Pair,0.0,703.0,-703.0
2018-03-17 14:06:21,19,4,Deal,Tobacco AI,5748.0,1,SB,5,5,♥2 ♦2,,60000,0.18202552910049533,0.33310412685624496,0.0,480.0,0.0,80.0,80.0,1,call,0.0,False,True,25.2048,Two Pair,0.0,80.0,-80.0
2018-03-17 14:06:21,19,5,Flop,Tobacco AI,5748.0,1,SB,5,5,♥2 ♦2,♥K ♠5 ♠6,113,0.09734513274336283,0.29642715441494205,480.0,0.0,80.0,0.0,0.0,6,fold,0.0,False,True,25.2048,Two Pair,0.0,80.0,-80.0
2018-03-17 14:06:21,19,6,Flop,Im Not Kao Chin,1253.0,1,1,5,4,♣4 ♥Q,♥K ♠5 ♠6,183,0.06284153005464481,0.2281707059684477,480.0,0.0,80.0,0.0,0.0,6,fold,0.0,False,True,12.3584,Pair,0.0,80.0,-80.0
2018-03-17 14:06:21,19,7,Flop,ヽ(=^･ω･^=)丿,1690.0,1,2,5,3,♣K ♥4,♥K ♠5 ♠6,182,0.3315018315018315,0.4635653788811845,480.0,0.0,80.0,0.0,0.0,6,bet,160.0,False,False,80.2048,Two Pair,1342.0,703.0,639.0
2018-03-17 14:06:21,19,8,Flop,PCB,2933.0,0,D,5,3,♦7 ♣6,♥K ♠5 ♠6,182,0.3021978021978022,0.4501472340277811,480.0,160.0,80.0,0.0,160.0,1,call,160.0,False,False,31.2048,Two Pair,0.0,703.0,-703.0
2018-03-17 14:06:21,19,9,Turn,ヽ(=^･ω･^=)丿,1530.0,1,2,5,3,♣K ♥4,♥K ♠5 ♠6 ♦A,111,0.33183183183183185,0.46147666079250843,800.0,0.0,240.0,0.0,0.0,6,bet,160.0,False,False,80.2048,Two Pair,1342.0,703.0,639.0
2018-03-17 14:06:21,19,10,Turn,PCB,2773.0,0,D,5,3,♦7 ♣6,♥K ♠5 ♠6 ♦A,172,0.26744186046511625,0.43600775021517846,800.0,160.0,240.0,0.0,160.0,1,call,160.0,False,False,31.2048,Two Pair,0.0,703.0,-703.0
2018-03-17 14:06:21,19,11,River,ヽ(=^･ω･^=)丿,1370.0,1,2,5,3,♣K ♥4,♥K ♠5 ♠6 ♦A ♥5,173,0.6242774566473989,0.484308903252102,1120.0,0.0,400.0,0.0,0.0,6,bet,303.0,False,False,80.2048,Two Pair,1342.0,703.0,639.0
2018-03-17 14:06:21,19,12,River,PCB,2613.0,0,D,5,3,♦7 ♣6,♥K ♠5 ♠6 ♦A ♥5,165,0.6272727272727273,0.47880705753686154,1120.0,303.0,400.0,0.0,303.0,1,call,303.0,False,False,31.2048,Two Pair,0.0,703.0,-703.0
2018-03-17 14:06:21,20,1,Deal,ヽ(=^･ω･^=)丿,2409.0,1,1,5,5,♥5 ♣6,,60000,0.17406428571425972,0.30851559865678246,0.0,240.0,0.0,0.0,160.0,1,call,160.0,False,True,5.0092,High Card,0.0,160.0,-160.0
2018-03-17 14:06:21,20,2,Deal,PCB,2310.0,0,2,5,5,♦5 ♣Q,,60000,0.19232301587296416,0.30769475544122515,0.0,400.0,0.0,0.0,160.0,2,fold,0.0,False,True,6.034,High Card,0.0,0.0,0.0
2018-03-17 14:06:21,20,3,Deal,Tobacco AI,5748.0,1,D,5,4,♥8 ♣7,,60000,0.20041005291000577,0.31981710110922623,0.0,400.0,0.0,0.0,160.0,2,fold,0.0,False,True,14.0352,Pair,0.0,0.0,0.0
2018-03-17 14:06:21,20,4,Deal,Out Bluffed,200.0,1,SB,5,3,♠6 ♥6,,60000,0.2512167989417015,0.3364149074108944,0.0,400.0,0.0,80.0,80.0,2,call,80.0,True,False,13.0336,Pair,0.0,280.0,-280.0
2018-03-17 14:06:21,20,5,Deal,Im Not Kao Chin,1093.0,1,BB,5,3,♣J ♣4,,60000,0.21164695767190111,0.33468404312838756,0.0,480.0,0.0,160.0,0.0,3,call,0.0,False,False,60.0064,Two Pair,840.0,400.0,440.0
2018-03-17 14:06:21,20,6,Flop,Out Bluffed,120.0,1,SB,5,3,♠6 ♥6,♥J ♠2 ♥4,181,0.2569060773480663,0.43534369100755604,480.0,0.0,160.0,0.0,0.0,6,allin,120.0,True,False,13.0336,Pair,0.0,280.0,-280.0
2018-03-17 14:06:21,20,7,Flop,Im Not Kao Chin,1093.0,1,BB,5,3,♣J ♣4,♥J ♠2 ♥4,105,0.6952380952380952,0.4603065132797933,480.0,120.0,160.0,0.0,120.0,1,raise,240.0,False,False,60.0064,Two Pair,840.0,400.0,440.0
2018-03-17 14:06:21,20,8,Flop,ヽ(=^･ω･^=)丿,2249.0,1,1,5,3,♥5 ♣6,♥J ♠2 ♥4,223,0.21076233183856502,0.402314884616267,480.0,360.0,160.0,0.0,240.0,1,fold,0.0,False,True,5.0092,High Card,0.0,160.0,-160.0
2018-03-17 14:06:21,21,1,Deal,PCB,2310.0,0,1,5,5,♦6 ♦9,,60000,0.2215513227512651,0.3425290597823525,0.0,240.0,0.0,0.0,160.0,1,call,160.0,False,True,20.0592,Pair,0.0,160.0,-160.0
2018-03-17 14:06:21,21,2,Deal,Tobacco AI,5748.0,1,2,5,5,♦7 ♥8,,60000,0.20041005291000577,0.31981710110922623,0.0,400.0,0.0,0.0,160.0,2,fold,0.0,False,True,82.0512,Two Pair,0.0,0.0,0.0
2018-03-17 14:06:21,21,3,Deal,Out Bluffed,1000.0,2,D,5,4,♠5 ♦10,,60000,0.16621005291002772,0.29255589567192314,0.0,400.0,0.0,0.0,160.0,2,fold,0.0,False,True,20.0656,Pair,0.0,0.0,0.0
2018-03-17 14:06:21,21,4,Deal,Im Not Kao Chin,1613.0,1,SB,5,3,♦4 ♦J,,60000,0.21164695767190111,0.33468404312838756,0.0,400.0,0.0,80.0,80.0,2,call,80.0,False,False,20.0784,Pair,640.0,320.0,320.0
2018-03-17 14:06:21,21,5,Deal,ヽ(=^･ω･^=)丿,2089.0,1,BB,5,3,♣8 ♣4,,60000,0.1893956349205989,0.32518238768511964,0.0,480.0,0.0,160.0,0.0,3,call,0.0,False,True,20.055999999999997,Pair,0.0,160.0,-160.0
2018-03-17 14:06:21,21,6,Flop,Im Not Kao Chin,1533.0,1,SB,5,3,♦4 ♦J,♠Q ♠K ♦K,184,0.14221014492753623,0.33338723374860807,480.0,0.0,160.0,0.0,0.0,6,bet,160.0,False,False,20.0784,Pair,640.0,320.0,320.0
2018-03-17 14:06:21,21,7,Flop,ヽ(=^･ω･^=)丿,2089.0,1,BB,5,3,♣8 ♣4,♠Q ♠K ♦K,180,0.042777777777777776,0.18761087256918996,480.0,160.0,160.0,0.0,160.0,1,fold,0.0,False,True,20.055999999999997,Pair,0.0,160.0,-160.0
2018-03-17 14:06:21,21,8,Flop,PCB,2150.0,0,1,5,2,♦6 ♦9,♠Q ♠K ♦K,180,0.10629629629629629,0.30034525172407195,480.0,160.0,160.0,0.0,160.0,1,fold,0.0,False,True,20.0592,Pair,0.0,160.0,-160.0
2018-03-17 14:06:21,22,1,Deal,Tobacco AI,5748.0,1,1,5,5,♦A ♣4,,60000,0.23517486772477747,0.33189083318269347,0.0,240.0,0.0,0.0,160.0,1,call,160.0,False,True,8.078,High Card,0.0,160.0,-160.0
2018-03-17 14:06:21,22,2,Deal,Out Bluffed,1000.0,2,2,5,5,♣8 ♦9,,60000,0.2159392857142231,0.3256312644944539,0.0,400.0,0.0,0.0,160.0,2,fold,0.0,False,True,6.0360000000000005,High Card,0.0,0.0,0.0
2018-03-17 14:06:21,22,3,Deal,Im Not Kao Chin,2013.0,1,D,5,4,♦3 ♠8,,60000,0.13243214285715,0.2669268016338639,0.0,400.0,0.0,0.0,160.0,2,fold,0.0,False,True,10.08,Pair,0.0,0.0,0.0
2018-03-17 14:06:21,22,4,Deal,ヽ(=^･ω･^=)丿,2009.0,1,SB,5,3,♦7 ♥10,,60000,0.20105899470894356,0.3172603591787496,0.0,400.0,0.0,80.0,80.0,2,call,80.0,False,False,6.0408,High Card,0.0,640.0,-640.0
2018-03-17 14:06:21,22,5,Deal,PCB,1990.0,0,BB,5,3,♣3 ♠4,,60000,0.14121005291005528,0.2862246625185476,0.0,480.0,0.0,160.0,0.0,3,call,0.0,False,False,10.0776,Pair,1440.0,640.0,800.0
2018-03-17 14:06:21,22,6,Flop,ヽ(=^･ω･^=)丿,1929.0,1,SB,5,3,♦7 ♥10,♥6 ♥3 ♥Q,180,0.2435185185185185,0.42613823211129626,480.0,0.0,160.0,0.0,0.0,6,bet,160.0,False,False,6.0408,High Card,0.0,640.0,-640.0
2018-03-17 14:06:21,22,7,Flop,PCB,1990.0,0,BB,5,3,♣3 ♠4,♥6 ♥3 ♥Q,102,0.1323529411764706,0.3352382134337483,480.0,160.0,160.0,0.0,160.0,1,call,160.0,False,False,10.0776,Pair,1440.0,640.0,800.0
2018-03-17 14:06:21,22,8,Flop,Tobacco AI,5588.0,1,1,5,3,♦A ♣4,♥6 ♥3 ♥Q,188,0.07819148936170213,0.25412119225499663,480.0,320.0,160.0,0.0,160.0,2,fold,0.0,False,True,8.078,High Card,0.0,160.0,-160.0
2018-03-17 14:06:21,22,9,Turn,ヽ(=^･ω･^=)丿,1769.0,1,SB,5,2,♦7 ♥10,♥6 ♥3 ♥Q ♠J,171,0.14619883040935672,0.3533054378244027,800.0,0.0,320.0,0.0,0.0,6,bet,160.0,False,False,6.0408,High Card,0.0,640.0,-640.0
2018-03-17 14:06:21,22,10,Turn,PCB,1830.0,0,BB,5,2,♣3 ♠4,♥6 ♥3 ♥Q ♠J,186,0.11559139784946236,0.30904626916554545,800.0,160.0,320.0,0.0,160.0,1,call,160.0,False,False,10.0776,Pair,1440.0,640.0,800.0
2018-03-17 14:06:21,22,11,River,ヽ(=^･ω･^=)丿,1609.0,1,SB,5,2,♦7 ♥10,♥6 ♥3 ♥Q ♠J ♠5,174,0.0,0.0,1120.0,0.0,480.0,0.0,0.0,6,bet,160.0,False,False,6.0408,High Card,0.0,640.0,-640.0
2018-03-17 14:06:21,22,12,River,PCB,1670.0,0,BB,5,2,♣3 ♠4,♥6 ♥3 ♥Q ♠J ♠5,169,0.01775147928994083,0.13204682606166507,1120.0,160.0,480.0,0.0,160.0,1,call,160.0,False,False,10.0776,Pair,1440.0,640.0,800.0
2018-03-17 14:06:21,23,1,Deal,Out Bluffed,1000.0,2,1,5,5,♦A ♦K,,60000,0.36445489417969656,0.38728129924327903,0.0,480.0,0.0,0.0,320.0,1,fold,0.0,False,True,99.0512,Two Pair,0.0,0.0,0.0
2018-03-17 14:06:21,23,2,Deal,Im Not Kao Chin,2013.0,1,2,5,4,♦6 ♠3,,60000,0.14388955026455147,0.2859364173902289,0.0,480.0,0.0,0.0,320.0,1,call,320.0,False,True,17.3584,Pair,0.0,320.0,-320.0
2018-03-17 14:06:21,23,3,Deal,ヽ(=^･ω･^=)丿,1449.0,1,D,5,4,♣Q ♥8,,60000,0.2228063492062726,0.3229527043661896,0.0,800.0,0.0,0.0,320.0,2,fold,0.0,False,True,75.2048,Two Pair,0.0,0.0,0.0
2018-03-17 14:06:21,23,4,Deal,PCB,2790.0,0,SB,5,3,♣6 ♠2,,60000,0.12474417989418697,0.26519108464037644,0.0,800.0,0.0,160.0,160.0,2,call,160.0,False,True,17.3584,Pair,0.0,320.0,-320.0
2018-03-17 14:06:21,23,5,Deal,Tobacco AI,5268.0,1,BB,5,3,♣9 ♥K,,60000,0.2510359788358793,0.33678387653771674,0.0,960.0,0.0,320.0,0.0,3,call,0.0,False,False,85.2048,Two Pair,1750.0,1110.0,640.0
2018-03-17 14:06:21,23,6,Flop,PCB,2630.0,0,SB,5,3,♣6 ♠2,♥10 ♣A ♠K,178,0.02331460674157303,0.11841045500317457,960.0,0.0,320.0,0.0,0.0,6,fold,0.0,False,True,17.3584,Pair,0.0,320.0,-320.0
2018-03-17 14:06:21,23,7,Flop,Tobacco AI,5268.0,1,BB,5,2,♣9 ♥K,♥10 ♣A ♠K,183,0.34153005464480873,0.46403064003260397,960.0,0.0,320.0,0.0,0.0,6,bet,790.0,False,False,85.2048,Two Pair,1750.0,1110.0,640.0
2018-03-17 14:06:21,23,8,Flop,Im Not Kao Chin,1693.0,1,2,5,2,♦6 ♠3,♥10 ♣A ♠K,126,0.004761904761904762,0.03049106779729928,960.0,790.0,320.0,0.0,790.0,1,fold,0.0,False,True,17.3584,Pair,0.0,320.0,-320.0
2018-03-17 14:06:21,24,1,Deal,Im Not Kao Chin,1693.0,1,1,5,5,♣4 ♣K,,60000,0.24302063492055156,0.3491794467753405,0.0,480.0,0.0,0.0,320.0,1,call,320.0,False,True,40.1024,Two Pair,0.0,640.0,-640.0
2018-03-17 14:06:21,24,2,Deal,ヽ(=^･ω･^=)丿,1449.0,1,2,5,5,♥6 ♠5,,60000,0.17406428571425972,0.30851559865678246,0.0,800.0,0.0,0.0,320.0,2,fold,0.0,False,True,165.0,Full House,0.0,0.0,0.0
2018-03-17 14:06:21,24,3,Deal,PCB,2630.0,0,D,5,4,♠9 ♥5,,60000,0.1626771164020975,0.2909226793199351,0.0,800.0,0.0,0.0,320.0,2,call,320.0,False,True,165.0,Full House,0.0,640.0,-640.0
2018-03-17 14:06:21,24,4,Deal,Tobacco AI,6068.0,1,SB,5,4,♥8 ♣3,,60000,0.13243214285715,0.2669268016338639,0.0,1120.0,0.0,160.0,160.0,3,call,160.0,True,False,199.0,Full House,8508.0,6228.0,2280.0
2018-03-17 14:06:21,24,5,Deal,Out Bluffed,680.0,2,BB,5,4,♥10 ♠J,,60000,0.2695527777776816,0.3537072909665321,0.0,1280.0,0.0,320.0,0.0,4,bet,320.0,True,False,40.0256,Two Pair,0.0,1000.0,-1000.0
2018-03-17 14:06:21,24,6,Deal,Im Not Kao Chin,1373.0,1,1,5,4,♣4 ♣K,,60000,0.24302063492055156,0.3491794467753405,0.0,1600.0,0.0,320.0,320.0,1,call,320.0,False,True,40.1024,Two Pair,0.0,640.0,-640.0
2018-03-17 14:06:21,24,7,Deal,PCB,2310.0,0,D,5,4,♠9 ♥5,,60000,0.1626771164020975,0.2909226793199351,0.0,1920.0,0.0,320.0,320.0,2,call,320.0,False,True,165.0,Full House,0.0,640.0,-640.0
2018-03-17 14:06:21,24,8,Deal,Tobacco AI,5908.0,1,SB,5,4,♥8 ♣3,,60000,0.13243214285715,0.2669268016338639,0.0,2240.0,0.0,320.0,320.0,3,call,320.0,True,False,199.0,Full House,8508.0,6228.0,2280.0
2018-03-17 14:06:21,24,9,Flop,Tobacco AI,5588.0,1,SB,5,4,♥8 ♣3,♣8 ♦8 ♦3,185,0.927027027027027,0.2521782388200946,2560.0,0.0,640.0,0.0,0.0,6,allin,5588.0,True,False,199.0,Full House,8508.0,6228.0,2280.0
2018-03-17 14:06:21,24,10,Flop,Out Bluffed,360.0,2,BB,5,4,♥10 ♠J,♣8 ♦8 ♦3,183,0.15846994535519127,0.3576209458351077,2560.0,5588.0,640.0,0.0,5588.0,1,allin,360.0,True,False,40.0256,Two Pair,0.0,1000.0,-1000.0
2018-03-17 14:06:21,24,11,Flop,Im Not Kao Chin,1053.0,1,1,5,4,♣4 ♣K,♣8 ♦8 ♦3,180,0.19666666666666666,0.3917056718166503,2560.0,5948.0,640.0,0.0,5588.0,1,fold,0.0,False,True,40.1024,Two Pair,0.0,640.0,-640.0
2018-03-17 14:06:21,24,12,Flop,PCB,1990.0,0,D,5,3,♠9 ♥5,♣8 ♦8 ♦3,185,0.14594594594594595,0.35305201714179313,2560.0,5948.0,640.0,0.0,5588.0,1,fold,0.0,False,True,165.0,Full House,0.0,640.0,-640.0
2018-03-17 14:06:21,25,1,Deal,PCB,1990.0,0,1,4,4,♣10 ♣9,,60000,0.32488333333329916,0.3679666337286446,0.0,480.0,0.0,0.0,320.0,1,call,320.0,False,False,16.2208,Pair,2992.0,1176.0,1816.0
2018-03-17 14:06:21,25,2,Deal,Tobacco AI,8508.0,1,D,4,4,♦Q ♣8,,60000,0.27888253968246185,0.33119830923411714,0.0,800.0,0.0,0.0,320.0,2,call,320.0,False,False,15.2624,Pair,0.0,1176.0,-1176.0
2018-03-17 14:06:21,25,3,Deal,Im Not Kao Chin,893.0,1,SB,4,4,♥5 ♠J,,60000,0.2282799603174131,0.3114646686849142,0.0,1120.0,0.0,160.0,160.0,3,call,160.0,False,True,8.036,High Card,0.0,320.0,-320.0
2018-03-17 14:06:21,25,4,Deal,ヽ(=^･ω･^=)丿,1129.0,1,BB,4,4,♦K ♣4,,60000,0.2556837301586567,0.32068798092002865,0.0,1280.0,0.0,320.0,0.0,4,call,0.0,False,True,8.1128,High Card,0.0,320.0,-320.0
2018-03-17 14:06:21,25,5,Flop,Im Not Kao Chin,733.0,1,SB,4,4,♥5 ♠J,♥8 ♦2 ♦9,180,0.11388888888888889,0.31104910096297744,1280.0,0.0,320.0,0.0,0.0,6,fold,0.0,False,True,8.036,High Card,0.0,320.0,-320.0
2018-03-17 14:06:21,25,6,Flop,ヽ(=^･ω･^=)丿,1129.0,1,BB,4,3,♦K ♣4,♥8 ♦2 ♦9,339,0.17256637168141592,0.37493310025336035,1280.0,0.0,320.0,0.0,0.0,6,fold,0.0,False,True,8.1128,High Card,0.0,320.0,-320.0
2018-03-17 14:06:21,25,7,Flop,PCB,1670.0,0,1,4,2,♣10 ♣9,♥8 ♦2 ♦9,107,0.4672897196261682,0.4942237755932059,1280.0,0.0,320.0,0.0,0.0,6,check,0.0,False,False,16.2208,Pair,2992.0,1176.0,1816.0
2018-03-17 14:06:21,25,8,Flop,Tobacco AI,8188.0,1,D,4,2,♦Q ♣8,♥8 ♦2 ♦9,181,0.40331491712707185,0.4848990955563869,1280.0,0.0,320.0,0.0,0.0,6,bet,856.0,False,False,15.2624,Pair,0.0,1176.0,-1176.0
2018-03-17 14:06:21,25,9,Flop,PCB,1670.0,0,1,4,2,♣10 ♣9,♥8 ♦2 ♦9,183,0.4526411657559199,0.4923864854767264,1280.0,856.0,320.0,0.0,856.0,1,call,856.0,False,False,16.2208,Pair,2992.0,1176.0,1816.0
2018-03-17 14:06:21,25,10,Turn,PCB,814.0,0,1,4,2,♣10 ♣9,♥8 ♦2 ♦9 ♣A,170,0.5029411764705882,0.49851856660075833,2992.0,0.0,1176.0,0.0,0.0,6,check,0.0,False,False,16.2208,Pair,2992.0,1176.0,1816.0
2018-03-17 14:06:21,25,11,Turn,Tobacco AI,7332.0,1,D,4,2,♦Q ♣8,♥8 ♦2 ♦9 ♣A,175,0.35428571428571426,0.4722849364784883,2992.0,0.0,1176.0,0.0,0.0,6,check,0.0,False,False,15.2624,Pair,0.0,1176.0,-1176.0
2018-03-17 14:06:21,25,12,River,PCB,814.0,0,1,4,2,♣10 ♣9,♥8 ♦2 ♦9 ♣A ♦6,163,0.3312883435582822,0.47067650990961063,2992.0,0.0,1176.0,0.0,0.0,6,check,0.0,False,False,16.2208,Pair,2992.0,1176.0,1816.0
2018-03-17 14:06:21,25,13,River,Tobacco AI,7332.0,1,D,4,2,♦Q ♣8,♥8 ♦2 ♦9 ♣A ♦6,164,0.18597560975609756,0.38712309681552554,2992.0,0.0,1176.0,0.0,0.0,6,check,0.0,False,False,15.2624,Pair,0.0,1176.0,-1176.0
2018-03-17 14:06:21,26,1,Deal,Tobacco AI,7332.0,1,1,4,4,♦Q ♠K,,60000,0.3652428571428213,0.36397502739035154,0.0,480.0,0.0,0.0,320.0,1,bet,640.0,False,True,121.0,Straight,0.0,1280.0,-1280.0
2018-03-17 14:06:21,26,2,Deal,Im Not Kao Chin,733.0,1,D,4,4,♠Q ♦K,,60000,0.3652428571428213,0.36397502739035154,0.0,1120.0,0.0,0.0,640.0,1,fold,0.0,False,True,121.0,Straight,0.0,0.0,0.0
2018-03-17 14:06:21,26,3,Deal,ヽ(=^･ω･^=)丿,1969.0,2,SB,4,3,♠8 ♥2,,60000,0.1683589285714324,0.2787834840894141,0.0,1120.0,0.0,160.0,480.0,1,call,480.0,False,True,17.0352,Pair,0.0,1920.0,-1920.0
2018-03-17 14:06:21,26,4,Deal,PCB,3486.0,0,BB,4,3,♠3 ♣3,,60000,0.24547857142851676,0.33164222091820267,0.0,1600.0,0.0,320.0,320.0,2,raise,960.0,False,False,51.0256,Two Pair,5120.0,1920.0,3200.0
2018-03-17 14:06:21,26,5,Deal,Tobacco AI,6692.0,1,1,4,3,♦Q ♠K,,60000,0.3652428571428213,0.36397502739035154,0.0,2560.0,0.0,640.0,640.0,1,call,640.0,False,True,121.0,Straight,0.0,1280.0,-1280.0
2018-03-17 14:06:21,26,6,Deal,ヽ(=^･ω･^=)丿,1489.0,2,SB,4,3,♠8 ♥2,,60000,0.1683589285714324,0.2787834840894141,0.0,3200.0,0.0,640.0,640.0,2,call,640.0,False,True,17.0352,Pair,0.0,1920.0,-1920.0
2018-03-17 14:06:21,26,7,Flop,ヽ(=^･ω･^=)丿,849.0,2,SB,4,3,♠8 ♥2,♣J ♣10 ♠6,179,0.08286778398510242,0.26564883831819563,3840.0,0.0,1280.0,0.0,0.0,6,bet,320.0,False,True,17.0352,Pair,0.0,1920.0,-1920.0
2018-03-17 14:06:21,26,8,Flop,PCB,2526.0,0,BB,4,3,♠3 ♣3,♣J ♣10 ♠6,183,0.18032786885245902,0.38446030818224836,3840.0,320.0,1280.0,0.0,320.0,1,call,320.0,False,False,51.0256,Two Pair,5120.0,1920.0,3200.0
2018-03-17 14:06:21,26,9,Flop,Tobacco AI,6052.0,1,1,4,3,♦Q ♠K,♣J ♣10 ♠6,237,0.38396624472573837,0.479798972188251,3840.0,640.0,1280.0,0.0,320.0,2,fold,0.0,False,True,121.0,Straight,0.0,1280.0,-1280.0
2018-03-17 14:06:21,26,10,Turn,ヽ(=^･ω･^=)丿,529.0,2,SB,4,2,♠8 ♥2,♣J ♣10 ♠6 ♠10,182,0.0521978021978022,0.21931613089304425,4480.0,0.0,1600.0,0.0,0.0,6,bet,320.0,False,True,17.0352,Pair,0.0,1920.0,-1920.0
2018-03-17 14:06:21,26,11,Turn,PCB,2206.0,0,BB,4,2,♠3 ♣3,♣J ♣10 ♠6 ♠10,168,0.32142857142857145,0.4670248868079293,4480.0,320.0,1600.0,0.0,320.0,1,call,320.0,False,False,51.0256,Two Pair,5120.0,1920.0,3200.0
2018-03-17 14:06:21,26,12,River,ヽ(=^･ω･^=)丿,209.0,2,SB,4,2,♠8 ♥2,♣J ♣10 ♠6 ♠10 ♥9,114,0.0,0.0,5120.0,0.0,1920.0,0.0,0.0,6,fold,0.0,False,True,17.0352,Pair,0.0,1920.0,-1920.0
2018-03-17 14:06:21,26,13,River,PCB,1886.0,0,BB,4,1,♠3 ♣3,♣J ♣10 ♠6 ♠10 ♥9,160,0.2125,0.4090767042988393,5120.0,0.0,1920.0,0.0,0.0,6,call,0.0,False,False,51.0256,Two Pair,5120.0,1920.0,3200.0
2018-03-17 14:06:21,27,1,Deal,Im Not Kao Chin,733.0,1,1,4,4,♠5 ♥2,,60000,0.17304563492063663,0.29533000034149787,0.0,960.0,0.0,0.0,640.0,1,fold,0.0,False,True,87.0004,Two Pair,0.0,0.0,0.0
2018-03-17 14:06:21,27,2,Deal,ヽ(=^･ω･^=)丿,209.0,2,D,4,3,♠2 ♦6,,60000,0.16129841269842451,0.2796213985359533,0.0,960.0,0.0,0.0,640.0,1,allin,209.0,True,False,87.0008,Two Pair,0.0,209.0,-209.0
2018-03-17 14:06:21,27,3,Deal,PCB,6686.0,0,SB,4,3,♣10 ♥3,,60000,0.1976906746031519,0.29786858458090626,0.0,1169.0,0.0,320.0,320.0,1,fold,0.0,False,True,87.0128,Two Pair,0.0,320.0,-320.0
2018-03-17 14:06:21,27,4,Deal,Tobacco AI,5412.0,1,BB,4,2,♦3 ♥7,,60000,0.17474920634920815,0.2872249377555612,0.0,1169.0,0.0,640.0,0.0,1,call,0.0,False,False,87.0016,Two Pair,1169.0,640.0,529.0
