game_id,round_id,turn_id,roundName,playerName,chips,reloadCount,position,N,Nnf,Nallin,NMaxBet,hole,board,Nsim,prWin,prWinStd,pot_sum,bet_sum,pot,bet,cost_to_call,action,amount,allIn,folded,rank,message,winMoney,cost,profit
,0,1,Deal,63161ce75141fa3603a231b1c8b9cd75,960,0,3,9,9,0,0,♣10 ♠J,,60000,0.16082037037039004,0.3497411732614166,0,0,0,0,0,call,20,False,True,13.1408,Pair,0.0,,
,0,2,Deal,8c94134f25efe7680f9743b2774e8e1f,620,0,4,9,9,0,0,♠4 ♠A,,60000,0.17350925925927863,0.3623247648543089,0,20,0,0,20,call,20,False,False,13.3076,Pair,0.0,,
,0,3,Deal,4144e097d2fa7a491cec2a7a4322f2bc,960,0,5,9,9,0,0,♥A ♠2,,60000,0.12154074074075691,0.3089178885880975,0,40,0,0,20,fold,0,False,True,13.3076,Pair,0.0,,
,0,4,Deal,4bba3ab232fc6c57e7dbb1f5932b61d0,600,0,6,9,8,0,0,♦J ♦8,,60000,0.15539814814816533,0.3467861322804052,0,40,0,0,20,call,20,False,True,13.1312,Pair,0.0,,
,0,5,Deal,66af1fc97570a318833f295a60193216,600,0,D,9,8,0,0,♦5 ♠Q,,60000,0.10314629629630828,0.28840680125891005,0,60,0,0,20,call,20,False,True,31.1024,Two Pair,0.0,,
,0,6,Deal,ヽ(=^･ω･^=)丿,2670,0,SB,9,8,0,0,♣8 ♦7,,60000,0.11546111111112299,0.3057281020204024,0,80,0,0,20,call,10,False,True,13.1072,Pair,0.0,,
,0,7,Deal,6ba89ab41823af9b65ea5d233031b9f8,2660,2,BB,9,8,0,0,♣2 ♥3,,60000,0.06888703703704184,0.2427131499989602,0,90,0,0,20,call,0,False,False,29.1024,Two Pair,0.0,,
,0,8,Flop,ヽ(=^･ω･^=)丿,2660,0,SB,9,8,0,0,♣8 ♦7,♣5 ♦6 ♦K,582,0.2677548682703322,0.4304642878363931,90,0,10,0,0,check,0,False,True,13.1072,Pair,0.0,,
,0,9,Flop,6ba89ab41823af9b65ea5d233031b9f8,2660,2,BB,9,8,0,0,♣2 ♥3,♣5 ♦6 ♦K,575,0.0771014492753623,0.2554664282997626,90,0,0,0,0,bet,20,False,False,29.1024,Two Pair,0.0,,
,0,10,Flop,3a50c1151e7e4f1de5a6ecf60feb6b9c,2940,2,1,9,8,0,0,♠10 ♥10,♣5 ♦6 ♦K,528,0.09848484848484848,0.2979690975651081,90,20,0,0,20,call,20,False,False,54.1024,Two Pair,440.0,,
,0,11,Flop,3b2911d7bf58bdc5f03753fc97d59fd7,920,0,2,9,8,0,0,♥9 ♥7,♣5 ♦6 ♦K,595,0.1299719887955182,0.32165523580168937,90,40,0,0,20,fold,0,False,True,13.1104,Pair,0.0,,
,0,12,Flop,63161ce75141fa3603a231b1c8b9cd75,940,0,3,9,7,0,0,♣10 ♠J,♣5 ♦6 ♦K,514,0.03826199740596628,0.1817004433545759,90,40,20,0,20,fold,0,False,True,13.1408,Pair,0.0,,
,0,13,Flop,8c94134f25efe7680f9743b2774e8e1f,600,0,4,9,6,0,0,♠4 ♠A,♣5 ♦6 ♦K,539,0.02350030921459493,0.1356941313731847,90,40,20,0,20,call,20,False,False,13.3076,Pair,0.0,,
,0,14,Flop,4bba3ab232fc6c57e7dbb1f5932b61d0,580,0,6,9,6,0,0,♦J ♦8,♣5 ♦6 ♦K,546,0.31684981684981683,0.4616256676727379,90,60,20,0,20,fold,0,False,True,13.1312,Pair,0.0,,
,0,15,Flop,66af1fc97570a318833f295a60193216,580,0,D,9,5,0,0,♦5 ♠Q,♣5 ♦6 ♦K,590,0.12372881355932204,0.32538841616315817,90,60,20,0,20,call,20,False,True,31.1024,Two Pair,0.0,,
,0,16,Flop,ヽ(=^･ω･^=)丿,2660,0,SB,9,5,0,0,♣8 ♦7,♣5 ♦6 ♦K,564,0.26920803782505914,0.4308467061754487,90,80,10,0,20,call,20,False,True,13.1072,Pair,0.0,,
,0,17,Turn,ヽ(=^･ω･^=)丿,2640,0,SB,9,5,0,0,♣8 ♦7,♣5 ♦6 ♦K ♠3,559,0.167262969588551,0.36411215404291564,190,0,30,0,0,fold,0,False,True,13.1072,Pair,0.0,,
,0,18,Turn,6ba89ab41823af9b65ea5d233031b9f8,2640,2,BB,9,4,0,0,♣2 ♥3,♣5 ♦6 ♦K ♠3,519,0.02119460500963391,0.12620791593284397,190,0,20,0,0,bet,20,False,False,29.1024,Two Pair,0.0,,
,0,19,Turn,3a50c1151e7e4f1de5a6ecf60feb6b9c,2920,2,1,9,4,0,0,♠10 ♥10,♣5 ♦6 ♦K ♠3,585,0.09230769230769231,0.2894598111111812,190,20,20,0,20,call,20,False,False,54.1024,Two Pair,440.0,,
,0,20,Turn,8c94134f25efe7680f9743b2774e8e1f,580,0,4,9,4,0,0,♠4 ♠A,♣5 ♦6 ♦K ♠3,592,0.09403153153153153,0.23305574008108337,190,40,40,0,20,call,20,False,False,13.3076,Pair,0.0,,
,0,21,Turn,66af1fc97570a318833f295a60193216,560,0,D,9,4,0,0,♦5 ♠Q,♣5 ♦6 ♦K ♠3,544,0.0661764705882353,0.24486508537274576,190,60,40,0,20,fold,0,False,True,31.1024,Two Pair,0.0,,
,0,22,River,6ba89ab41823af9b65ea5d233031b9f8,2620,2,BB,9,3,0,0,♣2 ♥3,♣5 ♦6 ♦K ♠3 ♥6,512,0.005859375,0.06963102917959331,250,0,40,0,0,bet,20,False,False,29.1024,Two Pair,0.0,,
,0,23,River,3a50c1151e7e4f1de5a6ecf60feb6b9c,2900,2,1,9,3,0,0,♠10 ♥10,♣5 ♦6 ♦K ♠3 ♥6,539,0.04823747680890538,0.21426764254085517,250,20,40,0,20,call,20,False,False,54.1024,Two Pair,440.0,,
,0,24,River,8c94134f25efe7680f9743b2774e8e1f,560,0,4,9,3,0,0,♠4 ♠A,♣5 ♦6 ♦K ♠3 ♥6,568,0.0,0.0,250,40,60,0,20,raise,40,False,False,13.3076,Pair,0.0,,
,0,25,River,6ba89ab41823af9b65ea5d233031b9f8,2600,2,BB,9,3,0,0,♣2 ♥3,♣5 ♦6 ♦K ♠3 ♥6,514,0.005836575875486381,0.06949638560113522,250,80,40,20,20,call,20,False,False,29.1024,Two Pair,0.0,,
,0,26,River,3a50c1151e7e4f1de5a6ecf60feb6b9c,2880,2,1,9,3,0,0,♠10 ♥10,♣5 ♦6 ♦K ♠3 ♥6,522,0.04789272030651341,0.2135392414713405,250,100,40,20,20,call,20,False,False,54.1024,Two Pair,440.0,,
,1,1,Deal,3b2911d7bf58bdc5f03753fc97d59fd7,920,0,1,9,9,0,1,♥5 ♠3,,60000,0.0913222222222292,0.27777076772063974,0,30,0,0,20,call,20,False,True,14.1216,Pair,0.0,20.0,-20.0
,1,2,Deal,63161ce75141fa3603a231b1c8b9cd75,940,0,2,9,9,0,2,♣4 ♣J,,60000,0.13035000000001332,0.32301454185690676,0,50,0,0,20,call,20,False,True,14.1408,Pair,0.0,20.0,-20.0
,1,3,Deal,8c94134f25efe7680f9743b2774e8e1f,520,0,3,9,9,0,3,♠4 ♣2,,60000,0.07686111111111668,0.2560314514063371,0,70,0,0,20,call,20,True,False,14.1216,Pair,0.0,520.0,-520.0
,1,4,Deal,4144e097d2fa7a491cec2a7a4322f2bc,960,0,4,9,9,0,4,♣A ♦10,,60000,0.16458888888891277,0.35006905403916433,0,90,0,0,20,call,20,False,False,55.2048,Two Pair,1220.0,520.0,700.0
,1,5,Deal,4bba3ab232fc6c57e7dbb1f5932b61d0,580,0,5,9,9,0,5,♥4 ♦K,,60000,0.10741481481482834,0.2926227840526617,0,110,0,0,20,call,20,False,True,82.0128,Two Pair,0.0,20.0,-20.0
,1,6,Deal,66af1fc97570a318833f295a60193216,560,0,6,9,9,0,6,♠10 ♥6,,60000,0.09782037037038115,0.28252425388416685,0,130,0,0,20,fold,0,False,True,55.1024,Two Pair,0.0,0.0,0.0
,1,7,Deal,ヽ(=^･ω･^=)丿,2640,0,D,9,8,0,6,♠2 ♠A,,60000,0.1643444444444625,0.35472703924696214,0,130,0,0,20,call,20,False,True,14.32,Pair,0.0,20.0,-20.0
,1,8,Deal,6ba89ab41823af9b65ea5d233031b9f8,2570,2,SB,9,8,0,7,♥Q ♦4,,60000,0.0974166666666785,0.2802152047815472,0,150,0,10,10,call,10,False,True,14.1664,Pair,0.0,80.0,-80.0
,1,9,Deal,3a50c1151e7e4f1de5a6ecf60feb6b9c,3280,2,BB,9,8,0,8,♦8 ♣9,,60000,0.1221462962963107,0.3118671534912701,0,160,0,20,0,fold,0,False,True,48.1024,Two Pair,0.0,20.0,-20.0
,1,10,Flop,6ba89ab41823af9b65ea5d233031b9f8,2560,2,SB,9,7,0,7,♥Q ♦4,♥10 ♦7 ♠9,535,0.027102803738317756,0.1542664847265797,160,0,20,0,0,bet,20,False,True,14.1664,Pair,0.0,80.0,-80.0
,1,11,Flop,3b2911d7bf58bdc5f03753fc97d59fd7,900,0,1,9,7,0,1,♥5 ♠3,♥10 ♦7 ♠9,581,0.007649646203863072,0.08313339019530179,160,20,20,0,20,fold,0,False,True,14.1216,Pair,0.0,20.0,-20.0
,1,12,Flop,63161ce75141fa3603a231b1c8b9cd75,920,0,2,9,6,0,1,♣4 ♣J,♥10 ♦7 ♠9,523,0.07839388145315487,0.21988112058586756,160,20,20,0,20,fold,0,False,True,14.1408,Pair,0.0,20.0,-20.0
,1,13,Flop,8c94134f25efe7680f9743b2774e8e1f,500,0,3,9,5,0,1,♠4 ♣2,♥10 ♦7 ♠9,506,0.00043917435221783044,0.0069716767089976015,160,20,20,0,20,raise,40,True,False,14.1216,Pair,0.0,520.0,-520.0
,1,14,Flop,4144e097d2fa7a491cec2a7a4322f2bc,940,0,4,9,5,0,1,♣A ♦10,♥10 ♦7 ♠9,533,0.14008755472170104,0.3399983537139274,160,60,20,0,40,call,40,False,False,55.2048,Two Pair,1220.0,520.0,700.0
,1,15,Flop,4bba3ab232fc6c57e7dbb1f5932b61d0,560,0,5,9,5,0,2,♥4 ♦K,♥10 ♦7 ♠9,588,0.01568405139833711,0.11203171282290929,160,100,20,0,40,fold,0,False,True,82.0128,Two Pair,0.0,20.0,-20.0
,1,16,Flop,ヽ(=^･ω･^=)丿,2620,0,D,9,4,0,2,♠2 ♠A,♥10 ♦7 ♠9,521,0.06568564725954361,0.24696539245108495,160,100,20,0,40,fold,0,False,True,14.32,Pair,0.0,20.0,-20.0
,1,17,Flop,6ba89ab41823af9b65ea5d233031b9f8,2540,2,SB,9,3,0,2,♥Q ♦4,♥10 ♦7 ♠9,541,0.030499075785582256,0.16439979474746627,160,100,20,20,20,call,20,False,True,14.1664,Pair,0.0,80.0,-80.0
,1,18,Turn,6ba89ab41823af9b65ea5d233031b9f8,2520,2,SB,9,3,0,3,♥Q ♦4,♥10 ♦7 ♠9 ♣K,614,0.04858849077090119,0.1690004841163547,280,0,60,0,0,bet,20,False,True,14.1664,Pair,0.0,80.0,-80.0
,1,19,Turn,8c94134f25efe7680f9743b2774e8e1f,460,0,3,9,3,0,1,♠4 ♣2,♥10 ♦7 ♠9 ♣K,622,0.0,0.0,280,20,60,0,20,allin,460,True,False,14.1216,Pair,0.0,520.0,-520.0
,1,20,Turn,4144e097d2fa7a491cec2a7a4322f2bc,900,0,4,9,3,1,1,♣A ♦10,♥10 ♦7 ♠9 ♣K,531,0.128060263653484,0.3341568980680844,280,480,60,0,460,call,460,False,False,55.2048,Two Pair,1220.0,520.0,700.0
,1,21,Turn,6ba89ab41823af9b65ea5d233031b9f8,2500,2,SB,9,3,1,2,♥Q ♦4,♥10 ♦7 ♠9 ♣K,591,0.04878736604624929,0.16999755509063155,280,940,60,20,440,fold,0,False,True,14.1664,Pair,0.0,80.0,-80.0
,2,1,Deal,63161ce75141fa3603a231b1c8b9cd75,920,0,1,9,9,0,1,♥2 ♦4,,60000,0.07686111111111668,0.2560314514063371,0,30,0,0,20,fold,0,False,True,22.0512,Two Pair,0.0,0.0,0.0
,2,2,Deal,8c94134f25efe7680f9743b2774e8e1f,1000,1,2,9,8,0,1,♠J ♥5,,60000,0.09487777777778841,0.27763682759456065,0,30,0,0,20,fold,0,False,True,10.0784,Pair,0.0,0.0,0.0
,2,3,Deal,4144e097d2fa7a491cec2a7a4322f2bc,1660,0,3,9,7,0,1,♦6 ♦J,,60000,0.13624629629631008,0.32919572121772445,0,30,0,0,20,fold,0,False,True,10.0784,Pair,0.0,0.0,0.0
,2,4,Deal,4bba3ab232fc6c57e7dbb1f5932b61d0,560,0,4,9,6,0,1,♥8 ♣A,,60000,0.13597222222224242,0.32248889991963314,0,30,0,0,20,call,20,False,True,10.2592,Pair,0.0,20.0,-20.0
,2,5,Deal,66af1fc97570a318833f295a60193216,560,0,5,9,6,0,2,♦10 ♦Q,,60000,0.1961555555555776,0.37978807545091936,0,50,0,0,20,call,20,True,False,68.0128,Two Pair,0.0,560.0,-560.0
,2,6,Deal,ヽ(=^･ω･^=)丿,2620,0,6,9,6,0,3,♣10 ♦2,,60000,0.07997222222222948,0.258347073489771,0,70,0,0,20,call,20,False,True,22.0512,Two Pair,0.0,220.0,-220.0
,2,7,Deal,6ba89ab41823af9b65ea5d233031b9f8,2500,2,D,9,6,0,4,♣5 ♠9,,60000,0.08745185185186077,0.2686245289932019,0,90,0,0,20,call,20,False,True,10.0592,Pair,0.0,20.0,-20.0
,2,8,Deal,3a50c1151e7e4f1de5a6ecf60feb6b9c,3270,2,SB,9,6,0,5,♣7 ♣J,,60000,0.14428703703705234,0.33662848408381374,0,110,0,10,10,call,10,True,False,123.0785,Flush,2380.0,3280.0,-900.0
,2,9,Deal,3b2911d7bf58bdc5f03753fc97d59fd7,880,0,BB,9,6,0,6,♣6 ♣K,,60000,0.15474074074075822,0.34586280928715113,0,120,0,20,0,call,0,True,False,123.1545,Flush,2620.0,900.0,1720.0
,2,10,Flop,3a50c1151e7e4f1de5a6ecf60feb6b9c,3260,2,SB,9,6,0,6,♣7 ♣J,♣2 ♣3 ♣Q,517,0.6499032882011605,0.4770000043883436,120,0,20,0,0,bet,100,True,False,123.0785,Flush,2380.0,3280.0,-900.0
,2,11,Flop,3b2911d7bf58bdc5f03753fc97d59fd7,880,0,BB,9,6,0,1,♣6 ♣K,♣2 ♣3 ♣Q,501,0.7485029940119761,0.4338735552751329,120,100,20,0,100,raise,200,True,False,123.1545,Flush,2620.0,900.0,1720.0
,2,12,Flop,4bba3ab232fc6c57e7dbb1f5932b61d0,540,0,4,9,6,0,1,♥8 ♣A,♣2 ♣3 ♣Q,525,0.3657142857142857,0.47865457699852054,120,300,20,0,200,fold,0,False,True,10.2592,Pair,0.0,20.0,-20.0
,2,13,Flop,66af1fc97570a318833f295a60193216,540,0,5,9,5,0,1,♦10 ♦Q,♣2 ♣3 ♣Q,553,0.10669077757685352,0.30429488684642436,120,300,20,0,200,call,200,True,False,68.0128,Two Pair,0.0,560.0,-560.0
,2,14,Flop,ヽ(=^･ω･^=)丿,2600,0,6,9,5,0,2,♣10 ♦2,♣2 ♣3 ♣Q,512,0.15234375,0.3593537697533414,120,500,20,0,200,call,200,False,True,22.0512,Two Pair,0.0,220.0,-220.0
,2,15,Flop,6ba89ab41823af9b65ea5d233031b9f8,2480,2,D,9,5,0,3,♣5 ♠9,♣2 ♣3 ♣Q,522,0.02490421455938697,0.1527289764597299,120,700,20,0,200,fold,0,False,True,10.0592,Pair,0.0,20.0,-20.0
,2,16,Flop,3a50c1151e7e4f1de5a6ecf60feb6b9c,3160,2,SB,9,4,0,3,♣7 ♣J,♣2 ♣3 ♣Q,508,0.6614173228346457,0.47322769138005416,120,700,20,100,100,allin,3160,True,False,123.0785,Flush,2380.0,3280.0,-900.0
,2,17,Flop,3b2911d7bf58bdc5f03753fc97d59fd7,680,0,BB,9,4,1,1,♣6 ♣K,♣2 ♣3 ♣Q,500,0.748,0.43416126036301306,120,3860,20,200,3060,allin,680,True,False,123.1545,Flush,2620.0,900.0,1720.0
,2,18,Flop,66af1fc97570a318833f295a60193216,340,0,5,9,4,2,1,♦10 ♦Q,♣2 ♣3 ♣Q,562,0.10498220640569395,0.30214550070781915,120,4540,20,200,3060,allin,340,True,False,68.0128,Two Pair,0.0,560.0,-560.0
,2,19,Flop,ヽ(=^･ω･^=)丿,2400,0,6,9,4,3,1,♣10 ♦2,♣2 ♣3 ♣Q,515,0.15145631067961166,0.3584930914744838,120,4880,20,200,3060,fold,0,False,True,22.0512,Two Pair,0.0,220.0,-220.0
,3,1,Deal,8c94134f25efe7680f9743b2774e8e1f,1000,1,1,9,9,0,1,♦Q ♦3,,60000,0.13545925925927313,0.3283515279554646,0,30,0,0,20,call,20,False,False,10.2816,Pair,0.0,320.0,-320.0
,3,2,Deal,4144e097d2fa7a491cec2a7a4322f2bc,1660,0,2,9,9,0,2,♥10 ♠5,,60000,0.08895925925926843,0.27072190963477627,0,50,0,0,20,fold,0,False,True,8.042,High Card,0.0,0.0,0.0
,3,3,Deal,4bba3ab232fc6c57e7dbb1f5932b61d0,540,0,3,9,8,0,2,♦K ♠10,,60000,0.1618203703703926,0.3482920352025795,0,50,0,0,20,call,20,False,True,8.144,High Card,0.0,20.0,-20.0
,3,4,Deal,66af1fc97570a318833f295a60193216,1000,1,4,9,8,0,3,♦6 ♥2,,60000,0.06884444444444952,0.24210432833238305,0,70,0,0,20,fold,0,False,True,8.0298,High Card,0.0,0.0,0.0
,3,5,Deal,ヽ(=^･ω･^=)丿,2400,0,5,9,7,0,3,♠Q ♣7,,60000,0.10687037037038384,0.29203469069194393,0,70,0,0,20,call,20,False,True,8.0816,High Card,0.0,20.0,-20.0
,3,6,Deal,6ba89ab41823af9b65ea5d233031b9f8,2480,2,6,9,7,0,4,♥7 ♥K,,60000,0.15912407407409193,0.34976047656702897,0,90,0,0,20,call,20,False,True,8.1328,High Card,0.0,20.0,-20.0
,3,7,Deal,3a50c1151e7e4f1de5a6ecf60feb6b9c,2380,2,D,9,7,0,5,♠9 ♦10,,60000,0.1405444444444613,0.3310565940939379,0,110,0,0,20,fold,0,False,True,8.048,High Card,0.0,0.0,0.0
,3,8,Deal,3b2911d7bf58bdc5f03753fc97d59fd7,2610,0,SB,9,6,0,5,♦5 ♦7,,60000,0.13548888888890054,0.3305926437367539,0,110,0,10,10,call,10,False,False,8.0308,High Card,0.0,320.0,-320.0
,3,9,Deal,63161ce75141fa3603a231b1c8b9cd75,900,0,BB,9,6,0,6,♣J ♣5,,60000,0.13335555555556902,0.3262102559438557,0,120,0,20,0,call,0,False,False,18.2084,Pair,1020.0,320.0,700.0
,3,10,Flop,3b2911d7bf58bdc5f03753fc97d59fd7,2600,0,SB,9,6,0,6,♦5 ♦7,♦8 ♦J ♠A,569,0.28998242530755713,0.45278458862704246,120,0,20,0,0,bet,100,False,False,8.0308,High Card,0.0,320.0,-320.0
,3,11,Flop,63161ce75141fa3603a231b1c8b9cd75,900,0,BB,9,6,0,1,♣J ♣5,♦8 ♦J ♠A,527,0.1347248576850095,0.32868704108319113,120,100,20,0,100,call,100,False,False,18.2084,Pair,1020.0,320.0,700.0
,3,12,Flop,8c94134f25efe7680f9743b2774e8e1f,980,1,1,9,6,0,2,♦Q ♦3,♦8 ♦J ♠A,548,0.2950121654501217,0.45415476318025927,120,200,20,0,100,call,100,False,False,10.2816,Pair,0.0,320.0,-320.0
,3,13,Flop,4bba3ab232fc6c57e7dbb1f5932b61d0,520,0,3,9,6,0,3,♦K ♠10,♦8 ♦J ♠A,507,0.14464168310322156,0.340661231029467,120,300,20,0,100,fold,0,False,True,8.144,High Card,0.0,20.0,-20.0
,3,14,Flop,ヽ(=^･ω･^=)丿,2380,0,5,9,5,0,3,♠Q ♣7,♦8 ♦J ♠A,511,0.0228310502283105,0.14304392856097645,120,300,20,0,100,fold,0,False,True,8.0816,High Card,0.0,20.0,-20.0
,3,15,Flop,6ba89ab41823af9b65ea5d233031b9f8,2460,2,6,9,4,0,3,♥7 ♥K,♦8 ♦J ♠A,520,0.024358974358974363,0.14487179487179488,120,300,20,0,100,fold,0,False,True,8.1328,High Card,0.0,20.0,-20.0
,3,16,Turn,3b2911d7bf58bdc5f03753fc97d59fd7,2500,0,SB,9,3,0,3,♦5 ♦7,♦8 ♦J ♠A ♠4,595,0.2,0.3978936135841998,420,0,120,0,0,bet,100,False,False,8.0308,High Card,0.0,320.0,-320.0
,3,17,Turn,63161ce75141fa3603a231b1c8b9cd75,800,0,BB,9,3,0,1,♣J ♣5,♦8 ♦J ♠A ♠4,552,0.08695652173913043,0.2719564348521044,420,100,120,0,100,call,100,False,False,18.2084,Pair,1020.0,320.0,700.0
,3,18,Turn,8c94134f25efe7680f9743b2774e8e1f,880,1,1,9,3,0,2,♦Q ♦3,♦8 ♦J ♠A ♠4,536,0.12126865671641791,0.3235690003273219,420,200,120,0,100,call,100,False,False,10.2816,Pair,0.0,320.0,-320.0
,3,19,River,3b2911d7bf58bdc5f03753fc97d59fd7,2400,0,SB,9,3,0,3,♦5 ♦7,♦8 ♦J ♠A ♠4 ♣3,644,0.0,0.0,720,0,220,0,0,bet,100,False,False,8.0308,High Card,0.0,320.0,-320.0
,3,20,River,63161ce75141fa3603a231b1c8b9cd75,700,0,BB,9,3,0,1,♣J ♣5,♦8 ♦J ♠A ♠4 ♣3,526,0.06273764258555133,0.24052247388997477,720,100,220,0,100,call,100,False,False,18.2084,Pair,1020.0,320.0,700.0
,3,21,River,8c94134f25efe7680f9743b2774e8e1f,780,1,1,9,3,0,2,♦Q ♦3,♦8 ♦J ♠A ♠4 ♣3,588,0.0,0.0,720,200,220,0,100,call,100,False,False,10.2816,Pair,0.0,320.0,-320.0
,4,1,Deal,4144e097d2fa7a491cec2a7a4322f2bc,1660,0,1,9,9,0,1,♦6 ♣K,,60000,0.11393333333334844,0.29978750021172584,0,30,0,0,20,fold,0,False,True,9.308,Pair,0.0,0.0,0.0
,4,2,Deal,4bba3ab232fc6c57e7dbb1f5932b61d0,520,0,2,9,8,0,1,♦K ♥4,,60000,0.10741481481482834,0.2926227840526617,0,30,0,0,20,call,20,False,True,23.2048,Two Pair,0.0,40.0,-40.0
,4,3,Deal,66af1fc97570a318833f295a60193216,1000,1,3,9,8,0,2,♠6 ♠10,,60000,0.1385388888889021,0.3323237334738406,0,50,0,0,20,fold,0,False,True,9.2184,Pair,0.0,0.0,0.0
,4,4,Deal,ヽ(=^･ω･^=)丿,2380,0,4,9,7,0,2,♣10 ♥J,,60000,0.16082037037039004,0.3497411732614166,0,50,0,0,20,call,20,False,True,9.2432,Pair,0.0,40.0,-40.0
,4,5,Deal,6ba89ab41823af9b65ea5d233031b9f8,2460,2,5,9,7,0,3,♠J ♥8,,60000,0.12137777777779299,0.30969502560943424,0,70,0,0,20,call,20,False,True,9.2336,Pair,0.0,40.0,-40.0
,4,6,Deal,3a50c1151e7e4f1de5a6ecf60feb6b9c,2380,2,6,9,7,0,4,♠K ♠4,,60000,0.15064074074075667,0.342694874828116,0,90,0,0,20,fold,0,False,True,23.2048,Two Pair,0.0,0.0,0.0
,4,7,Deal,3b2911d7bf58bdc5f03753fc97d59fd7,2300,0,D,9,6,0,4,♦8 ♥7,,60000,0.11546111111112299,0.3057281020204024,0,90,0,0,20,call,20,False,True,9.2096,Pair,0.0,40.0,-40.0
,4,8,Deal,63161ce75141fa3603a231b1c8b9cd75,1610,0,SB,9,6,0,5,♣7 ♦7,,60000,0.15266851851853439,0.3451007304007773,0,110,0,10,10,call,10,False,True,32.2048,Two Pair,0.0,196.0,-196.0
,4,9,Deal,8c94134f25efe7680f9743b2774e8e1f,660,1,BB,9,6,0,6,♦A ♦J,,60000,0.21033703703706377,0.3876115683258766,0,120,0,20,0,raise,20,False,False,123.23100000000001,Flush,552.0,196.0,356.0
,4,10,Deal,4bba3ab232fc6c57e7dbb1f5932b61d0,500,0,2,9,6,0,1,♦K ♥4,,60000,0.10741481481482834,0.2926227840526617,0,140,0,20,20,call,20,False,True,23.2048,Two Pair,0.0,40.0,-40.0
,4,11,Deal,ヽ(=^･ω･^=)丿,2360,0,4,9,6,0,2,♣10 ♥J,,60000,0.16082037037039004,0.3497411732614166,0,160,0,20,20,call,20,False,True,9.2432,Pair,0.0,40.0,-40.0
,4,12,Deal,6ba89ab41823af9b65ea5d233031b9f8,2440,2,5,9,6,0,3,♠J ♥8,,60000,0.12137777777779299,0.30969502560943424,0,180,0,20,20,call,20,False,True,9.2336,Pair,0.0,40.0,-40.0
,4,13,Deal,3b2911d7bf58bdc5f03753fc97d59fd7,2280,0,D,9,6,0,4,♦8 ♥7,,60000,0.11546111111112299,0.3057281020204024,0,200,0,20,20,call,20,False,True,9.2096,Pair,0.0,40.0,-40.0
,4,14,Deal,63161ce75141fa3603a231b1c8b9cd75,1600,0,SB,9,6,0,5,♣7 ♦7,,60000,0.15266851851853439,0.3451007304007773,0,220,0,20,20,call,20,False,True,32.2048,Two Pair,0.0,196.0,-196.0
,4,15,Flop,63161ce75141fa3603a231b1c8b9cd75,1580,0,SB,9,6,0,6,♣7 ♦7,♠A ♦5 ♠2,535,0.0490134994807892,0.21503943773373846,240,0,40,0,0,bet,78,False,True,32.2048,Two Pair,0.0,196.0,-196.0
,4,16,Flop,8c94134f25efe7680f9743b2774e8e1f,640,1,BB,9,6,0,1,♦A ♦J,♠A ♦5 ♠2,505,0.24356435643564356,0.4234268126373546,240,78,40,0,78,raise,156,False,False,123.23100000000001,Flush,552.0,196.0,356.0
,4,17,Flop,4bba3ab232fc6c57e7dbb1f5932b61d0,480,0,2,9,6,0,1,♦K ♥4,♠A ♦5 ♠2,546,0.05535205535205535,0.19620248150772457,240,234,40,0,156,fold,0,False,True,23.2048,Two Pair,0.0,40.0,-40.0
,4,18,Flop,ヽ(=^･ω･^=)丿,2340,0,4,9,5,0,1,♣10 ♥J,♠A ♦5 ♠2,555,0.01981981981981982,0.1361105934937792,240,234,40,0,156,fold,0,False,True,9.2432,Pair,0.0,40.0,-40.0
,4,19,Flop,6ba89ab41823af9b65ea5d233031b9f8,2420,2,5,9,4,0,1,♠J ♥8,♠A ♦5 ♠2,551,0.047186932849364795,0.2120385017340821,240,234,40,0,156,fold,0,False,True,9.2336,Pair,0.0,40.0,-40.0
,4,20,Flop,3b2911d7bf58bdc5f03753fc97d59fd7,2260,0,D,9,3,0,1,♦8 ♥7,♠A ♦5 ♠2,567,0.03213795806388399,0.17537596975117778,240,234,40,0,156,fold,0,False,True,9.2096,Pair,0.0,40.0,-40.0
,4,21,Flop,63161ce75141fa3603a231b1c8b9cd75,1502,0,SB,9,2,0,1,♣7 ♦7,♠A ♦5 ♠2,574,0.04916763453348819,0.21542062998338457,240,234,40,78,78,call,78,False,True,32.2048,Two Pair,0.0,196.0,-196.0
,4,22,Turn,63161ce75141fa3603a231b1c8b9cd75,1424,0,SB,9,2,0,2,♣7 ♦7,♠A ♦5 ♠2 ♦2,539,0.04267161410018553,0.19980766668344768,552,0,196,0,0,fold,0,False,True,32.2048,Two Pair,0.0,196.0,-196.0
,4,23,Turn,8c94134f25efe7680f9743b2774e8e1f,484,1,BB,9,1,0,1,♦A ♦J,♠A ♦5 ♠2 ♦2,541,0.2797288971041282,0.43231769744811355,552,0,196,0,0,call,0,False,False,123.23100000000001,Flush,552.0,196.0,356.0
,5,1,Deal,4bba3ab232fc6c57e7dbb1f5932b61d0,480,0,1,9,9,0,1,♠9 ♦5,,60000,0.08745185185186077,0.2686245289932019,0,30,0,0,20,call,20,False,True,103.12799999999999,Three of a Kind,0.0,20.0,-20.0
,5,2,Deal,66af1fc97570a318833f295a60193216,1000,1,2,9,9,0,2,♣2 ♠4,,60000,0.07686111111111668,0.2560314514063371,0,50,0,0,20,fold,0,False,True,27.1024,Two Pair,0.0,0.0,0.0
,5,3,Deal,ヽ(=^･ω･^=)丿,2340,0,3,9,8,0,2,♦3 ♦8,,60000,0.10946296296297217,0.30082059521897725,0,50,0,0,20,call,20,False,True,12.1312,Pair,0.0,20.0,-20.0
,5,4,Deal,6ba89ab41823af9b65ea5d233031b9f8,2420,2,4,9,8,0,3,♠Q ♣Q,,60000,0.25453703703707886,0.4071754526914156,0,70,0,0,20,fold,0,False,True,70.1024,Two Pair,0.0,0.0,0.0
,5,5,Deal,3a50c1151e7e4f1de5a6ecf60feb6b9c,2380,2,5,9,7,0,3,♦7 ♥10,,60000,0.11252407407408689,0.30087206228846003,0,70,0,0,20,fold,0,False,True,12.1408,Pair,0.0,0.0,0.0
,5,6,Deal,3b2911d7bf58bdc5f03753fc97d59fd7,2260,0,6,9,6,0,3,♦Q ♠3,,60000,0.09321666666667767,0.2748920082252789,0,70,0,0,20,call,20,False,True,12.1792,Pair,0.0,20.0,-20.0
,5,7,Deal,63161ce75141fa3603a231b1c8b9cd75,1424,0,D,9,6,0,4,♠7 ♣J,,60000,0.10675370370371669,0.2925873150173135,0,90,0,0,20,fold,0,False,True,61.1024,Two Pair,0.0,0.0,0.0
,5,8,Deal,8c94134f25efe7680f9743b2774e8e1f,1026,1,SB,9,5,0,4,♦9 ♦K,,60000,0.1779611111111322,0.3651102867367072,0,90,0,10,10,call,10,False,False,80.0256,Two Pair,380.0,160.0,220.0
,5,9,Deal,4144e097d2fa7a491cec2a7a4322f2bc,1640,0,BB,9,5,0,5,♥4 ♣3,,60000,0.08445925925926577,0.26755470859364167,0,100,0,20,0,call,0,False,False,27.1024,Two Pair,0.0,160.0,-160.0
,5,10,Flop,8c94134f25efe7680f9743b2774e8e1f,1016,1,SB,9,5,0,5,♦9 ♦K,♦4 ♥5 ♥J,580,0.06724137931034482,0.24871249918986765,100,0,20,0,0,bet,100,False,False,80.0256,Two Pair,380.0,160.0,220.0
,5,11,Flop,4144e097d2fa7a491cec2a7a4322f2bc,1640,0,BB,9,5,0,1,♥4 ♣3,♦4 ♥5 ♥J,543,0.06629834254143646,0.2412874448979739,100,100,20,0,100,call,100,False,False,27.1024,Two Pair,0.0,160.0,-160.0
,5,12,Flop,4bba3ab232fc6c57e7dbb1f5932b61d0,460,0,1,9,5,0,2,♠9 ♦5,♦4 ♥5 ♥J,521,0.11708253358925144,0.3200226882883473,100,200,20,0,100,fold,0,False,True,103.12799999999999,Three of a Kind,0.0,20.0,-20.0
,5,13,Flop,ヽ(=^･ω･^=)丿,2320,0,3,9,4,0,2,♦3 ♦8,♦4 ♥5 ♥J,524,0.03816793893129771,0.18655495282213647,100,200,20,0,100,fold,0,False,True,12.1312,Pair,0.0,20.0,-20.0
,5,14,Flop,3b2911d7bf58bdc5f03753fc97d59fd7,2240,0,6,9,3,0,2,♦Q ♠3,♦4 ♥5 ♥J,599,0.03394546466332777,0.16345712091487427,100,200,20,0,100,fold,0,False,True,12.1792,Pair,0.0,20.0,-20.0
,5,15,Turn,8c94134f25efe7680f9743b2774e8e1f,916,1,SB,9,2,0,2,♦9 ♦K,♦4 ♥5 ♥J ♠5,560,0.017857142857142856,0.11818137219838785,300,0,120,0,0,bet,20,False,False,80.0256,Two Pair,380.0,160.0,220.0
,5,16,Turn,4144e097d2fa7a491cec2a7a4322f2bc,1540,0,BB,9,2,0,1,♥4 ♣3,♦4 ♥5 ♥J ♠5,588,0.016439909297052153,0.11341411011191926,300,20,120,0,20,call,20,False,False,27.1024,Two Pair,0.0,160.0,-160.0
,5,17,River,8c94134f25efe7680f9743b2774e8e1f,896,1,SB,9,2,0,2,♦9 ♦K,♦4 ♥5 ♥J ♠5 ♥K,503,0.1318754141815772,0.30631753894632957,340,0,140,0,0,bet,20,False,False,80.0256,Two Pair,380.0,160.0,220.0
,5,18,River,4144e097d2fa7a491cec2a7a4322f2bc,1520,0,BB,9,2,0,1,♥4 ♣3,♦4 ♥5 ♥J ♠5 ♥K,532,0.0,0.0,340,20,140,0,20,call,20,False,False,27.1024,Two Pair,0.0,160.0,-160.0
,6,1,Deal,66af1fc97570a318833f295a60193216,1000,1,1,9,9,0,1,♥7 ♥K,,60000,0.15912407407409193,0.34976047656702897,0,30,0,0,20,call,20,False,False,33.1024,Two Pair,0.0,160.0,-160.0
,6,2,Deal,ヽ(=^･ω･^=)丿,2320,0,2,9,9,0,2,♦6 ♦4,,60000,0.13239629629630711,0.32793180417905793,0,50,0,0,20,call,20,False,True,10.0112,Pair,0.0,20.0,-20.0
,6,3,Deal,6ba89ab41823af9b65ea5d233031b9f8,2420,2,3,9,9,0,3,♠8 ♣Q,,60000,0.11994259259260917,0.3066571258276486,0,70,0,0,20,call,20,False,False,38.0512,Two Pair,540.0,160.0,380.0
,6,4,Deal,3a50c1151e7e4f1de5a6ecf60feb6b9c,2380,2,4,9,9,0,4,♠6 ♥2,,60000,0.06884444444444952,0.24210432833238305,0,90,0,0,20,fold,0,False,True,10.0112,Pair,0.0,0.0,0.0
,6,5,Deal,3b2911d7bf58bdc5f03753fc97d59fd7,2240,0,5,9,8,0,4,♣4 ♣9,,60000,0.11605185185186245,0.3082904746380021,0,90,0,0,20,call,20,False,True,44.0032,Two Pair,0.0,20.0,-20.0
,6,6,Deal,63161ce75141fa3603a231b1c8b9cd75,1424,0,6,9,8,0,5,♠5 ♦J,,60000,0.09487777777778841,0.27763682759456065,0,110,0,0,20,fold,0,False,True,10.0352,Pair,0.0,0.0,0.0
,6,7,Deal,8c94134f25efe7680f9743b2774e8e1f,1256,1,D,9,7,0,5,♣6 ♥J,,60000,0.09571851851852976,0.27868843392907194,0,110,0,0,20,fold,0,False,True,10.0352,Pair,0.0,0.0,0.0
,6,8,Deal,4144e097d2fa7a491cec2a7a4322f2bc,1490,0,SB,9,6,0,5,♠10 ♥8,,60000,0.12718333333334783,0.3177498565863761,0,110,0,10,10,call,10,False,False,38.0128,Two Pair,0.0,160.0,-160.0
,6,9,Deal,4bba3ab232fc6c57e7dbb1f5932b61d0,440,0,BB,9,6,0,6,♦5 ♥3,,60000,0.0913222222222292,0.27777076772063974,0,120,0,20,0,fold,0,False,True,101.0096,Three of a Kind,0.0,20.0,-20.0
,6,10,Flop,4144e097d2fa7a491cec2a7a4322f2bc,1480,0,SB,9,5,0,5,♠10 ♥8,♠7 ♠3 ♣8,509,0.12540929927963326,0.3213556465240706,120,0,20,0,0,bet,20,False,False,38.0128,Two Pair,0.0,160.0,-160.0
,6,11,Flop,66af1fc97570a318833f295a60193216,980,1,1,9,5,0,1,♥7 ♥K,♠7 ♠3 ♣8,565,0.10973451327433628,0.3097142850537508,120,20,20,0,20,call,20,False,False,33.1024,Two Pair,0.0,160.0,-160.0
,6,12,Flop,ヽ(=^･ω･^=)丿,2300,0,2,9,5,0,2,♦6 ♦4,♠7 ♠3 ♣8,537,0.08504034761018002,0.27237391122020194,120,40,20,0,20,fold,0,False,True,10.0112,Pair,0.0,20.0,-20.0
,6,13,Flop,6ba89ab41823af9b65ea5d233031b9f8,2400,2,3,9,4,0,2,♠8 ♣Q,♠7 ♠3 ♣8,521,0.16634676903390916,0.368650342893267,120,40,20,0,20,call,20,False,False,38.0512,Two Pair,540.0,160.0,380.0
,6,14,Flop,3b2911d7bf58bdc5f03753fc97d59fd7,2220,0,5,9,4,0,3,♣4 ♣9,♠7 ♠3 ♣8,524,0.06424936386768447,0.23345709310957904,120,60,20,0,20,fold,0,False,True,44.0032,Two Pair,0.0,20.0,-20.0
,6,15,Turn,4144e097d2fa7a491cec2a7a4322f2bc,1460,0,SB,9,3,0,3,♠10 ♥8,♠7 ♠3 ♣8 ♣3,518,0.10810810810810811,0.301046905444796,180,0,40,0,0,bet,20,False,False,38.0128,Two Pair,0.0,160.0,-160.0
,6,16,Turn,66af1fc97570a318833f295a60193216,960,1,1,9,3,0,1,♥7 ♥K,♠7 ♠3 ♣8 ♣3,584,0.04965753424657534,0.20714932203924138,180,20,40,0,20,call,20,False,False,33.1024,Two Pair,0.0,160.0,-160.0
,6,17,Turn,6ba89ab41823af9b65ea5d233031b9f8,2380,2,3,9,3,0,2,♠8 ♣Q,♠7 ♠3 ♣8 ♣3,562,0.12752075919335704,0.32423804598271583,180,40,40,0,20,bet,100,False,False,38.0512,Two Pair,540.0,160.0,380.0
,6,18,Turn,4144e097d2fa7a491cec2a7a4322f2bc,1440,0,SB,9,3,0,1,♠10 ♥8,♠7 ♠3 ♣8 ♣3,514,0.10505836575875487,0.2969588012963552,180,140,40,20,80,call,80,False,False,38.0128,Two Pair,0.0,160.0,-160.0
,6,19,Turn,66af1fc97570a318833f295a60193216,940,1,1,9,3,0,2,♥7 ♥K,♠7 ♠3 ♣8 ♣3,506,0.04743083003952569,0.2030482140559893,180,220,40,20,80,call,80,False,False,33.1024,Two Pair,0.0,160.0,-160.0
,6,20,River,4144e097d2fa7a491cec2a7a4322f2bc,1360,0,SB,9,3,0,3,♠10 ♥8,♠7 ♠3 ♣8 ♣3 ♠9,509,0.015717092337917484,0.12437871741724492,480,0,140,0,0,bet,20,False,False,38.0128,Two Pair,0.0,160.0,-160.0
,6,21,River,66af1fc97570a318833f295a60193216,860,1,1,9,3,0,1,♥7 ♥K,♠7 ♠3 ♣8 ♣3 ♠9,556,0.0,0.0,480,20,140,0,20,call,20,False,False,33.1024,Two Pair,0.0,160.0,-160.0
,6,22,River,6ba89ab41823af9b65ea5d233031b9f8,2280,2,3,9,3,0,2,♠8 ♣Q,♠7 ♠3 ♣8 ♣3 ♠9,577,0.019064124783362217,0.13354449746466587,480,40,140,0,20,call,20,False,False,38.0512,Two Pair,540.0,160.0,380.0
,7,1,Deal,ヽ(=^･ω･^=)丿,2300,0,1,9,9,0,1,♥K ♥8,,60000,0.1636925925926113,0.3535042490532368,0,30,0,0,20,call,40,False,True,7.068,High Card,0.0,120.0,-120.0
,7,2,Deal,6ba89ab41823af9b65ea5d233031b9f8,2800,2,2,9,9,0,1,♦10 ♠K,,60000,0.1618203703703926,0.3482920352025795,0,70,0,0,40,call,40,False,False,17.1544,Pair,780.0,280.0,500.0
,7,3,Deal,3a50c1151e7e4f1de5a6ecf60feb6b9c,2380,2,3,9,9,0,2,♥4 ♦Q,,60000,0.0974166666666785,0.2802152047815472,0,110,0,0,40,fold,0,False,True,19.0138,Pair,0.0,0.0,0.0
,7,4,Deal,3b2911d7bf58bdc5f03753fc97d59fd7,2220,0,4,9,8,0,2,♦7 ♠6,,60000,0.10892407407408425,0.2989408575912042,0,110,0,0,40,call,40,False,True,13.0656,Pair,0.0,40.0,-40.0
,7,5,Deal,63161ce75141fa3603a231b1c8b9cd75,1424,0,5,9,8,0,3,♠4 ♣2,,60000,0.07686111111111668,0.2560314514063371,0,150,0,0,40,fold,0,False,True,9.0648,Pair,0.0,0.0,0.0
,7,6,Deal,8c94134f25efe7680f9743b2774e8e1f,1256,1,6,9,7,0,3,♠J ♠9,,60000,0.1757759259259451,0.36459840116301034,0,150,0,0,40,call,40,False,False,6.0456,High Card,0.0,280.0,-280.0
,7,7,Deal,4144e097d2fa7a491cec2a7a4322f2bc,1340,0,D,9,7,0,4,♠5 ♥J,,60000,0.09487777777778841,0.27763682759456065,0,190,0,0,40,fold,0,False,True,6.0396,High Card,0.0,0.0,0.0
,7,8,Deal,4bba3ab232fc6c57e7dbb1f5932b61d0,420,0,SB,9,6,0,4,♣9 ♦9,,60000,0.17628148148150455,0.3616973349217143,0,190,0,10,30,fold,0,False,True,16.0648,Pair,0.0,10.0,-10.0
,7,9,Deal,66af1fc97570a318833f295a60193216,800,1,BB,9,5,0,4,♠7 ♥9,,60000,0.11244814814816051,0.3013292453966323,0,190,0,20,20,call,0,False,True,6.0216,High Card,0.0,20.0,-20.0
,7,10,Flop,66af1fc97570a318833f295a60193216,800,1,BB,9,5,0,5,♠7 ♥9,♥10 ♥2 ♣6,549,0.15179113539769276,0.3475000050092473,190,0,20,0,0,fold,0,False,True,6.0216,High Card,0.0,20.0,-20.0
,7,11,Flop,ヽ(=^･ω･^=)丿,2260,0,1,9,4,0,4,♥K ♥8,♥10 ♥2 ♣6,531,0.32893910860012554,0.46793114521317697,190,0,40,0,0,check,0,False,True,7.068,High Card,0.0,120.0,-120.0
,7,12,Flop,6ba89ab41823af9b65ea5d233031b9f8,2760,2,2,9,4,0,4,♦10 ♠K,♥10 ♥2 ♣6,538,0.20817843866171004,0.40600514324092335,190,0,40,0,0,bet,40,False,False,17.1544,Pair,780.0,280.0,500.0
,7,13,Flop,3b2911d7bf58bdc5f03753fc97d59fd7,2180,0,4,9,4,0,1,♦7 ♠6,♥10 ♥2 ♣6,569,0.0913884007029877,0.2788622476906352,190,40,40,0,40,fold,0,False,True,13.0656,Pair,0.0,40.0,-40.0
,7,14,Flop,8c94134f25efe7680f9743b2774e8e1f,1216,1,6,9,3,0,1,♠J ♠9,♥10 ♥2 ♣6,501,0.059880239520958084,0.2330205751684577,190,40,40,0,40,raise,80,False,False,6.0456,High Card,0.0,280.0,-280.0
,7,15,Flop,ヽ(=^･ω･^=)丿,2260,0,1,9,3,0,1,♥K ♥8,♥10 ♥2 ♣6,515,0.32944983818770224,0.4680585108703184,190,120,40,0,80,call,80,False,True,7.068,High Card,0.0,120.0,-120.0
,7,16,Flop,6ba89ab41823af9b65ea5d233031b9f8,2720,2,2,9,3,0,2,♦10 ♠K,♥10 ♥2 ♣6,546,0.20695970695970695,0.40512638355809316,190,200,40,40,40,call,40,False,False,17.1544,Pair,780.0,280.0,500.0
,7,17,Turn,ヽ(=^･ω･^=)丿,2180,0,1,9,3,0,3,♥K ♥8,♥10 ♥2 ♣6 ♦3,564,0.22340425531914893,0.4165270627755722,430,0,120,0,0,fold,0,False,True,7.068,High Card,0.0,120.0,-120.0
,7,18,Turn,6ba89ab41823af9b65ea5d233031b9f8,2680,2,2,9,2,0,2,♦10 ♠K,♥10 ♥2 ♣6 ♦3,508,0.23818897637795275,0.42249524494893903,430,0,120,0,0,bet,40,False,False,17.1544,Pair,780.0,280.0,500.0
,7,19,Turn,8c94134f25efe7680f9743b2774e8e1f,1136,1,6,9,2,0,1,♠J ♠9,♥10 ♥2 ♣6 ♦3,574,0.017421602787456445,0.13083612094438038,430,40,120,0,40,raise,80,False,False,6.0456,High Card,0.0,280.0,-280.0
,7,20,Turn,6ba89ab41823af9b65ea5d233031b9f8,2640,2,2,9,2,0,1,♦10 ♠K,♥10 ♥2 ♣6 ♦3,515,0.23495145631067962,0.4205194979176912,430,120,120,40,40,call,40,False,False,17.1544,Pair,780.0,280.0,500.0
,7,21,River,6ba89ab41823af9b65ea5d233031b9f8,2600,2,2,9,2,0,2,♦10 ♠K,♥10 ♥2 ♣6 ♦3 ♠Q,585,0.08376068376068375,0.27548163416446775,590,0,200,0,0,bet,40,False,False,17.1544,Pair,780.0,280.0,500.0
,7,22,River,8c94134f25efe7680f9743b2774e8e1f,1056,1,6,9,2,0,1,♠J ♠9,♥10 ♥2 ♣6 ♦3 ♠Q,538,0.0,0.0,590,40,200,0,40,raise,80,False,False,6.0456,High Card,0.0,280.0,-280.0
,7,23,River,6ba89ab41823af9b65ea5d233031b9f8,2560,2,2,9,2,0,1,♦10 ♠K,♥10 ♥2 ♣6 ♦3 ♠Q,587,0.08517887563884156,0.27761780567419647,590,120,200,40,40,call,40,False,False,17.1544,Pair,780.0,280.0,500.0
,8,1,Deal,6ba89ab41823af9b65ea5d233031b9f8,3300,2,1,9,9,0,1,♣A ♦2,,60000,0.12154074074075691,0.3089178885880975,0,30,0,0,20,call,40,False,True,19.206,Pair,0.0,40.0,-40.0
,8,2,Deal,3a50c1151e7e4f1de5a6ecf60feb6b9c,2380,2,2,9,9,0,1,♦J ♦5,,60000,0.13335555555556902,0.3262102559438557,0,70,0,0,40,call,40,False,True,70.0256,Two Pair,0.0,40.0,-40.0
,8,3,Deal,3b2911d7bf58bdc5f03753fc97d59fd7,2180,0,3,9,9,0,2,♦6 ♣5,,60000,0.10348333333334288,0.29263495958022295,0,110,0,0,40,call,40,False,False,71.0004,Two Pair,1120.0,240.0,880.0
,8,4,Deal,63161ce75141fa3603a231b1c8b9cd75,1424,0,4,9,9,0,3,♣Q ♥10,,60000,0.1598222222222431,0.34793870740220995,0,150,0,0,40,call,40,False,True,110.0136,Three of a Kind,0.0,40.0,-40.0
,8,5,Deal,8c94134f25efe7680f9743b2774e8e1f,976,1,5,9,9,0,4,♣K ♣4,,60000,0.15064074074075667,0.342694874828116,0,190,0,0,40,call,40,False,False,19.1036,Pair,0.0,240.0,-240.0
,8,6,Deal,4144e097d2fa7a491cec2a7a4322f2bc,1340,0,6,9,9,0,5,♠7 ♣10,,60000,0.11252407407408689,0.30087206228846003,0,230,0,0,40,fold,0,False,True,19.0152,Pair,0.0,0.0,0.0
,8,7,Deal,4bba3ab232fc6c57e7dbb1f5932b61d0,420,0,D,9,8,0,5,♣8 ♦A,,60000,0.13597222222224242,0.32248889991963314,0,230,0,0,40,call,40,False,False,19.2088,Pair,0.0,240.0,-240.0
,8,8,Deal,66af1fc97570a318833f295a60193216,780,1,SB,9,8,0,6,♠K ♣J,,60000,0.16790000000002347,0.35313490481269605,0,270,0,10,30,call,20,False,False,19.1288,Pair,0.0,230.0,-230.0
,8,9,Deal,ヽ(=^･ω･^=)丿,2140,0,BB,9,8,0,6,♥A ♠4,,60000,0.13109259259261005,0.3191262013793272,0,290,0,20,20,call,0,False,True,19.206,Pair,0.0,20.0,-20.0
,8,10,Flop,66af1fc97570a318833f295a60193216,760,1,SB,9,8,0,8,♠K ♣J,♥Q ♦Q ♠3,500,0.078,0.2625185707716694,290,0,30,0,0,bet,40,False,False,19.1288,Pair,0.0,230.0,-230.0
,8,11,Flop,ヽ(=^･ω･^=)丿,2140,0,BB,9,8,0,1,♥A ♠4,♥Q ♦Q ♠3,536,0.04705638474295191,0.1995228672650976,290,40,20,0,40,fold,0,False,True,19.206,Pair,0.0,20.0,-20.0
,8,12,Flop,6ba89ab41823af9b65ea5d233031b9f8,3260,2,1,9,7,0,1,♣A ♦2,♥Q ♦Q ♠3,573,0.04731433003684312,0.19138906619450463,290,40,40,0,40,fold,0,False,True,19.206,Pair,0.0,40.0,-40.0
,8,13,Flop,3a50c1151e7e4f1de5a6ecf60feb6b9c,2340,2,2,9,6,0,1,♦J ♦5,♥Q ♦Q ♠3,531,0.05210295040803515,0.213837272294783,290,40,40,0,40,fold,0,False,True,70.0256,Two Pair,0.0,40.0,-40.0
,8,14,Flop,3b2911d7bf58bdc5f03753fc97d59fd7,2140,0,3,9,5,0,1,♦6 ♣5,♥Q ♦Q ♠3,555,0.044444444444444446,0.19966605420017328,290,40,40,0,40,call,40,False,False,71.0004,Two Pair,1120.0,240.0,880.0
,8,15,Flop,63161ce75141fa3603a231b1c8b9cd75,1384,0,4,9,5,0,2,♣Q ♥10,♥Q ♦Q ♠3,531,0.731638418079096,0.42076173989946203,290,80,40,0,40,fold,0,False,True,110.0136,Three of a Kind,0.0,40.0,-40.0
,8,16,Flop,8c94134f25efe7680f9743b2774e8e1f,936,1,5,9,4,0,2,♣K ♣4,♥Q ♦Q ♠3,571,0.027048063825647013,0.1516496584528608,290,80,40,0,40,raise,80,False,False,19.1036,Pair,0.0,240.0,-240.0
,8,17,Flop,4bba3ab232fc6c57e7dbb1f5932b61d0,380,0,D,9,4,0,1,♣8 ♦A,♥Q ♦Q ♠3,567,0.07877718988830101,0.25442644886992133,290,160,40,0,80,call,80,False,False,19.2088,Pair,0.0,240.0,-240.0
,8,18,Flop,66af1fc97570a318833f295a60193216,720,1,SB,9,4,0,2,♠K ♣J,♥Q ♦Q ♠3,507,0.07692307692307693,0.2608588455048181,290,240,30,40,40,call,40,False,False,19.1288,Pair,0.0,230.0,-230.0
,8,19,Flop,3b2911d7bf58bdc5f03753fc97d59fd7,2100,0,3,9,4,0,3,♦6 ♣5,♥Q ♦Q ♠3,528,0.04292929292929293,0.19583329262971008,290,280,40,40,40,call,40,False,False,71.0004,Two Pair,1120.0,240.0,880.0
,8,20,Turn,66af1fc97570a318833f295a60193216,680,1,SB,9,4,0,4,♠K ♣J,♥Q ♦Q ♠3 ♥5,569,0.05272407732864675,0.21951487365142572,610,0,110,0,0,bet,40,False,False,19.1288,Pair,0.0,230.0,-230.0
,8,21,Turn,3b2911d7bf58bdc5f03753fc97d59fd7,2060,0,3,9,4,0,1,♦6 ♣5,♥Q ♦Q ♠3 ♥5,523,0.09496494582536646,0.2765729564072773,610,40,120,0,40,call,40,False,False,71.0004,Two Pair,1120.0,240.0,880.0
,8,22,Turn,8c94134f25efe7680f9743b2774e8e1f,856,1,5,9,4,0,2,♣K ♣4,♥Q ♦Q ♠3 ♥5,595,0.01680672268907563,0.12183425008026506,610,80,120,0,40,call,40,False,False,19.1036,Pair,0.0,240.0,-240.0
,8,23,Turn,4bba3ab232fc6c57e7dbb1f5932b61d0,300,0,D,9,4,0,3,♣8 ♦A,♥Q ♦Q ♠3 ♥5,570,0.021052631578947368,0.13076943967427523,610,120,120,0,40,call,40,False,False,19.2088,Pair,0.0,240.0,-240.0
,8,24,River,66af1fc97570a318833f295a60193216,640,1,SB,9,4,0,4,♠K ♣J,♥Q ♦Q ♠3 ♥5 ♣6,594,0.0,0.0,770,0,150,0,0,bet,40,False,False,19.1288,Pair,0.0,230.0,-230.0
,8,25,River,3b2911d7bf58bdc5f03753fc97d59fd7,2020,0,3,9,4,0,1,♦6 ♣5,♥Q ♦Q ♠3 ♥5 ♣6,508,0.08858267716535433,0.26809982983030317,770,40,160,0,40,call,40,False,False,71.0004,Two Pair,1120.0,240.0,880.0
,8,26,River,8c94134f25efe7680f9743b2774e8e1f,816,1,5,9,4,0,2,♣K ♣4,♥Q ♦Q ♠3 ♥5 ♣6,573,0.0,0.0,770,80,160,0,40,raise,80,False,False,19.1036,Pair,0.0,240.0,-240.0
,8,27,River,4bba3ab232fc6c57e7dbb1f5932b61d0,260,0,D,9,4,0,1,♣8 ♦A,♥Q ♦Q ♠3 ♥5 ♣6,556,0.0,0.0,770,160,160,0,80,call,80,False,False,19.2088,Pair,0.0,240.0,-240.0
,8,28,River,66af1fc97570a318833f295a60193216,600,1,SB,9,4,0,2,♠K ♣J,♥Q ♦Q ♠3 ♥5 ♣6,633,0.0,0.0,770,240,150,40,40,call,40,False,False,19.1288,Pair,0.0,230.0,-230.0
,8,29,River,3b2911d7bf58bdc5f03753fc97d59fd7,1980,0,3,9,4,0,3,♦6 ♣5,♥Q ♦Q ♠3 ♥5 ♣6,523,0.08795411089866156,0.2676078824955115,770,280,160,40,40,call,40,False,False,71.0004,Two Pair,1120.0,240.0,880.0
,9,1,Deal,3a50c1151e7e4f1de5a6ecf60feb6b9c,2340,2,1,9,9,0,1,♦K ♦8,,60000,0.1636925925926113,0.3535042490532368,0,30,0,0,20,call,40,False,False,21.105999999999998,Pair,0.0,1521.0,-1521.0
,9,2,Deal,3b2911d7bf58bdc5f03753fc97d59fd7,3060,0,2,9,9,0,1,♣J ♠3,,60000,0.08689074074075011,0.26680928367887924,0,70,0,0,40,call,40,False,False,89.0256,Two Pair,274.0,1521.0,-1247.0
,9,3,Deal,63161ce75141fa3603a231b1c8b9cd75,1384,0,3,9,9,0,2,♥A ♥Q,,60000,0.22408333333336125,0.3966601593853098,0,110,0,0,40,raise,80,True,False,112.0516,Three of a Kind,1944.0,1384.0,560.0
,9,4,Deal,8c94134f25efe7680f9743b2774e8e1f,736,1,4,9,9,0,1,♥2 ♣3,,60000,0.06888703703704184,0.2427131499989602,0,190,0,0,80,call,80,True,False,113.0,Straight,3244.0,736.0,2508.0
,9,5,Deal,4144e097d2fa7a491cec2a7a4322f2bc,1340,0,5,9,9,0,2,♠J ♦9,,60000,0.13762222222223966,0.32727484272083335,0,270,0,0,80,fold,0,False,True,21.0324,Pair,0.0,0.0,0.0
,9,6,Deal,4bba3ab232fc6c57e7dbb1f5932b61d0,180,0,6,9,8,0,2,♠6 ♦Q,,60000,0.10402777777779068,0.2884654647823899,0,270,0,0,80,call,80,True,False,21.0524,Pair,0.0,180.0,-180.0
,9,7,Deal,66af1fc97570a318833f295a60193216,560,1,D,9,8,0,3,♠5 ♣7,,60000,0.09847407407408337,0.28542599836659716,0,350,0,0,80,fold,0,False,True,91.0016,Two Pair,0.0,0.0,0.0
,9,8,Deal,ヽ(=^･ω･^=)丿,2120,0,SB,9,7,0,3,♠4 ♠Q,,60000,0.13705185185186647,0.3292672937945013,0,350,0,10,70,call,60,False,True,90.0512,Two Pair,0.0,70.0,-70.0
,9,9,Deal,6ba89ab41823af9b65ea5d233031b9f8,3220,2,BB,9,7,0,3,♥6 ♦7,,60000,0.10892407407408425,0.2989408575912042,0,410,0,20,60,fold,0,False,True,115.0,Straight,0.0,20.0,-20.0
,9,10,Deal,3a50c1151e7e4f1de5a6ecf60feb6b9c,2300,2,1,9,6,0,3,♦K ♦8,,60000,0.1636925925926113,0.3535042490532368,0,410,0,40,40,call,40,False,False,21.105999999999998,Pair,0.0,1521.0,-1521.0
,9,11,Deal,3b2911d7bf58bdc5f03753fc97d59fd7,3020,0,2,9,6,0,4,♣J ♠3,,60000,0.08689074074075011,0.26680928367887924,0,450,0,40,40,call,40,False,False,89.0256,Two Pair,274.0,1521.0,-1247.0
,9,12,Flop,ヽ(=^･ω･^=)丿,2060,0,SB,9,6,0,6,♠4 ♠Q,♣A ♠A ♦3,519,0.06326268464996788,0.22805333365229258,490,0,70,0,0,fold,0,False,True,90.0512,Two Pair,0.0,70.0,-70.0
,9,13,Flop,3a50c1151e7e4f1de5a6ecf60feb6b9c,2260,2,1,9,5,0,5,♦K ♦8,♣A ♠A ♦3,567,0.0850480109739369,0.271917507699379,490,0,80,0,0,bet,100,False,False,21.105999999999998,Pair,0.0,1521.0,-1521.0
,9,14,Flop,3b2911d7bf58bdc5f03753fc97d59fd7,2980,0,2,9,5,0,1,♣J ♠3,♣A ♠A ♦3,570,0.04064327485380117,0.17029722737512054,490,100,80,0,100,call,100,False,False,89.0256,Two Pair,274.0,1521.0,-1247.0
,9,15,Flop,63161ce75141fa3603a231b1c8b9cd75,1304,0,3,9,5,0,2,♥A ♥Q,♣A ♠A ♦3,514,0.7645914396887159,0.3994538202086072,490,200,80,0,100,bet,1241,True,False,112.0516,Three of a Kind,1944.0,1384.0,560.0
,9,16,Flop,8c94134f25efe7680f9743b2774e8e1f,656,1,4,9,5,0,1,♥2 ♣3,♣A ♠A ♦3,506,0.038866930171278,0.183066972249046,490,1441,80,0,1241,allin,656,True,False,113.0,Straight,3244.0,736.0,2508.0
,9,17,Flop,4bba3ab232fc6c57e7dbb1f5932b61d0,100,0,6,9,5,1,1,♠6 ♦Q,♣A ♠A ♦3,573,0.04246655031995346,0.19035625446983284,490,2097,80,0,1241,allin,100,True,False,21.0524,Pair,0.0,180.0,-180.0
,9,18,Flop,3a50c1151e7e4f1de5a6ecf60feb6b9c,2160,2,1,9,5,2,1,♦K ♦8,♣A ♠A ♦3,561,0.08595761536938007,0.27322469949389583,490,2197,80,100,1141,call,1141,False,False,21.105999999999998,Pair,0.0,1521.0,-1521.0
,9,19,Flop,3b2911d7bf58bdc5f03753fc97d59fd7,2880,0,2,9,5,2,2,♣J ♠3,♣A ♠A ♦3,587,0.04031800113571834,0.16901372145075036,490,3338,80,100,1141,call,1141,False,False,89.0256,Two Pair,274.0,1521.0,-1247.0
,9,20,Turn,3a50c1151e7e4f1de5a6ecf60feb6b9c,1019,2,1,9,5,2,5,♦K ♦8,♣A ♠A ♦3 ♦4,550,0.12090909090909091,0.3249742519997699,4969,0,1321,0,0,bet,100,False,False,21.105999999999998,Pair,0.0,1521.0,-1521.0
,9,21,Turn,3b2911d7bf58bdc5f03753fc97d59fd7,1739,0,2,9,5,2,1,♣J ♠3,♣A ♠A ♦3 ♦4,527,0.024667931688804556,0.1456472623318212,4969,100,1321,0,100,call,100,False,False,89.0256,Two Pair,274.0,1521.0,-1247.0
,9,22,Turn,63161ce75141fa3603a231b1c8b9cd75,63,0,3,9,5,2,2,♥A ♥Q,♣A ♠A ♦3 ♦4,511,0.5978473581213307,0.4683894880466362,4969,200,1321,0,100,allin,63,True,False,112.0516,Three of a Kind,1944.0,1384.0,560.0
,9,23,River,3a50c1151e7e4f1de5a6ecf60feb6b9c,919,2,1,9,5,3,5,♦K ♦8,♣A ♠A ♦3 ♦4 ♣5,512,0.0,0.0,5232,0,1421,0,0,bet,100,False,False,21.105999999999998,Pair,0.0,1521.0,-1521.0
,9,24,River,3b2911d7bf58bdc5f03753fc97d59fd7,1639,0,2,9,5,3,1,♣J ♠3,♣A ♠A ♦3 ♦4 ♣5,567,0.0,0.0,5232,100,1421,0,100,call,100,False,False,89.0256,Two Pair,274.0,1521.0,-1247.0
,10,1,Deal,3b2911d7bf58bdc5f03753fc97d59fd7,1813,0,1,9,9,0,1,♥K ♠10,,60000,0.1618203703703926,0.3482920352025795,0,60,0,0,40,call,40,False,False,82.2048,Two Pair,1580.0,640.0,940.0
,10,2,Deal,63161ce75141fa3603a231b1c8b9cd75,1944,0,2,9,9,0,2,♠4 ♠K,,60000,0.15064074074075667,0.342694874828116,0,100,0,0,40,fold,0,False,True,82.2048,Two Pair,0.0,0.0,0.0
,10,3,Deal,8c94134f25efe7680f9743b2774e8e1f,3244,1,3,9,8,0,2,♣10 ♣2,,60000,0.11710000000001113,0.308779427155613,0,100,0,0,40,call,40,False,False,14.32,Pair,0.0,640.0,-640.0
,10,4,Deal,4144e097d2fa7a491cec2a7a4322f2bc,1340,0,4,9,8,0,3,♦Q ♠8,,60000,0.11994259259260917,0.3066571258276486,0,140,0,0,40,fold,0,False,True,14.3584,Pair,0.0,0.0,0.0
,10,5,Deal,4bba3ab232fc6c57e7dbb1f5932b61d0,1000,1,5,9,7,0,3,♣6 ♠J,,60000,0.09571851851852976,0.27868843392907194,0,140,0,0,40,fold,0,False,True,14.3328,Pair,0.0,0.0,0.0
,10,6,Deal,66af1fc97570a318833f295a60193216,560,1,6,9,6,0,3,♦K ♦9,,60000,0.1779611111111322,0.3651102867367072,0,140,0,0,40,fold,0,False,True,84.2048,Two Pair,0.0,0.0,0.0
,10,7,Deal,ヽ(=^･ω･^=)丿,2060,0,D,9,5,0,3,♦3 ♣A,,60000,0.1242111111111278,0.31170440958852835,0,140,0,0,40,call,40,False,True,93.1024,Two Pair,0.0,240.0,-240.0
,10,8,Deal,6ba89ab41823af9b65ea5d233031b9f8,3200,2,SB,9,5,0,4,♣J ♦6,,60000,0.09571851851852976,0.27868843392907194,0,180,0,20,20,fold,0,False,True,14.3328,Pair,0.0,20.0,-20.0
,10,9,Deal,3a50c1151e7e4f1de5a6ecf60feb6b9c,779,2,BB,9,4,0,4,♠2 ♠Q,,60000,0.1326277777777909,0.3257241297985637,0,180,0,40,0,fold,0,False,True,14.3584,Pair,0.0,40.0,-40.0
,10,10,Flop,3b2911d7bf58bdc5f03753fc97d59fd7,1773,0,1,9,3,0,3,♥K ♠10,♣K ♠7 ♣7,542,0.23800738007380073,0.39554028622469717,180,0,40,0,0,bet,100,False,False,82.2048,Two Pair,1580.0,640.0,940.0
,10,11,Flop,8c94134f25efe7680f9743b2774e8e1f,3204,1,3,9,3,0,1,♣10 ♣2,♣K ♠7 ♣7,560,0.23214285714285715,0.42219965776917456,180,100,40,0,100,raise,200,False,False,14.32,Pair,0.0,640.0,-640.0
,10,12,Flop,ヽ(=^･ω･^=)丿,2020,0,D,9,3,0,1,♦3 ♣A,♣K ♠7 ♣7,516,0.05167958656330749,0.21040796434779566,180,300,40,0,200,call,200,False,True,93.1024,Two Pair,0.0,240.0,-240.0
,10,13,Flop,3b2911d7bf58bdc5f03753fc97d59fd7,1673,0,1,9,3,0,2,♥K ♠10,♣K ♠7 ♣7,547,0.2413162705667276,0.39799831029836163,180,500,40,100,100,call,100,False,False,82.2048,Two Pair,1580.0,640.0,940.0
,10,14,Turn,3b2911d7bf58bdc5f03753fc97d59fd7,1573,0,1,9,3,0,3,♥K ♠10,♣K ♠7 ♣7 ♠9,510,0.21895424836601304,0.3967325645246209,780,0,240,0,0,bet,100,False,False,82.2048,Two Pair,1580.0,640.0,940.0
,10,15,Turn,8c94134f25efe7680f9743b2774e8e1f,3004,1,3,9,3,0,1,♣10 ♣2,♣K ♠7 ♣7 ♠9,554,0.1371841155234657,0.34404161662727684,780,100,240,0,100,raise,200,False,False,14.32,Pair,0.0,640.0,-640.0
,10,16,Turn,ヽ(=^･ω･^=)丿,1820,0,D,9,3,0,1,♦3 ♣A,♣K ♠7 ♣7 ♠9,559,0.008944543828264758,0.06627418086884687,780,300,240,0,200,fold,0,False,True,93.1024,Two Pair,0.0,240.0,-240.0
,10,17,Turn,3b2911d7bf58bdc5f03753fc97d59fd7,1473,0,1,9,2,0,1,♥K ♠10,♣K ♠7 ♣7 ♠9,545,0.22874617737003056,0.40343752009190387,780,300,240,100,100,call,100,False,False,82.2048,Two Pair,1580.0,640.0,940.0
,10,18,River,3b2911d7bf58bdc5f03753fc97d59fd7,1373,0,1,9,2,0,2,♥K ♠10,♣K ♠7 ♣7 ♠9 ♥A,504,0.06944444444444445,0.2303211659969028,1180,0,440,0,0,bet,100,False,False,82.2048,Two Pair,1580.0,640.0,940.0
,10,19,River,8c94134f25efe7680f9743b2774e8e1f,2804,1,3,9,2,0,1,♣10 ♣2,♣K ♠7 ♣7 ♠9 ♥A,601,0.0,0.0,1180,100,440,0,100,raise,200,False,False,14.32,Pair,0.0,640.0,-640.0
,10,20,River,3b2911d7bf58bdc5f03753fc97d59fd7,1273,0,1,9,2,0,1,♥K ♠10,♣K ♠7 ♣7 ♠9 ♥A,501,0.06986027944111776,0.230946835636849,1180,300,440,100,100,call,100,False,False,82.2048,Two Pair,1580.0,640.0,940.0
,11,1,Deal,63161ce75141fa3603a231b1c8b9cd75,1944,0,1,9,9,0,1,♣10 ♥4,,60000,0.08671481481482343,0.26741223743452314,0,60,0,0,40,fold,0,False,True,30.2048,Two Pair,0.0,0.0,0.0
,11,2,Deal,8c94134f25efe7680f9743b2774e8e1f,2604,1,2,9,8,0,1,♥A ♥3,,60000,0.16877037037038858,0.3588518850556398,0,60,0,0,40,call,40,False,False,92.0032,Two Pair,0.0,1622.0,-1622.0
,11,3,Deal,4144e097d2fa7a491cec2a7a4322f2bc,1340,0,3,9,8,0,2,♦A ♠3,,60000,0.1242111111111278,0.31170440958852835,0,100,0,0,40,fold,0,False,True,92.0032,Two Pair,0.0,0.0,0.0
,11,4,Deal,4bba3ab232fc6c57e7dbb1f5932b61d0,1000,1,4,9,7,0,2,♣A ♠9,,60000,0.1438314814815024,0.33055403813137957,0,100,0,0,40,call,40,True,False,92.0064,Two Pair,0.0,1000.0,-1000.0
,11,5,Deal,66af1fc97570a318833f295a60193216,560,1,5,9,7,0,3,♦J ♣5,,60000,0.09487777777778841,0.27763682759456065,0,140,0,0,40,call,40,False,True,13.2336,Pair,0.0,40.0,-40.0
,11,6,Deal,ヽ(=^･ω･^=)丿,1820,0,6,9,7,0,4,♣7 ♠5,,60000,0.09847407407408337,0.28542599836659716,0,180,0,0,40,call,40,False,False,116.0,Straight,5926.0,1622.0,4304.0
,11,7,Deal,6ba89ab41823af9b65ea5d233031b9f8,3200,2,D,9,7,0,5,♣8 ♦3,,60000,0.06945555555556132,0.24185571040643639,0,220,0,0,40,fold,0,False,True,41.2048,Two Pair,0.0,0.0,0.0
,11,8,Deal,3a50c1151e7e4f1de5a6ecf60feb6b9c,759,2,SB,9,6,0,5,♠K ♣9,,60000,0.1387574074074267,0.3263304649996507,0,220,0,20,20,fold,0,False,True,13.3136,Pair,0.0,20.0,-20.0
,11,9,Deal,3b2911d7bf58bdc5f03753fc97d59fd7,2713,0,BB,9,5,0,5,♦6 ♣K,,60000,0.11393333333334844,0.29978750021172584,0,220,0,40,0,call,0,False,False,104.3072,Three of a Kind,0.0,1622.0,-1622.0
,11,10,Flop,3b2911d7bf58bdc5f03753fc97d59fd7,2713,0,BB,9,5,0,5,♦6 ♣K,♥6 ♠4 ♣6,525,0.6057142857142858,0.4718410893568323,220,0,40,0,0,bet,100,False,False,104.3072,Three of a Kind,0.0,1622.0,-1622.0
,11,11,Flop,8c94134f25efe7680f9743b2774e8e1f,2564,1,2,9,5,0,1,♥A ♥3,♥6 ♠4 ♣6,500,0.088,0.265058484112469,220,100,40,0,100,raise,200,False,False,92.0032,Two Pair,0.0,1622.0,-1622.0
,11,12,Flop,4bba3ab232fc6c57e7dbb1f5932b61d0,960,1,4,9,5,0,1,♣A ♠9,♥6 ♠4 ♣6,538,0.05534902932672449,0.21918086802660863,220,300,40,0,200,call,200,True,False,92.0064,Two Pair,0.0,1000.0,-1000.0
,11,13,Flop,66af1fc97570a318833f295a60193216,520,1,5,9,5,0,2,♦J ♣5,♥6 ♠4 ♣6,526,0.03738910012674271,0.16879636106185536,220,500,40,0,200,fold,0,False,True,13.2336,Pair,0.0,40.0,-40.0
,11,14,Flop,ヽ(=^･ω･^=)丿,1780,0,6,9,4,0,2,♣7 ♠5,♥6 ♠4 ♣6,585,0.20712250712250713,0.39494861386526503,220,500,40,0,200,call,200,False,False,116.0,Straight,5926.0,1622.0,4304.0
,11,15,Flop,3b2911d7bf58bdc5f03753fc97d59fd7,2613,0,BB,9,4,0,3,♦6 ♣K,♥6 ♠4 ♣6,510,0.6058823529411764,0.4712984836268556,220,700,40,100,100,call,100,False,False,104.3072,Three of a Kind,0.0,1622.0,-1622.0
,11,16,Turn,3b2911d7bf58bdc5f03753fc97d59fd7,2513,0,BB,9,4,0,4,♦6 ♣K,♥6 ♠4 ♣6 ♦8,535,0.5345794392523364,0.48261414392214436,1020,0,240,0,0,bet,100,False,False,104.3072,Three of a Kind,0.0,1622.0,-1622.0
,11,17,Turn,8c94134f25efe7680f9743b2774e8e1f,2364,1,2,9,4,0,1,♥A ♥3,♥6 ♠4 ♣6 ♦8,589,0.00622524052065648,0.0676979752866883,1020,100,240,0,100,raise,200,False,False,92.0032,Two Pair,0.0,1622.0,-1622.0
,11,18,Turn,4bba3ab232fc6c57e7dbb1f5932b61d0,760,1,4,9,4,0,1,♣A ♠9,♥6 ♠4 ♣6 ♦8,533,0.043151969981238276,0.19615202919204455,1020,300,240,0,200,call,200,True,False,92.0064,Two Pair,0.0,1000.0,-1000.0
,11,19,Turn,ヽ(=^･ω･^=)丿,1580,0,6,9,4,0,2,♣7 ♠5,♥6 ♠4 ♣6 ♦8,516,0.5439276485788114,0.46227486773073656,1020,500,240,0,200,bet,395,False,False,116.0,Straight,5926.0,1622.0,4304.0
,11,20,Turn,3b2911d7bf58bdc5f03753fc97d59fd7,2413,0,BB,9,4,0,1,♦6 ♣K,♥6 ♠4 ♣6 ♦8,537,0.5363128491620112,0.4825481314292762,1020,895,240,100,295,call,295,False,False,104.3072,Three of a Kind,0.0,1622.0,-1622.0
,11,21,Turn,8c94134f25efe7680f9743b2774e8e1f,2164,1,2,9,4,0,2,♥A ♥3,♥6 ♠4 ♣6 ♦8,593,0.006183249016301293,0.06747118939406907,1020,1190,240,200,195,raise,590,False,False,92.0032,Two Pair,0.0,1622.0,-1622.0
,11,22,Turn,4bba3ab232fc6c57e7dbb1f5932b61d0,560,1,4,9,4,0,1,♣A ♠9,♥6 ♠4 ♣6 ♦8,596,0.03859060402684564,0.18596932753601847,1020,1780,240,200,590,allin,560,True,False,92.0064,Two Pair,0.0,1000.0,-1000.0
,11,23,Turn,ヽ(=^･ω･^=)丿,1185,0,6,9,4,1,1,♣7 ♠5,♥6 ♠4 ♣6 ♦8,508,0.5406824146981628,0.46305030887949883,1020,2340,240,395,395,call,395,False,False,116.0,Straight,5926.0,1622.0,4304.0
,11,24,Turn,3b2911d7bf58bdc5f03753fc97d59fd7,2118,0,BB,9,4,1,2,♦6 ♣K,♥6 ♠4 ♣6 ♦8,531,0.5348399246704332,0.4824713946880924,1020,2735,240,395,395,call,395,False,False,104.3072,Three of a Kind,0.0,1622.0,-1622.0
,11,25,River,3b2911d7bf58bdc5f03753fc97d59fd7,1723,0,BB,9,4,1,4,♦6 ♣K,♥6 ♠4 ♣6 ♦8 ♠A,502,0.7729083665338645,0.41175833671983864,4150,0,1030,0,0,bet,100,False,False,104.3072,Three of a Kind,0.0,1622.0,-1622.0
,11,26,River,8c94134f25efe7680f9743b2774e8e1f,1574,1,2,9,4,1,1,♥A ♥3,♥6 ♠4 ♣6 ♦8 ♠A,517,0.17859445519019987,0.3585221737836456,4150,100,1030,0,100,call,100,False,False,92.0032,Two Pair,0.0,1622.0,-1622.0
,11,27,River,ヽ(=^･ω･^=)丿,790,0,6,9,4,1,2,♣7 ♠5,♥6 ♠4 ♣6 ♦8 ♠A,528,0.7462121212121212,0.4174063682033524,4150,200,1030,0,100,bet,592,False,False,116.0,Straight,5926.0,1622.0,4304.0
,11,28,River,3b2911d7bf58bdc5f03753fc97d59fd7,1623,0,BB,9,4,1,1,♦6 ♣K,♥6 ♠4 ♣6 ♦8 ♠A,550,0.7745454545454545,0.4113031095601932,4150,792,1030,100,492,call,492,False,False,104.3072,Three of a Kind,0.0,1622.0,-1622.0
,11,29,River,8c94134f25efe7680f9743b2774e8e1f,1474,1,2,9,4,1,2,♥A ♥3,♥6 ♠4 ♣6 ♦8 ♠A,506,0.18050065876152832,0.3610445912341984,4150,1284,1030,100,492,call,492,False,False,92.0032,Two Pair,0.0,1622.0,-1622.0
,12,1,Deal,8c94134f25efe7680f9743b2774e8e1f,982,1,1,9,9,0,1,♣K ♦6,,60000,0.11393333333334844,0.29978750021172584,0,60,0,0,40,fold,0,False,True,32.1024,Two Pair,0.0,0.0,0.0
,12,2,Deal,4144e097d2fa7a491cec2a7a4322f2bc,1340,0,2,9,8,0,1,♠K ♥K,,60000,0.29528148148149314,0.4250387608148245,0,60,0,0,40,raise,80,False,True,82.0128,Two Pair,0.0,280.0,-280.0
,12,3,Deal,4bba3ab232fc6c57e7dbb1f5932b61d0,1000,2,3,9,8,0,1,♠J ♦9,,60000,0.13762222222223966,0.32727484272083335,0,140,0,0,80,call,80,False,True,32.0256,Two Pair,0.0,80.0,-80.0
,12,4,Deal,66af1fc97570a318833f295a60193216,520,1,4,9,8,0,2,♦Q ♠10,,60000,0.1598222222222431,0.34793870740220995,0,220,0,0,80,call,80,True,False,55.0512,Two Pair,0.0,520.0,-520.0
,12,5,Deal,ヽ(=^･ω･^=)丿,6124,0,5,9,8,0,3,♥9 ♥6,,60000,0.1399388888889023,0.3337957184469743,0,300,0,0,80,call,80,False,True,32.0128,Two Pair,0.0,180.0,-180.0
,12,6,Deal,6ba89ab41823af9b65ea5d233031b9f8,3200,2,6,9,8,0,4,♦2 ♦3,,60000,0.10433518518519362,0.2949656147098654,0,380,0,0,80,fold,0,False,True,128.0,Full House,0.0,0.0,0.0
,12,7,Deal,3a50c1151e7e4f1de5a6ecf60feb6b9c,759,2,D,9,7,0,4,♣A ♣9,,60000,0.18464814814817054,0.36973677419709006,0,380,0,0,80,fold,0,False,True,123.2256,Flush,0.0,0.0,0.0
,12,8,Deal,3b2911d7bf58bdc5f03753fc97d59fd7,1111,0,SB,9,6,0,4,♥10 ♣5,,60000,0.08895925925926843,0.27072190963477627,0,380,0,20,60,call,60,True,False,55.0004,Two Pair,0.0,1131.0,-1131.0
,12,9,Deal,63161ce75141fa3603a231b1c8b9cd75,1904,0,BB,9,6,0,5,♠6 ♠7,,60000,0.14370925925927186,0.33871029473816816,0,440,0,40,40,call,40,False,False,184.0,Full House,3895.0,1704.0,2191.0
,12,10,Flop,3b2911d7bf58bdc5f03753fc97d59fd7,1051,0,SB,9,6,0,6,♥10 ♣5,♣2 ♣10 ♥7,559,0.19439475253428742,0.3808896291118865,480,0,80,0,0,bet,100,True,False,55.0004,Two Pair,0.0,1131.0,-1131.0
,12,11,Flop,63161ce75141fa3603a231b1c8b9cd75,1864,0,BB,9,6,0,1,♠6 ♠7,♣2 ♣10 ♥7,561,0.0944741532976827,0.28319815337230037,480,100,80,0,100,call,100,False,False,184.0,Full House,3895.0,1704.0,2191.0
,12,12,Flop,4144e097d2fa7a491cec2a7a4322f2bc,1260,0,2,9,6,0,2,♠K ♥K,♣2 ♣10 ♥7,507,0.21301775147928995,0.4094400921184898,480,200,80,0,100,call,100,False,True,82.0128,Two Pair,0.0,280.0,-280.0
,12,13,Flop,4bba3ab232fc6c57e7dbb1f5932b61d0,920,2,3,9,6,0,3,♠J ♦9,♣2 ♣10 ♥7,567,0.1128747795414462,0.30796600200981733,480,300,80,0,100,fold,0,False,True,32.0256,Two Pair,0.0,80.0,-80.0
,12,14,Flop,66af1fc97570a318833f295a60193216,440,1,4,9,5,0,3,♦Q ♠10,♣2 ♣10 ♥7,547,0.21206581352833637,0.4065289051174612,480,300,80,0,100,call,100,True,False,55.0512,Two Pair,0.0,520.0,-520.0
,12,15,Flop,ヽ(=^･ω･^=)丿,6044,0,5,9,5,0,4,♥9 ♥6,♣2 ♣10 ♥7,509,0.12180746561886051,0.32404593871260123,480,400,80,0,100,call,100,False,True,32.0128,Two Pair,0.0,180.0,-180.0
,12,16,Turn,3b2911d7bf58bdc5f03753fc97d59fd7,951,0,SB,9,5,0,5,♥10 ♣5,♣2 ♣10 ♥7 ♥2,559,0.11836612999403695,0.29345980685034706,980,0,180,0,0,bet,100,True,False,55.0004,Two Pair,0.0,1131.0,-1131.0
,12,17,Turn,63161ce75141fa3603a231b1c8b9cd75,1764,0,BB,9,5,0,1,♠6 ♠7,♣2 ♣10 ♥7 ♥2,531,0.042686754551161325,0.190423533227968,980,100,180,0,100,call,100,False,False,184.0,Full House,3895.0,1704.0,2191.0
,12,18,Turn,4144e097d2fa7a491cec2a7a4322f2bc,1160,0,2,9,5,0,2,♠K ♥K,♣2 ♣10 ♥7 ♥2,533,0.2945590994371482,0.45481419290957104,980,200,180,0,100,call,100,False,True,82.0128,Two Pair,0.0,280.0,-280.0
,12,19,Turn,66af1fc97570a318833f295a60193216,340,1,4,9,5,0,3,♦Q ♠10,♣2 ♣10 ♥7 ♥2,535,0.1383177570093458,0.32858941223694554,980,300,180,0,100,call,100,True,False,55.0512,Two Pair,0.0,520.0,-520.0
,12,20,Turn,ヽ(=^･ω･^=)丿,5944,0,5,9,5,0,4,♥9 ♥6,♣2 ♣10 ♥7 ♥2,566,0.17314487632508835,0.37837247274010066,980,400,180,0,100,fold,0,False,True,32.0128,Two Pair,0.0,180.0,-180.0
,12,21,River,3b2911d7bf58bdc5f03753fc97d59fd7,851,0,SB,9,4,0,4,♥10 ♣5,♣2 ♣10 ♥7 ♥2 ♣7,534,0.04119850187265917,0.19874905110743968,1380,0,280,0,0,bet,100,True,False,55.0004,Two Pair,0.0,1131.0,-1131.0
,12,22,River,63161ce75141fa3603a231b1c8b9cd75,1664,0,BB,9,4,0,1,♠6 ♠7,♣2 ♣10 ♥7 ♥2 ♣7,517,0.7920696324951644,0.28972569396446674,1380,100,280,0,100,bet,1424,False,False,184.0,Full House,3895.0,1704.0,2191.0
,12,23,River,4144e097d2fa7a491cec2a7a4322f2bc,1060,0,2,9,4,0,1,♠K ♥K,♣2 ♣10 ♥7 ♥2 ♣7,563,0.10124333925399645,0.3016506680096973,1380,1524,280,0,1424,fold,0,False,True,82.0128,Two Pair,0.0,280.0,-280.0
,12,24,River,66af1fc97570a318833f295a60193216,240,1,4,9,3,0,1,♦Q ♠10,♣2 ♣10 ♥7 ♥2 ♣7,585,0.08376068376068375,0.27548163416446775,1380,1524,280,0,1424,allin,240,True,False,55.0512,Two Pair,0.0,520.0,-520.0
,12,25,River,3b2911d7bf58bdc5f03753fc97d59fd7,751,0,SB,9,3,1,1,♥10 ♣5,♣2 ♣10 ♥7 ♥2 ♣7,557,0.04308797127468582,0.20305516000859883,1380,1764,280,100,1324,allin,751,True,False,55.0004,Two Pair,0.0,1131.0,-1131.0
,13,1,Deal,4144e097d2fa7a491cec2a7a4322f2bc,1060,0,1,9,9,0,1,♣K ♥Q,,60000,0.18196666666669306,0.3641905919246789,0,60,0,0,40,call,40,False,True,87.2048,Two Pair,0.0,40.0,-40.0
,13,2,Deal,4bba3ab232fc6c57e7dbb1f5932b61d0,920,2,2,9,9,0,2,♣6 ♠J,,60000,0.09571851851852976,0.27868843392907194,0,100,0,0,40,call,40,False,True,122.0,Straight,0.0,40.0,-40.0
,13,3,Deal,66af1fc97570a318833f295a60193216,1000,2,3,9,9,0,3,♣3 ♥4,,60000,0.08445925925926577,0.26755470859364167,0,140,0,0,40,call,40,False,True,8.1696,High Card,0.0,40.0,-40.0
,13,4,Deal,ヽ(=^･ω･^=)丿,5944,0,4,9,9,0,4,♦10 ♥9,,60000,0.1405444444444613,0.3310565940939379,0,180,0,0,40,call,40,False,True,17.3584,Pair,0.0,140.0,-140.0
,13,5,Deal,6ba89ab41823af9b65ea5d233031b9f8,3200,2,5,9,9,0,5,♥6 ♦5,,60000,0.10348333333334288,0.29263495958022295,0,220,0,0,40,call,40,False,True,8.1696,High Card,0.0,40.0,-40.0
,13,6,Deal,3a50c1151e7e4f1de5a6ecf60feb6b9c,759,2,6,9,9,0,6,♠4 ♦8,,60000,0.07953518518519263,0.25761280061436354,0,260,0,0,40,fold,0,False,True,15.3584,Pair,0.0,0.0,0.0
,13,7,Deal,3b2911d7bf58bdc5f03753fc97d59fd7,1000,1,D,9,8,0,6,♦J ♥3,,60000,0.08689074074075011,0.26680928367887924,0,260,0,0,40,call,40,False,True,122.0,Straight,0.0,140.0,-140.0
,13,8,Deal,63161ce75141fa3603a231b1c8b9cd75,4115,0,SB,9,8,0,7,♣9 ♣2,,60000,0.11215555555556608,0.303173252914891,0,300,0,20,20,fold,0,False,True,123.0736,Flush,0.0,20.0,-20.0
,13,9,Deal,8c94134f25efe7680f9743b2774e8e1f,942,1,BB,9,7,0,7,♦7 ♠9,,60000,0.11244814814816051,0.3013292453966323,0,300,0,40,0,call,0,False,False,8.1728,High Card,700.0,240.0,460.0
,13,10,Flop,8c94134f25efe7680f9743b2774e8e1f,942,1,BB,9,7,0,7,♦7 ♠9,♥A ♣8 ♣10,547,0.16270566727605118,0.36032484737408554,300,0,40,0,0,check,0,False,False,8.1728,High Card,700.0,240.0,460.0
,13,11,Flop,4144e097d2fa7a491cec2a7a4322f2bc,1020,0,1,9,7,0,7,♣K ♥Q,♥A ♣8 ♣10,570,0.18011695906432748,0.3763402119512257,300,0,40,0,0,fold,0,False,True,87.2048,Two Pair,0.0,40.0,-40.0
,13,12,Flop,4bba3ab232fc6c57e7dbb1f5932b61d0,880,2,2,9,6,0,6,♣6 ♠J,♥A ♣8 ♣10,513,0.037686809616634176,0.169368928384913,300,0,40,0,0,fold,0,False,True,122.0,Straight,0.0,40.0,-40.0
,13,13,Flop,66af1fc97570a318833f295a60193216,960,2,3,9,5,0,5,♣3 ♥4,♥A ♣8 ♣10,577,0.01386481802426343,0.10926793945336649,300,0,40,0,0,fold,0,False,True,8.1696,High Card,0.0,40.0,-40.0
,13,14,Flop,ヽ(=^･ω･^=)丿,5904,0,4,9,4,0,4,♦10 ♥9,♥A ♣8 ♣10,507,0.1604207758053912,0.35639242165008317,300,0,40,0,0,check,0,False,True,17.3584,Pair,0.0,140.0,-140.0
,13,15,Flop,6ba89ab41823af9b65ea5d233031b9f8,3160,2,5,9,4,0,4,♥6 ♦5,♥A ♣8 ♣10,563,0.017169923031379514,0.12327852837686912,300,0,40,0,0,check,0,False,True,8.1696,High Card,0.0,40.0,-40.0
,13,16,Flop,3b2911d7bf58bdc5f03753fc97d59fd7,960,1,D,9,4,0,4,♦J ♥3,♥A ♣8 ♣10,515,0.03171521035598705,0.16146435082189675,300,0,40,0,0,bet,100,False,True,122.0,Straight,0.0,140.0,-140.0
,13,17,Flop,8c94134f25efe7680f9743b2774e8e1f,942,1,BB,9,4,0,1,♦7 ♠9,♥A ♣8 ♣10,531,0.1638418079096045,0.36111817011984476,300,100,40,0,100,call,100,False,False,8.1728,High Card,700.0,240.0,460.0
,13,18,Flop,ヽ(=^･ω･^=)丿,5904,0,4,9,4,0,2,♦10 ♥9,♥A ♣8 ♣10,528,0.15782828282828282,0.3543348643620023,300,200,40,0,100,call,100,False,True,17.3584,Pair,0.0,140.0,-140.0
,13,19,Flop,6ba89ab41823af9b65ea5d233031b9f8,3160,2,5,9,4,0,3,♥6 ♦5,♥A ♣8 ♣10,698,0.019579751671442214,0.1335788633203216,300,300,40,0,100,fold,0,False,True,8.1696,High Card,0.0,40.0,-40.0
,13,20,Turn,8c94134f25efe7680f9743b2774e8e1f,842,1,BB,9,3,0,3,♦7 ♠9,♥A ♣8 ♣10 ♣Q,514,0.023346303501945526,0.15100083978157397,600,0,140,0,0,bet,100,False,False,8.1728,High Card,700.0,240.0,460.0
,13,21,Turn,ヽ(=^･ω･^=)丿,5804,0,4,9,3,0,1,♦10 ♥9,♥A ♣8 ♣10 ♣Q,505,0.019801980198019802,0.1393192799947553,600,100,140,0,100,fold,0,False,True,17.3584,Pair,0.0,140.0,-140.0
,13,22,Turn,3b2911d7bf58bdc5f03753fc97d59fd7,860,1,D,9,2,0,1,♦J ♥3,♥A ♣8 ♣10 ♣Q,521,0.05502239283429303,0.2022502027658345,600,100,140,0,100,fold,0,False,True,122.0,Straight,0.0,140.0,-140.0
,14,1,Deal,4bba3ab232fc6c57e7dbb1f5932b61d0,880,2,1,9,9,0,1,♠8 ♥J,,60000,0.12137777777779299,0.30969502560943424,0,60,0,0,40,call,40,False,True,14.1312,Pair,0.0,40.0,-40.0
,14,2,Deal,66af1fc97570a318833f295a60193216,960,2,2,9,9,0,2,♠Q ♥10,,60000,0.1598222222222431,0.34793870740220995,0,100,0,0,40,call,40,False,True,14.1664,Pair,0.0,40.0,-40.0
,14,3,Deal,ヽ(=^･ω･^=)丿,5804,0,3,9,9,0,3,♠2 ♦6,,60000,0.06884444444444952,0.24210432833238305,0,140,0,0,40,fold,0,False,True,32.1024,Two Pair,0.0,0.0,0.0
,14,4,Deal,6ba89ab41823af9b65ea5d233031b9f8,3160,2,4,9,8,0,3,♠A ♣5,,60000,0.1316407407407588,0.3191120412803689,0,140,0,0,40,call,40,False,True,14.3076,Pair,0.0,40.0,-40.0
,14,5,Deal,3a50c1151e7e4f1de5a6ecf60feb6b9c,759,2,5,9,8,0,4,♦9 ♠J,,60000,0.13762222222223966,0.32727484272083335,0,180,0,0,40,fold,0,False,True,14.1344,Pair,0.0,0.0,0.0
,14,6,Deal,3b2911d7bf58bdc5f03753fc97d59fd7,860,1,6,9,7,0,4,♦Q ♥8,,60000,0.11994259259260917,0.3066571258276486,0,180,0,0,40,call,40,False,True,14.1568,Pair,0.0,40.0,-40.0
,14,7,Deal,63161ce75141fa3603a231b1c8b9cd75,4115,0,D,9,7,0,5,♦8 ♠3,,60000,0.06945555555556132,0.24185571040643639,0,220,0,0,40,fold,0,False,True,33.1024,Two Pair,0.0,0.0,0.0
,14,8,Deal,8c94134f25efe7680f9743b2774e8e1f,1422,1,SB,9,6,0,5,♦3 ♣6,,60000,0.08423518518519167,0.26694133965724,0,220,0,20,20,call,20,False,False,33.1024,Two Pair,340.0,140.0,200.0
,14,9,Deal,4144e097d2fa7a491cec2a7a4322f2bc,980,0,BB,9,6,0,6,♦5 ♣Q,,60000,0.10314629629630828,0.28840680125891005,0,240,0,40,0,call,0,False,True,14.154000000000002,Pair,0.0,40.0,-40.0
,14,10,Flop,8c94134f25efe7680f9743b2774e8e1f,1402,1,SB,9,6,0,6,♦3 ♣6,♥3 ♥K ♦7,564,0.06501182033096926,0.24129693706762037,240,0,40,0,0,bet,100,False,False,33.1024,Two Pair,340.0,140.0,200.0
,14,11,Flop,4144e097d2fa7a491cec2a7a4322f2bc,980,0,BB,9,6,0,1,♦5 ♣Q,♥3 ♥K ♦7,535,0.020560747663551402,0.13857641891683745,240,100,40,0,100,fold,0,False,True,14.154000000000002,Pair,0.0,40.0,-40.0
,14,12,Flop,4bba3ab232fc6c57e7dbb1f5932b61d0,840,2,1,9,5,0,1,♠8 ♥J,♥3 ♥K ♦7,518,0.055984555984555984,0.22778286702585235,240,100,40,0,100,fold,0,False,True,14.1312,Pair,0.0,40.0,-40.0
,14,13,Flop,66af1fc97570a318833f295a60193216,920,2,2,9,4,0,1,♠Q ♥10,♥3 ♥K ♦7,591,0.06598984771573604,0.24826435046979664,240,100,40,0,100,fold,0,False,True,14.1664,Pair,0.0,40.0,-40.0
,14,14,Flop,6ba89ab41823af9b65ea5d233031b9f8,3120,2,4,9,3,0,1,♠A ♣5,♥3 ♥K ♦7,514,0.051232166018158234,0.20966589477200143,240,100,40,0,100,fold,0,False,True,14.3076,Pair,0.0,40.0,-40.0
,14,15,Flop,3b2911d7bf58bdc5f03753fc97d59fd7,820,1,6,9,2,0,1,♦Q ♥8,♥3 ♥K ♦7,586,0.030716723549488054,0.16753125619487894,240,100,40,0,100,fold,0,False,True,14.1568,Pair,0.0,40.0,-40.0
,15,1,Deal,66af1fc97570a318833f295a60193216,920,2,1,9,9,0,1,♣K ♣10,,60000,0.2010055555555787,0.3829609477443491,0,60,0,0,40,call,40,False,True,7.0216,High Card,0.0,40.0,-40.0
,15,2,Deal,ヽ(=^･ω･^=)丿,5804,0,2,9,9,0,2,♠A ♥4,,60000,0.13109259259261005,0.3191262013793272,0,100,0,0,40,call,40,False,True,11.2128,Pair,0.0,40.0,-40.0
,15,3,Deal,6ba89ab41823af9b65ea5d233031b9f8,3120,2,3,9,9,0,3,♠6 ♦2,,60000,0.06884444444444952,0.24210432833238305,0,140,0,0,40,call,40,False,True,28.0064,Two Pair,0.0,40.0,-40.0
,15,4,Deal,3a50c1151e7e4f1de5a6ecf60feb6b9c,759,2,4,9,9,0,4,♠K ♣9,,60000,0.1387574074074267,0.3263304649996507,0,180,0,0,40,fold,0,False,True,16.1048,Pair,0.0,0.0,0.0
,15,5,Deal,3b2911d7bf58bdc5f03753fc97d59fd7,820,1,5,9,8,0,4,♠9 ♣5,,60000,0.08745185185186077,0.2686245289932019,0,180,0,0,40,call,40,False,False,16.0028,Pair,380.0,140.0,240.0
,15,6,Deal,63161ce75141fa3603a231b1c8b9cd75,4115,0,6,9,8,0,5,♦A ♠2,,60000,0.12154074074075691,0.3089178885880975,0,220,0,0,40,call,40,False,True,9.2128,Pair,0.0,40.0,-40.0
,15,7,Deal,8c94134f25efe7680f9743b2774e8e1f,1642,1,D,9,8,0,6,♥Q ♣6,,60000,0.10402777777779068,0.2884654647823899,0,260,0,0,40,fold,0,False,True,13.0592,Pair,0.0,0.0,0.0
,15,8,Deal,4144e097d2fa7a491cec2a7a4322f2bc,960,0,SB,9,7,0,6,♦10 ♣3,,60000,0.08131851851852662,0.25930411672576487,0,260,0,20,20,call,20,False,True,4.0089999999999995,High Card,0.0,40.0,-40.0
,15,9,Deal,4bba3ab232fc6c57e7dbb1f5932b61d0,800,2,BB,9,7,0,7,♣4 ♠Q,,60000,0.0974166666666785,0.2802152047815472,0,280,0,40,0,call,0,False,True,11.0592,Pair,0.0,40.0,-40.0
,15,10,Flop,4144e097d2fa7a491cec2a7a4322f2bc,940,0,SB,9,7,0,7,♦10 ♣3,♠7 ♦6 ♦9,575,0.09574879227053139,0.2428310064850966,280,0,40,0,0,fold,0,False,True,4.0089999999999995,High Card,0.0,40.0,-40.0
,15,11,Flop,4bba3ab232fc6c57e7dbb1f5932b61d0,800,2,BB,9,6,0,6,♣4 ♠Q,♠7 ♦6 ♦9,504,0.028659611992945328,0.15833590563585911,280,0,40,0,0,fold,0,False,True,11.0592,Pair,0.0,40.0,-40.0
,15,12,Flop,66af1fc97570a318833f295a60193216,880,2,1,9,5,0,5,♣K ♣10,♠7 ♦6 ♦9,584,0.08561643835616438,0.23335885490713737,280,0,40,0,0,fold,0,False,True,7.0216,High Card,0.0,40.0,-40.0
,15,13,Flop,ヽ(=^･ω･^=)丿,5764,0,2,9,4,0,4,♠A ♥4,♠7 ♦6 ♦9,520,0.017948717948717947,0.12502903454163486,280,0,40,0,0,fold,0,False,True,11.2128,Pair,0.0,40.0,-40.0
,15,14,Flop,6ba89ab41823af9b65ea5d233031b9f8,3080,2,3,9,3,0,3,♠6 ♦2,♠7 ♦6 ♦9,595,0.0773109243697479,0.2639190653854614,280,0,40,0,0,check,0,False,True,28.0064,Two Pair,0.0,40.0,-40.0
,15,15,Flop,3b2911d7bf58bdc5f03753fc97d59fd7,780,1,5,9,3,0,3,♠9 ♣5,♠7 ♦6 ♦9,562,0.11190193752471332,0.3047942105609388,280,0,40,0,0,bet,100,False,False,16.0028,Pair,380.0,140.0,240.0
,15,16,Flop,63161ce75141fa3603a231b1c8b9cd75,4075,0,6,9,3,0,1,♦A ♠2,♠7 ♦6 ♦9,555,0.042642642642642635,0.1931857763076542,280,100,40,0,100,fold,0,False,True,9.2128,Pair,0.0,40.0,-40.0
,15,17,Flop,6ba89ab41823af9b65ea5d233031b9f8,3080,2,3,9,2,0,1,♠6 ♦2,♠7 ♦6 ♦9,588,0.0782312925170068,0.26534972605227325,280,100,40,0,100,fold,0,False,True,28.0064,Two Pair,0.0,40.0,-40.0
,16,1,Deal,ヽ(=^･ω･^=)丿,5764,0,1,9,9,0,1,♣3 ♥4,,60000,0.08445925925926577,0.26755470859364167,0,60,0,0,40,fold,0,False,True,8.1108,High Card,0.0,0.0,0.0
,16,2,Deal,6ba89ab41823af9b65ea5d233031b9f8,3080,2,2,9,8,0,1,♦3 ♦7,,60000,0.11119629629630584,0.30295981591578697,0,60,0,0,40,call,80,False,True,14.3136,Pair,0.0,80.0,-80.0
,16,3,Deal,3a50c1151e7e4f1de5a6ecf60feb6b9c,759,2,3,9,8,0,1,♠7 ♦9,,60000,0.11244814814816051,0.3013292453966323,0,140,0,0,80,fold,0,False,True,48.2048,Two Pair,0.0,0.0,0.0
,16,4,Deal,3b2911d7bf58bdc5f03753fc97d59fd7,1060,1,4,9,7,0,1,♣8 ♥K,,60000,0.12214074074075783,0.30854913340437845,0,140,0,0,80,call,80,False,False,20.2144,Pair,1600.0,680.0,920.0
,16,5,Deal,63161ce75141fa3603a231b1c8b9cd75,4075,0,5,9,7,0,2,♣5 ♠6,,60000,0.10348333333334288,0.29263495958022295,0,220,0,0,80,fold,0,False,True,12.3136,Pair,0.0,0.0,0.0
,16,6,Deal,8c94134f25efe7680f9743b2774e8e1f,1642,1,6,9,6,0,2,♥Q ♥6,,60000,0.14570555555557124,0.3377899342703414,0,220,0,0,80,call,80,False,False,8.1616,High Card,0.0,680.0,-680.0
,16,7,Deal,4144e097d2fa7a491cec2a7a4322f2bc,940,0,D,9,6,0,3,♠8 ♠3,,60000,0.10946296296297217,0.30082059521897725,0,300,0,0,80,fold,0,False,True,123.3169,Flush,0.0,0.0,0.0
,16,8,Deal,4bba3ab232fc6c57e7dbb1f5932b61d0,760,2,SB,9,5,0,3,♦6 ♥J,,60000,0.09571851851852976,0.27868843392907194,0,300,0,20,60,call,40,False,True,8.136000000000001,High Card,0.0,60.0,-60.0
,16,9,Deal,66af1fc97570a318833f295a60193216,800,2,BB,9,5,0,3,♥9 ♦10,,60000,0.1405444444444613,0.3310565940939379,0,340,0,40,40,call,0,False,True,16.32,Pair,0.0,40.0,-40.0
,16,10,Flop,4bba3ab232fc6c57e7dbb1f5932b61d0,720,2,SB,9,5,0,5,♦6 ♥J,♠9 ♦5 ♠K,599,0.018920422927100722,0.12413314103081785,340,0,60,0,0,fold,0,False,True,8.136000000000001,High Card,0.0,60.0,-60.0
,16,11,Flop,66af1fc97570a318833f295a60193216,800,2,BB,9,4,0,4,♥9 ♦10,♠9 ♦5 ♠K,521,0.14683301343570057,0.3477850795518196,340,0,40,0,0,fold,0,False,True,16.32,Pair,0.0,40.0,-40.0
,16,12,Flop,6ba89ab41823af9b65ea5d233031b9f8,3000,2,2,9,3,0,3,♦3 ♦7,♠9 ♦5 ♠K,530,0.03962264150943396,0.1926377210279278,340,0,80,0,0,check,0,False,True,14.3136,Pair,0.0,80.0,-80.0
,16,13,Flop,3b2911d7bf58bdc5f03753fc97d59fd7,980,1,4,9,3,0,3,♣8 ♥K,♠9 ♦5 ♠K,512,0.22265625,0.40532873305002387,340,0,80,0,0,bet,100,False,False,20.2144,Pair,1600.0,680.0,920.0
,16,14,Flop,8c94134f25efe7680f9743b2774e8e1f,1562,1,6,9,3,0,1,♥Q ♥6,♠9 ♦5 ♠K,526,0.02217997465145754,0.14104077998373127,340,100,80,0,100,raise,200,False,False,8.1616,High Card,0.0,680.0,-680.0
,16,15,Flop,6ba89ab41823af9b65ea5d233031b9f8,3000,2,2,9,3,0,1,♦3 ♦7,♠9 ♦5 ♠K,550,0.038181818181818185,0.18924818634020737,340,300,80,0,200,fold,0,False,True,14.3136,Pair,0.0,80.0,-80.0
,16,16,Flop,3b2911d7bf58bdc5f03753fc97d59fd7,880,1,4,9,2,0,1,♣8 ♥K,♠9 ♦5 ♠K,521,0.22456813819577734,0.40681697779051285,340,300,80,100,100,call,100,False,False,20.2144,Pair,1600.0,680.0,920.0
,16,17,Turn,3b2911d7bf58bdc5f03753fc97d59fd7,780,1,4,9,2,0,2,♣8 ♥K,♠9 ♦5 ♠K ♠A,530,0.07924528301886792,0.2630435006466936,740,0,280,0,0,bet,100,False,False,20.2144,Pair,1600.0,680.0,920.0
,16,18,Turn,8c94134f25efe7680f9743b2774e8e1f,1362,1,6,9,2,0,1,♥Q ♥6,♠9 ♦5 ♠K ♠A,534,0.003745318352059925,0.04311185180981775,740,100,280,0,100,raise,200,False,False,8.1616,High Card,0.0,680.0,-680.0
,16,19,Turn,3b2911d7bf58bdc5f03753fc97d59fd7,680,1,4,9,2,0,1,♣8 ♥K,♠9 ♦5 ♠K ♠A,551,0.08711433756805807,0.27383977920759944,740,300,280,100,100,call,100,False,False,20.2144,Pair,1600.0,680.0,920.0
,16,20,River,3b2911d7bf58bdc5f03753fc97d59fd7,580,1,4,9,2,0,2,♣8 ♥K,♠9 ♦5 ♠K ♠A ♣7,551,0.041742286751361164,0.1977180498381328,1140,0,480,0,0,bet,100,False,False,20.2144,Pair,1600.0,680.0,920.0
,16,21,River,8c94134f25efe7680f9743b2774e8e1f,1162,1,6,9,2,0,1,♥Q ♥6,♠9 ♦5 ♠K ♠A ♣7,579,0.0,0.0,1140,100,480,0,100,raise,200,False,False,8.1616,High Card,0.0,680.0,-680.0
,16,22,River,3b2911d7bf58bdc5f03753fc97d59fd7,480,1,4,9,2,0,1,♣8 ♥K,♠9 ♦5 ♠K ♠A ♣7,534,0.04307116104868914,0.20069804818829715,1140,300,480,100,100,call,100,False,False,20.2144,Pair,1600.0,680.0,920.0
