game_id,round_id,turn_id,roundName,playerName,chips,chips0,reloadCount,hole,board,Nsim,prWin,prWinStd,pot,bet,cost_to_call,position,action,amount,rank,message,winMoney
2018-03-17 12:24:26,1,1,Deal,SML,1000.0,1000.0,0,♠10 ♣A,,20000,0.24694126984126696,0.3514786129147141,30.0,0.0,0.0,,call,20.0,35.2048,Two Pair,0.0
2018-03-17 12:24:26,1,2,Deal,PCB,1000.0,1000.0,0,♥J ♣10,,20000,0.22955476190475851,0.34882690410679096,50.0,0.0,20.0,,call,20.0,35.0256,Two Pair,0.0
2018-03-17 12:24:26,1,3,Deal,Tobacco AI,1000.0,1000.0,0,♠J ♦6,,20000,0.1511301587301569,0.2944079369909671,70.0,0.0,20.0,,call,20.0,36.0256,Two Pair,0.0
2018-03-17 12:24:26,1,4,Deal,Out Bluffed,1000.0,1000.0,0,♦10 ♣6,,20000,0.1492702380952367,0.29478708574750195,90.0,0.0,20.0,,fold,0.0,36.0128,Two Pair,0.0
2018-03-17 12:24:26,1,5,Deal,Im Not Kao Chin,990.0,990.0,0,♦2 ♦9,,20000,0.15358452380952178,0.3110499711224413,90.0,0.0,20.0,SB,call,10.0,35.0064,Two Pair,0.0
2018-03-17 12:24:26,1,6,Deal,ヽ(=^･ω･^=)丿,980.0,980.0,0,♣4 ♠8,,20000,0.12302976190476281,0.274911457540041,100.0,0.0,20.0,BB,call,0.0,116.0,Straight,3040.0
2018-03-17 12:24:26,1,7,Flop,Im Not Kao Chin,980.0,980.0,0,♦2 ♦9,♦7 ♠6 ♦5,211,0.33649289099526064,0.4674677409319506,100.0,0.0,0.0,SB,bet,20.0,35.0064,Two Pair,0.0
2018-03-17 12:24:26,1,8,Flop,ヽ(=^･ω･^=)丿,980.0,980.0,0,♣4 ♠8,♦7 ♠6 ♦5,104,0.7467948717948717,0.41279015257049384,120.0,0.0,20.0,BB,allin,980.0,116.0,Straight,3040.0
2018-03-17 12:24:26,1,9,Flop,SML,980.0,980.0,0,♠10 ♣A,♦7 ♠6 ♦5,100,0.09666666666666666,0.27906590221268124,1100.0,0.0,980.0,,allin,980.0,35.2048,Two Pair,0.0
2018-03-17 12:24:26,1,10,Flop,PCB,980.0,980.0,0,♥J ♣10,♦7 ♠6 ♦5,102,0.0784313725490196,0.26884920001572726,2080.0,0.0,980.0,,fold,0.0,35.0256,Two Pair,0.0
2018-03-17 12:24:26,1,11,Flop,Tobacco AI,980.0,980.0,0,♠J ♦6,♦7 ♠6 ♦5,179,0.11731843575418995,0.3144826337082396,2080.0,0.0,980.0,,fold,0.0,36.0256,Two Pair,0.0
2018-03-17 12:24:26,1,12,Flop,Im Not Kao Chin,960.0,960.0,0,♦2 ♦9,♦7 ♠6 ♦5,191,0.34554973821989526,0.470010121744007,2080.0,20.0,960.0,SB,allin,960.0,35.0064,Two Pair,0.0
2018-03-17 12:24:26,2,1,Deal,PCB,980.0,980.0,0,♠K ♦10,,20000,0.237500396825393,0.3481261824580231,30.0,0.0,0.0,,call,20.0,96.1024,Two Pair,320.0
2018-03-17 12:24:26,2,2,Deal,Tobacco AI,1980.0,1980.0,1,♣J ♥2,,20000,0.12991269841269837,0.2775350392918523,50.0,0.0,20.0,,call,20.0,21.0416,Pair,0.0
2018-03-17 12:24:26,2,3,Deal,Out Bluffed,1000.0,1000.0,0,♣A ♠10,,20000,0.24694126984126696,0.3514786129147141,70.0,0.0,20.0,,call,20.0,276.0,Full House,0.0
2018-03-17 12:24:26,2,4,Deal,Im Not Kao Chin,1000.0,1000.0,1,♥6 ♠5,,20000,0.14345119047619068,0.2998228990516566,90.0,0.0,20.0,,fold,0.0,92.0128,Two Pair,0.0
2018-03-17 12:24:26,2,5,Deal,ヽ(=^･ω･^=)丿,3030.0,3030.0,0,♣8 ♦J,,20000,0.1834480158730103,0.31819048169600606,90.0,0.0,20.0,SB,call,10.0,94.0256,Two Pair,0.0
2018-03-17 12:24:26,2,6,Deal,SML,980.0,980.0,1,♦7 ♠7,,20000,0.2245587301587351,0.34170349097694075,100.0,0.0,20.0,BB,call,0.0,93.0128,Two Pair,0.0
2018-03-17 12:24:26,2,7,Flop,ヽ(=^･ω･^=)丿,3020.0,3020.0,0,♣8 ♦J,♣6 ♥10 ♠A,184,0.10869565217391304,0.3024006031139903,100.0,0.0,0.0,SB,bet,20.0,94.0256,Two Pair,0.0
2018-03-17 12:24:26,2,8,Flop,SML,980.0,980.0,1,♦7 ♠7,♣6 ♥10 ♠A,164,0.18292682926829268,0.3866065240035941,120.0,0.0,20.0,BB,call,20.0,93.0128,Two Pair,0.0
2018-03-17 12:24:26,2,9,Flop,PCB,960.0,960.0,0,♠K ♦10,♣6 ♥10 ♠A,140,0.26904761904761904,0.4357923427349253,140.0,0.0,20.0,,call,20.0,96.1024,Two Pair,320.0
2018-03-17 12:24:26,2,10,Flop,Tobacco AI,1960.0,1960.0,1,♣J ♥2,♣6 ♥10 ♠A,127,0.015748031496062992,0.12449912047907007,160.0,0.0,20.0,,fold,0.0,21.0416,Pair,0.0
2018-03-17 12:24:26,2,11,Flop,Out Bluffed,980.0,980.0,0,♣A ♠10,♣6 ♥10 ♠A,128,0.671875,0.4695306000411475,160.0,0.0,20.0,,call,20.0,276.0,Full House,0.0
2018-03-17 12:24:26,2,12,Turn,ヽ(=^･ω･^=)丿,3000.0,3000.0,0,♣8 ♦J,♣6 ♥10 ♠A ♥8,164,0.12804878048780488,0.32955046626516243,180.0,0.0,0.0,SB,bet,20.0,94.0256,Two Pair,0.0
2018-03-17 12:24:26,2,13,Turn,SML,960.0,960.0,1,♦7 ♠7,♣6 ♥10 ♠A ♥8,172,0.09302325581395349,0.2802783905393942,200.0,0.0,20.0,BB,call,20.0,93.0128,Two Pair,0.0
2018-03-17 12:24:26,2,14,Turn,PCB,940.0,940.0,0,♠K ♦10,♣6 ♥10 ♠A ♥8,206,0.1650485436893204,0.37122435522922637,220.0,0.0,20.0,,call,20.0,96.1024,Two Pair,320.0
2018-03-17 12:24:26,2,15,Turn,Out Bluffed,960.0,960.0,0,♣A ♠10,♣6 ♥10 ♠A ♥8,122,0.5983606557377049,0.4860317075532326,240.0,0.0,20.0,,call,20.0,276.0,Full House,0.0
2018-03-17 12:24:26,2,16,River,ヽ(=^･ω･^=)丿,2980.0,2980.0,0,♣8 ♦J,♣6 ♥10 ♠A ♥8 ♥A,272,0.125,0.3251131024916786,260.0,0.0,0.0,SB,bet,20.0,94.0256,Two Pair,0.0
2018-03-17 12:24:26,2,17,River,SML,940.0,940.0,1,♦7 ♠7,♣6 ♥10 ♠A ♥8 ♥A,179,0.0782122905027933,0.26850535956866856,280.0,0.0,20.0,BB,call,20.0,93.0128,Two Pair,0.0
2018-03-17 12:24:26,2,18,River,PCB,920.0,920.0,0,♠K ♦10,♣6 ♥10 ♠A ♥8 ♥A,176,0.42613636363636365,0.491633251654352,300.0,0.0,20.0,,call,20.0,96.1024,Two Pair,320.0
2018-03-17 12:24:26,2,19,River,Out Bluffed,940.0,940.0,0,♣A ♠10,♣6 ♥10 ♠A ♥8 ♥A,146,0.9931506849315068,0.058118365576976506,320.0,0.0,20.0,,fold,0.0,276.0,Full House,0.0
2018-03-17 12:24:26,3,1,Deal,Tobacco AI,1960.0,1960.0,1,♦A ♥8,,20000,0.2104702380952301,0.32939163746680405,30.0,0.0,0.0,,call,20.0,12.2144,Pair,0.0
2018-03-17 12:24:26,3,2,Deal,Out Bluffed,940.0,940.0,0,♦J ♥9,,20000,0.2017369047618974,0.3324787953346422,50.0,0.0,20.0,,fold,0.0,46.0256,Two Pair,0.0
2018-03-17 12:24:26,3,3,Deal,Im Not Kao Chin,1000.0,1000.0,1,♦4 ♠8,,20000,0.12302976190476281,0.274911457540041,50.0,0.0,20.0,,fold,0.0,12.0098,Pair,0.0
2018-03-17 12:24:26,3,4,Deal,ヽ(=^･ω･^=)丿,2960.0,2960.0,0,♦8 ♦2,,20000,0.14673214285714153,0.3049291322439255,50.0,0.0,20.0,,call,20.0,25.0064,Two Pair,0.0
2018-03-17 12:24:26,3,5,Deal,SML,910.0,910.0,1,♣K ♣5,,20000,0.21510396825396277,0.34872392751513,70.0,0.0,20.0,SB,call,10.0,103.1088,Three of a Kind,180.0
2018-03-17 12:24:26,3,6,Deal,PCB,1200.0,1200.0,0,♥J ♦5,,20000,0.14323055555555464,0.2863178270863004,80.0,0.0,20.0,BB,fold,0.0,103.03200000000001,Three of a Kind,0.0
2018-03-17 12:24:26,3,7,Flop,SML,900.0,900.0,1,♣K ♣5,♥5 ♠9 ♣3,163,0.26380368098159507,0.4371999705164437,80.0,0.0,0.0,SB,bet,20.0,103.1088,Three of a Kind,180.0
2018-03-17 12:24:26,3,8,Flop,Tobacco AI,1940.0,1940.0,1,♦A ♥8,♥5 ♠9 ♣3,138,0.043478260869565216,0.20393111999232302,100.0,0.0,20.0,,call,20.0,12.2144,Pair,0.0
2018-03-17 12:24:26,3,9,Flop,ヽ(=^･ω･^=)丿,2940.0,2940.0,0,♦8 ♦2,♥5 ♠9 ♣3,157,0.06369426751592357,0.24420750971567914,120.0,0.0,20.0,,fold,0.0,25.0064,Two Pair,0.0
2018-03-17 12:24:26,3,10,Turn,SML,880.0,880.0,1,♣K ♣5,♥5 ♠9 ♣3 ♠5,139,0.7841726618705036,0.38426965067837815,120.0,0.0,0.0,SB,bet,20.0,103.1088,Three of a Kind,180.0
2018-03-17 12:24:26,3,11,Turn,Tobacco AI,1920.0,1920.0,1,♦A ♥8,♥5 ♠9 ♣3 ♠5,171,0.08771929824561403,0.2669320009597007,140.0,0.0,20.0,,call,20.0,12.2144,Pair,0.0
2018-03-17 12:24:26,3,12,River,SML,860.0,860.0,1,♣K ♣5,♥5 ♠9 ♣3 ♠5 ♠2,122,0.6557377049180327,0.47512710643244066,160.0,0.0,0.0,SB,bet,20.0,103.1088,Three of a Kind,180.0
2018-03-17 12:24:26,3,13,River,Tobacco AI,1900.0,1900.0,1,♦A ♥8,♥5 ♠9 ♣3 ♠5 ♠2,219,0.0136986301369863,0.10596165649198441,180.0,0.0,20.0,,fold,0.0,12.2144,Pair,0.0
2018-03-17 12:24:26,4,1,Deal,Out Bluffed,940.0,940.0,0,♦Q ♦7,,20000,0.20780873015872367,0.3428258708335928,30.0,0.0,0.0,,fold,0.0,14.2688,Pair,0.0
2018-03-17 12:24:26,4,2,Deal,Im Not Kao Chin,1000.0,1000.0,1,♥4 ♣10,,20000,0.13484920634920602,0.2829212532089545,30.0,0.0,0.0,,fold,0.0,17.2072,Pair,0.0
2018-03-17 12:24:26,4,3,Deal,ヽ(=^･ω･^=)丿,2940.0,2940.0,0,♥10 ♦6,,20000,0.1492702380952367,0.29478708574750195,30.0,0.0,0.0,,call,20.0,54.2048,Two Pair,2898.0
2018-03-17 12:24:26,4,4,Deal,SML,1020.0,1020.0,1,♠10 ♠9,,20000,0.23943968253968256,0.3663078637571948,50.0,0.0,20.0,,call,20.0,17.2128,Pair,0.0
2018-03-17 12:24:26,4,5,Deal,PCB,1190.0,1190.0,0,♠8 ♦K,,20000,0.18936587301586613,0.3168376745646693,70.0,0.0,20.0,SB,fold,0.0,8.12,High Card,0.0
2018-03-17 12:24:26,4,6,Deal,Tobacco AI,1880.0,1880.0,1,♥3 ♠K,,20000,0.1616476190476152,0.3012782483252023,70.0,0.0,20.0,BB,call,0.0,8.1176,High Card,0.0
2018-03-17 12:24:26,4,7,Flop,Tobacco AI,1880.0,1880.0,1,♥3 ♠K,♦10 ♣5 ♠7,199,0.09045226130653267,0.28682860689106204,70.0,0.0,0.0,BB,check,0.0,8.1176,High Card,0.0
2018-03-17 12:24:26,4,8,Flop,ヽ(=^･ω･^=)丿,2920.0,2920.0,0,♥10 ♦6,♦10 ♣5 ♠7,148,0.25675675675675674,0.4368440506822868,70.0,0.0,0.0,,bet,20.0,54.2048,Two Pair,2898.0
2018-03-17 12:24:26,4,9,Flop,SML,1000.0,1000.0,1,♠10 ♠9,♦10 ♣5 ♠7,150,0.46,0.48826222462934815,90.0,0.0,20.0,,call,20.0,17.2128,Pair,0.0
2018-03-17 12:24:26,4,10,Flop,Tobacco AI,1880.0,1880.0,1,♥3 ♠K,♦10 ♣5 ♠7,207,0.08695652173913043,0.2817713347133852,110.0,0.0,20.0,BB,call,20.0,8.1176,High Card,0.0
2018-03-17 12:24:26,4,11,Turn,Tobacco AI,1860.0,1860.0,1,♥3 ♠K,♦10 ♣5 ♠7 ♣6,171,0.027290448343079924,0.15474685603890326,130.0,0.0,0.0,BB,fold,0.0,8.1176,High Card,0.0
2018-03-17 12:24:26,4,12,Turn,ヽ(=^･ω･^=)丿,2900.0,2900.0,0,♥10 ♦6,♦10 ♣5 ♠7 ♣6,102,0.37254901960784315,0.48348345121325303,130.0,0.0,0.0,,bet,20.0,54.2048,Two Pair,2898.0
2018-03-17 12:24:26,4,13,Turn,SML,980.0,980.0,1,♠10 ♠9,♦10 ♣5 ♠7 ♣6,160,0.2479166666666667,0.4249131855776869,150.0,0.0,20.0,,call,20.0,17.2128,Pair,0.0
2018-03-17 12:24:26,4,14,River,ヽ(=^･ω･^=)丿,2880.0,2880.0,0,♥10 ♦6,♦10 ♣5 ♠7 ♣6 ♥A,234,0.6410256410256411,0.4796996649710181,170.0,0.0,0.0,,bet,1768.0,54.2048,Two Pair,2898.0
2018-03-17 12:24:26,4,15,River,SML,960.0,960.0,1,♠10 ♠9,♦10 ♣5 ♠7 ♣6 ♥A,157,0.1592356687898089,0.3615175752284735,1938.0,0.0,1768.0,,allin,960.0,17.2128,Pair,0.0
2018-03-17 12:24:26,5,1,Deal,Im Not Kao Chin,1000.0,1000.0,1,♠Q ♠10,,20000,0.26980595238095273,0.37552755975719,30.0,0.0,0.0,,call,20.0,17.1538,Pair,380.0
2018-03-17 12:24:26,5,2,Deal,ヽ(=^･ω･^=)丿,4010.0,4010.0,0,♦3 ♠J,,20000,0.13182579365079378,0.27687098473222677,50.0,0.0,20.0,,fold,0.0,10.1408,Pair,0.0
2018-03-17 12:24:26,5,3,Deal,SML,1000.0,1000.0,2,♦4 ♣6,,20000,0.13283214285714384,0.29089205767122883,50.0,0.0,20.0,,call,20.0,11.116,Pair,0.0
2018-03-17 12:24:26,5,4,Deal,PCB,1190.0,1190.0,0,♣7 ♥5,,20000,0.14222579365079366,0.29756403812342735,70.0,0.0,20.0,,call,20.0,7.015,High Card,0.0
2018-03-17 12:24:26,5,5,Deal,Tobacco AI,1850.0,1850.0,1,♣2 ♦6,,20000,0.10399246031746366,0.2593046141126964,90.0,0.0,20.0,SB,call,10.0,9.116,Pair,0.0
2018-03-17 12:24:26,5,6,Deal,Out Bluffed,920.0,920.0,0,♠7 ♥7,,20000,0.2245587301587351,0.34170349097694075,100.0,0.0,20.0,BB,call,0.0,14.1154,Pair,0.0
2018-03-17 12:24:26,5,7,Flop,Tobacco AI,1840.0,1840.0,1,♣2 ♦6,♥2 ♥10 ♣K,156,0.10256410256410256,0.3033887068256213,100.0,0.0,0.0,SB,fold,0.0,9.116,Pair,0.0
2018-03-17 12:24:26,5,8,Flop,Out Bluffed,920.0,920.0,0,♠7 ♥7,♥2 ♥10 ♣K,194,0.14432989690721648,0.35142392884658374,100.0,0.0,0.0,BB,bet,20.0,14.1154,Pair,0.0
2018-03-17 12:24:26,5,9,Flop,Im Not Kao Chin,980.0,980.0,1,♠Q ♠10,♥2 ♥10 ♣K,147,0.4013605442176871,0.472507624321429,120.0,0.0,20.0,,call,20.0,17.1538,Pair,380.0
2018-03-17 12:24:26,5,10,Flop,SML,980.0,980.0,2,♦4 ♣6,♥2 ♥10 ♣K,175,0.022857142857142857,0.1494479637785374,140.0,0.0,20.0,,call,20.0,11.116,Pair,0.0
2018-03-17 12:24:26,5,11,Flop,PCB,1170.0,1170.0,0,♣7 ♥5,♥2 ♥10 ♣K,223,0.04484304932735426,0.206959296129405,160.0,0.0,20.0,,fold,0.0,7.015,High Card,0.0
2018-03-17 12:24:26,5,12,Turn,Out Bluffed,900.0,900.0,0,♠7 ♥7,♥2 ♥10 ♣K ♠4,139,0.14388489208633093,0.35097297604749544,160.0,0.0,0.0,BB,bet,20.0,14.1154,Pair,0.0
2018-03-17 12:24:26,5,13,Turn,Im Not Kao Chin,960.0,960.0,1,♠Q ♠10,♥2 ♥10 ♣K ♠4,137,0.22627737226277372,0.41403657812822703,180.0,0.0,20.0,,raise,40.0,17.1538,Pair,380.0
2018-03-17 12:24:26,5,14,Turn,SML,960.0,960.0,2,♦4 ♣6,♥2 ♥10 ♣K ♠4,170,0.11176470588235295,0.31037425784171574,220.0,0.0,40.0,,call,40.0,11.116,Pair,0.0
2018-03-17 12:24:26,5,15,Turn,Out Bluffed,880.0,880.0,0,♠7 ♥7,♥2 ♥10 ♣K ♠4,153,0.1437908496732026,0.350877530234498,260.0,20.0,20.0,BB,call,20.0,14.1154,Pair,0.0
2018-03-17 12:24:26,5,16,River,Out Bluffed,860.0,860.0,0,♠7 ♥7,♥2 ♥10 ♣K ♠4 ♣3,222,0.11711711711711711,0.3215597891454909,280.0,0.0,0.0,BB,bet,20.0,14.1154,Pair,0.0
2018-03-17 12:24:26,5,17,River,Im Not Kao Chin,920.0,920.0,1,♠Q ♠10,♥2 ♥10 ♣K ♠4 ♣3,102,0.30392156862745096,0.4545891419360639,300.0,0.0,20.0,,raise,40.0,17.1538,Pair,380.0
2018-03-17 12:24:26,5,18,River,SML,920.0,920.0,2,♦4 ♣6,♥2 ♥10 ♣K ♠4 ♣3,151,0.06622516556291391,0.24867527623203425,340.0,0.0,40.0,,call,40.0,11.116,Pair,0.0
2018-03-17 12:24:26,5,19,River,Out Bluffed,840.0,840.0,0,♠7 ♥7,♥2 ♥10 ♣K ♠4 ♣3,128,0.171875,0.37727176461405115,380.0,20.0,20.0,BB,fold,0.0,14.1154,Pair,0.0
2018-03-17 12:24:26,6,1,Deal,ヽ(=^･ω･^=)丿,4010.0,4010.0,0,♠J ♥7,,20000,0.16638968253967884,0.30662642844565635,30.0,0.0,0.0,,bet,428.0,6.0464,High Card,0.0
2018-03-17 12:24:26,6,2,Deal,SML,880.0,880.0,2,♣5 ♥K,,20000,0.16963134920634426,0.306446182484828,458.0,0.0,428.0,,call,428.0,7.0712,High Card,0.0
2018-03-17 12:24:26,6,3,Deal,PCB,1170.0,1170.0,0,♣K ♣J,,20000,0.280962301587302,0.3758000077700192,886.0,0.0,428.0,,call,428.0,121.0,Straight,0.0
2018-03-17 12:24:26,6,4,Deal,Tobacco AI,1840.0,1840.0,1,♣9 ♦10,,20000,0.2003611111111051,0.3329443804087282,1314.0,0.0,428.0,,call,428.0,57.0512,Two Pair,1902.0
2018-03-17 12:24:26,6,5,Deal,Out Bluffed,830.0,830.0,0,♠10 ♣10,,20000,0.30026746031747914,0.35346759927401283,1742.0,0.0,428.0,SB,fold,0.0,108.0576,Three of a Kind,0.0
2018-03-17 12:24:26,6,6,Deal,Im Not Kao Chin,1240.0,1240.0,1,♠3 ♣A,,20000,0.18685952380951795,0.32001374191123394,1742.0,0.0,428.0,BB,fold,0.0,8.0712,High Card,0.0
2018-03-17 12:24:26,6,7,Flop,ヽ(=^･ω･^=)丿,3582.0,3582.0,0,♠J ♥7,♥6 ♦4 ♦9,102,0.13725490196078433,0.3295634571366984,1742.0,0.0,0.0,,bet,20.0,6.0464,High Card,0.0
2018-03-17 12:24:26,6,8,Flop,SML,452.0,452.0,2,♣5 ♥K,♥6 ♦4 ♦9,106,0.03773584905660377,0.16394478487719594,1762.0,0.0,20.0,,call,20.0,7.0712,High Card,0.0
2018-03-17 12:24:26,6,9,Flop,PCB,742.0,742.0,0,♣K ♣J,♥6 ♦4 ♦9,101,0.09900990099009901,0.298675309485116,1782.0,0.0,20.0,,fold,0.0,121.0,Straight,0.0
2018-03-17 12:24:26,6,10,Flop,Tobacco AI,1412.0,1412.0,1,♣9 ♦10,♥6 ♦4 ♦9,149,0.36017897091722595,0.46626185466092096,1782.0,0.0,20.0,,call,20.0,57.0512,Two Pair,1902.0
2018-03-17 12:24:26,6,11,Turn,ヽ(=^･ω･^=)丿,3562.0,3562.0,0,♠J ♥7,♥6 ♦4 ♦9 ♦Q,134,0.0,0.0,1802.0,0.0,0.0,,bet,20.0,6.0464,High Card,0.0
2018-03-17 12:24:26,6,12,Turn,SML,432.0,432.0,2,♣5 ♥K,♥6 ♦4 ♦9 ♦Q,124,0.0,0.0,1822.0,0.0,20.0,,call,20.0,7.0712,High Card,0.0
2018-03-17 12:24:26,6,13,Turn,Tobacco AI,1392.0,1392.0,1,♣9 ♦10,♥6 ♦4 ♦9 ♦Q,163,0.3128834355828221,0.45700374396229926,1842.0,0.0,20.0,,call,20.0,57.0512,Two Pair,1902.0
2018-03-17 12:24:26,6,14,River,ヽ(=^･ω･^=)丿,3542.0,3542.0,0,♠J ♥7,♥6 ♦4 ♦9 ♦Q ♥10,301,0.0,0.0,1862.0,0.0,0.0,,fold,0.0,6.0464,High Card,0.0
2018-03-17 12:24:26,6,15,River,SML,412.0,412.0,2,♣5 ♥K,♥6 ♦4 ♦9 ♦Q ♥10,300,0.0,0.0,1862.0,0.0,0.0,,bet,20.0,7.0712,High Card,0.0
2018-03-17 12:24:26,6,16,River,Tobacco AI,1372.0,1372.0,1,♣9 ♦10,♥6 ♦4 ♦9 ♦Q ♥10,193,0.5440414507772021,0.492827559561334,1882.0,0.0,20.0,,call,20.0,57.0512,Two Pair,1902.0
2018-03-17 12:24:26,7,1,Deal,SML,392.0,392.0,2,♥7 ♥3,,20000,0.14983650793650638,0.3091273418239019,60.0,0.0,0.0,,call,40.0,29.0032,Two Pair,0.0
2018-03-17 12:24:26,7,2,Deal,PCB,742.0,742.0,0,♣7 ♣Q,,20000,0.20780873015872367,0.3428258708335928,100.0,0.0,40.0,,call,40.0,123.0537,Flush,1956.0
2018-03-17 12:24:26,7,3,Deal,Tobacco AI,3254.0,3254.0,1,♣A ♦5,,20000,0.19937499999999214,0.3255858138849892,140.0,0.0,40.0,,call,40.0,13.2084,Pair,0.0
2018-03-17 12:24:26,7,4,Deal,Out Bluffed,830.0,830.0,0,♥4 ♥J,,20000,0.18214325396824899,0.3301444475229533,180.0,0.0,40.0,,fold,0.0,13.029000000000002,Pair,0.0
2018-03-17 12:24:26,7,5,Deal,Im Not Kao Chin,1220.0,1220.0,1,♦2 ♥A,,20000,0.1854682539682472,0.3204971196171052,180.0,0.0,40.0,SB,call,20.0,28.2048,Two Pair,0.0
2018-03-17 12:24:26,7,6,Deal,ヽ(=^･ω･^=)丿,3502.0,3502.0,0,♣J ♠8,,20000,0.1834480158730103,0.31819048169600606,200.0,0.0,40.0,BB,call,0.0,41.0256,Two Pair,17.0
2018-03-17 12:24:26,7,7,Flop,Im Not Kao Chin,1200.0,1200.0,1,♦2 ♥A,♣6 ♣3 ♣2,151,0.08167770419426047,0.2704937502041631,200.0,0.0,0.0,SB,fold,0.0,28.2048,Two Pair,0.0
2018-03-17 12:24:26,7,8,Flop,ヽ(=^･ω･^=)丿,3502.0,3502.0,0,♣J ♠8,♣6 ♣3 ♣2,188,0.21453900709219859,0.4086985198859102,200.0,0.0,0.0,BB,bet,679.0,41.0256,Two Pair,17.0
2018-03-17 12:24:26,7,9,Flop,SML,352.0,352.0,2,♥7 ♥3,♣6 ♣3 ♣2,128,0.07291666666666667,0.24803918541230538,879.0,0.0,679.0,,allin,352.0,29.0032,Two Pair,0.0
2018-03-17 12:24:26,7,10,Flop,PCB,702.0,702.0,0,♣7 ♣Q,♣6 ♣3 ♣2,171,0.7660818713450293,0.42332072680359906,1231.0,0.0,679.0,,call,679.0,123.0537,Flush,1956.0
2018-03-17 12:24:26,7,11,Flop,Tobacco AI,3214.0,3214.0,1,♣A ♦5,♣6 ♣3 ♣2,166,0.42168674698795183,0.48769143730142395,1910.0,0.0,679.0,,fold,0.0,13.2084,Pair,0.0
2018-03-17 12:24:26,7,12,Turn,ヽ(=^･ω･^=)丿,2823.0,2823.0,0,♣J ♠8,♣6 ♣3 ♣2 ♠6,102,0.11764705882352941,0.3221897397089212,1910.0,0.0,0.0,BB,bet,40.0,41.0256,Two Pair,17.0
2018-03-17 12:24:26,7,13,Turn,PCB,23.0,23.0,0,♣7 ♣Q,♣6 ♣3 ♣2 ♠6,224,0.6160714285714286,0.48634085112129716,1950.0,0.0,40.0,,allin,23.0,123.0537,Flush,1956.0
2018-03-17 12:24:26,8,1,Deal,Tobacco AI,3214.0,3214.0,1,♠9 ♥7,,20000,0.168188492063489,0.3123791720588959,60.0,0.0,0.0,,fold,0.0,49.2048,Two Pair,0.0
2018-03-17 12:24:26,8,2,Deal,Out Bluffed,830.0,830.0,0,♠3 ♠J,,20000,0.2032730158730243,0.3320692583644293,60.0,0.0,0.0,,fold,0.0,15.2368,Pair,0.0
2018-03-17 12:24:26,8,3,Deal,Im Not Kao Chin,1200.0,1200.0,1,♣7 ♠K,,20000,0.22178968253969406,0.31959230610097,60.0,0.0,0.0,,call,40.0,42.2048,Two Pair,240.0
2018-03-17 12:24:26,8,4,Deal,ヽ(=^･ω･^=)丿,2780.0,2780.0,0,♣J ♠4,,20000,0.16894007936509092,0.2931600594755207,100.0,0.0,40.0,SB,call,20.0,15.2368,Pair,0.0
2018-03-17 12:24:26,8,5,Deal,PCB,1916.0,1916.0,0,♥Q ♦4,,20000,0.1848337301587412,0.30390939960277497,120.0,0.0,40.0,BB,fold,0.0,15.2624,Pair,0.0
2018-03-17 12:24:26,8,6,Flop,ヽ(=^･ω･^=)丿,2760.0,2760.0,0,♣J ♠4,♣9 ♠7 ♣8,197,0.17529610829103215,0.3351708822808214,120.0,0.0,0.0,SB,bet,40.0,15.2368,Pair,0.0
2018-03-17 12:24:26,8,7,Flop,Im Not Kao Chin,1160.0,1160.0,1,♣7 ♠K,♣9 ♠7 ♣8,188,0.13191489361702127,0.3333303153628279,160.0,0.0,40.0,,raise,80.0,42.2048,Two Pair,240.0
2018-03-17 12:24:26,8,8,Flop,ヽ(=^･ω･^=)丿,2720.0,2720.0,0,♣J ♠4,♣9 ♠7 ♣8,180,0.15851851851851853,0.31764220538952126,240.0,40.0,40.0,SB,fold,0.0,15.2368,Pair,0.0
2018-03-17 12:24:26,9,1,Deal,Out Bluffed,830.0,830.0,0,♦3 ♣A,,20000,0.22475952380953396,0.32632135598934336,60.0,0.0,0.0,,fold,0.0,21.0704,Pair,0.0
2018-03-17 12:24:26,9,2,Deal,Im Not Kao Chin,1320.0,1320.0,1,♥2 ♠J,,20000,0.15870793650794782,0.2877993190729222,60.0,0.0,0.0,,call,40.0,8.096,High Card,0.0
2018-03-17 12:24:26,9,3,Deal,ヽ(=^･ω･^=)丿,2720.0,2720.0,0,♣2 ♥5,,20000,0.13136785714286925,0.27662593414785386,100.0,0.0,40.0,,fold,0.0,8.0712,High Card,0.0
2018-03-17 12:24:26,9,4,Deal,PCB,1896.0,1896.0,0,♠9 ♣3,,20000,0.14205753968255264,0.27234829539733935,100.0,0.0,40.0,SB,fold,0.0,16.2688,Pair,0.0
2018-03-17 12:24:26,9,5,Deal,Tobacco AI,3174.0,3174.0,1,♣K ♦10,,20000,0.27973769841270635,0.35142230695532517,100.0,0.0,40.0,BB,call,0.0,17.3584,Pair,362.0
2018-03-17 12:24:26,9,6,Flop,Tobacco AI,3174.0,3174.0,1,♣K ♦10,♦Q ♥10 ♥A,118,0.30790960451977395,0.4293971152683553,100.0,0.0,0.0,BB,bet,91.0,17.3584,Pair,362.0
2018-03-17 12:24:26,9,7,Flop,Im Not Kao Chin,1280.0,1280.0,1,♥2 ♠J,♦Q ♥10 ♥A,102,0.14705882352941177,0.33275613232308127,191.0,0.0,91.0,,call,91.0,8.096,High Card,0.0
2018-03-17 12:24:26,9,8,Turn,Tobacco AI,3083.0,3083.0,1,♣K ♦10,♦Q ♥10 ♥A ♦9,166,0.24096385542168675,0.398502058037138,282.0,0.0,0.0,BB,check,0.0,17.3584,Pair,362.0
2018-03-17 12:24:26,9,9,Turn,Im Not Kao Chin,1189.0,1189.0,1,♥2 ♠J,♦Q ♥10 ♥A ♦9,101,0.18811881188118812,0.3713201305465183,282.0,0.0,0.0,,bet,40.0,8.096,High Card,0.0
2018-03-17 12:24:26,9,10,Turn,Tobacco AI,3083.0,3083.0,1,♣K ♦10,♦Q ♥10 ♥A ♦9,224,0.2663690476190476,0.41094875553634513,322.0,0.0,40.0,BB,call,40.0,17.3584,Pair,362.0
2018-03-17 12:24:26,9,11,River,Tobacco AI,3043.0,3043.0,1,♣K ♦10,♦Q ♥10 ♥A ♦9 ♦6,196,0.11224489795918367,0.31566751629098,362.0,0.0,0.0,BB,check,0.0,17.3584,Pair,362.0
2018-03-17 12:24:26,9,12,River,Im Not Kao Chin,1149.0,1149.0,1,♥2 ♠J,♦Q ♥10 ♥A ♦9 ♦6,218,0.009174311926605505,0.09534224628819508,362.0,0.0,0.0,,fold,0.0,8.096,High Card,0.0
2018-03-17 12:24:26,10,1,Deal,Im Not Kao Chin,1149.0,1149.0,1,♦K ♦Q,,20000,0.33461547619048176,0.3806716708736061,60.0,0.0,0.0,,call,40.0,79.0512,Two Pair,440.0
2018-03-17 12:24:26,10,2,Deal,ヽ(=^･ω･^=)丿,2720.0,2720.0,0,♣2 ♦9,,20000,0.13575277777779138,0.2672534824075978,100.0,0.0,40.0,,fold,0.0,11.1408,Pair,0.0
2018-03-17 12:24:26,10,3,Deal,PCB,1896.0,1896.0,0,♥2 ♦A,,20000,0.22229404761905622,0.3270701829254445,100.0,0.0,40.0,,fold,0.0,11.3328,Pair,0.0
2018-03-17 12:24:26,10,4,Deal,Tobacco AI,3385.0,3385.0,1,♦J ♥A,,20000,0.3052599206349299,0.3592624113493283,100.0,0.0,40.0,SB,call,20.0,60.2048,Two Pair,0.0
2018-03-17 12:24:26,10,5,Deal,Out Bluffed,790.0,790.0,0,♠10 ♦8,,20000,0.2234154761904891,0.3328531207351628,120.0,0.0,40.0,BB,call,0.0,52.1024,Two Pair,0.0
2018-03-17 12:24:26,10,6,Flop,Tobacco AI,3365.0,3365.0,1,♦J ♥A,♠4 ♣K ♦10,184,0.21739130434782608,0.39907738588447433,120.0,0.0,0.0,SB,check,0.0,60.2048,Two Pair,0.0
2018-03-17 12:24:26,10,7,Flop,Out Bluffed,790.0,790.0,0,♠10 ♦8,♠4 ♣K ♦10,132,0.3787878787878788,0.4772125984249583,120.0,0.0,0.0,BB,bet,40.0,52.1024,Two Pair,0.0
2018-03-17 12:24:26,10,8,Flop,Im Not Kao Chin,1109.0,1109.0,1,♦K ♦Q,♠4 ♣K ♦10,145,0.5862068965517241,0.49251230541674823,160.0,0.0,40.0,,raise,80.0,79.0512,Two Pair,440.0
2018-03-17 12:24:26,10,9,Flop,Tobacco AI,3365.0,3365.0,1,♦J ♥A,♠4 ♣K ♦10,182,0.21978021978021978,0.4006093655727074,240.0,0.0,80.0,SB,fold,0.0,60.2048,Two Pair,0.0
2018-03-17 12:24:26,10,10,Flop,Out Bluffed,750.0,750.0,0,♠10 ♦8,♠4 ♣K ♦10,172,0.3953488372093023,0.4768859687072065,240.0,40.0,40.0,BB,call,40.0,52.1024,Two Pair,0.0
2018-03-17 12:24:26,10,11,Turn,Out Bluffed,710.0,710.0,0,♠10 ♦8,♠4 ♣K ♦10 ♥4,179,0.35195530726256985,0.47758011783603377,280.0,0.0,0.0,BB,bet,40.0,52.1024,Two Pair,0.0
2018-03-17 12:24:26,10,12,Turn,Im Not Kao Chin,1029.0,1029.0,1,♦K ♦Q,♠4 ♣K ♦10 ♥4,161,0.5900621118012422,0.49182193527525847,320.0,0.0,40.0,,raise,80.0,79.0512,Two Pair,440.0
2018-03-17 12:24:26,10,13,Turn,Out Bluffed,670.0,670.0,0,♠10 ♦8,♠4 ♣K ♦10 ♥4,176,0.3409090909090909,0.4740148548775957,400.0,40.0,40.0,BB,call,40.0,52.1024,Two Pair,0.0
2018-03-17 12:24:26,10,14,River,Out Bluffed,630.0,630.0,0,♠10 ♦8,♠4 ♣K ♦10 ♥4 ♠J,138,0.3188405797101449,0.4660271069801022,440.0,0.0,0.0,BB,fold,0.0,52.1024,Two Pair,0.0
2018-03-17 12:24:26,10,15,River,Im Not Kao Chin,949.0,949.0,1,♦K ♦Q,♠4 ♣K ♦10 ♥4 ♠J,119,0.5126050420168067,0.49984108766262353,440.0,0.0,0.0,,call,0.0,79.0512,Two Pair,440.0
2018-03-17 12:24:26,11,1,Deal,ヽ(=^･ω･^=)丿,2720.0,2720.0,0,♣5 ♥K,,20000,0.205695634920645,0.3146129889571486,60.0,0.0,0.0,,bet,443.0,12.1664,Pair,0.0
2018-03-17 12:24:26,11,2,Deal,PCB,1896.0,1896.0,0,♦J ♣8,,20000,0.21962341269842403,0.3254589670244511,503.0,0.0,443.0,,call,443.0,120.0,Straight,0.0
2018-03-17 12:24:26,11,3,Deal,Tobacco AI,3365.0,3365.0,1,♣A ♥A,,20000,0.5608551587300643,0.3373307352529077,946.0,0.0,443.0,,bet,886.0,21.0704,Pair,2275.0
2018-03-17 12:24:26,11,4,Deal,Out Bluffed,610.0,610.0,0,♦3 ♠6,,20000,0.14292261904763046,0.28448300881149496,1832.0,0.0,886.0,SB,fold,0.0,6.0204,High Card,0.0
2018-03-17 12:24:26,11,5,Deal,Im Not Kao Chin,1349.0,1349.0,1,♣9 ♠K,,20000,0.24914285714286674,0.3357272603796308,1832.0,0.0,886.0,BB,fold,0.0,16.1664,Pair,0.0
2018-03-17 12:24:26,11,6,Deal,ヽ(=^･ω･^=)丿,2277.0,2277.0,0,♣5 ♥K,,20000,0.205695634920645,0.3146129889571486,1832.0,443.0,443.0,,fold,0.0,12.1664,Pair,0.0
2018-03-17 12:24:26,11,7,Deal,PCB,1453.0,1453.0,0,♦J ♣8,,20000,0.21962341269842403,0.3254589670244511,1832.0,443.0,443.0,,call,443.0,120.0,Straight,0.0
2018-03-17 12:24:26,11,8,Flop,PCB,1010.0,1010.0,0,♦J ♣8,♥10 ♣4 ♦9,182,0.34615384615384615,0.46700064529397317,2275.0,0.0,0.0,,fold,0.0,120.0,Straight,0.0
2018-03-17 12:24:26,11,9,Flop,Tobacco AI,2479.0,2479.0,1,♣A ♥A,♥10 ♣4 ♦9,154,0.38961038961038963,0.48766190533814513,2275.0,0.0,0.0,,call,0.0,21.0704,Pair,2275.0
2018-03-17 12:24:26,12,1,Deal,PCB,1010.0,1010.0,0,♠5 ♠2,,20000,0.17735833333334095,0.32594914144643733,120.0,0.0,0.0,,call,80.0,9.1064,Pair,0.0
2018-03-17 12:24:26,12,2,Deal,Tobacco AI,4754.0,4754.0,1,♣9 ♠J,,20000,0.23862222222223303,0.33821904130055974,200.0,0.0,80.0,,call,80.0,7.0360000000000005,High Card,0.0
2018-03-17 12:24:26,12,3,Deal,Out Bluffed,610.0,610.0,0,♥K ♠K,,20000,0.5008738095237458,0.34375233826355966,280.0,0.0,80.0,,fold,0.0,111.00399999999999,Three of a Kind,0.0
2018-03-17 12:24:26,12,4,Deal,Im Not Kao Chin,1309.0,1309.0,1,♠9 ♦2,,20000,0.13575277777779138,0.2672534824075978,280.0,0.0,80.0,SB,call,40.0,9.112,Pair,800.0
2018-03-17 12:24:26,12,5,Deal,ヽ(=^･ω･^=)丿,2197.0,2197.0,0,♠10 ♣3,,20000,0.14922261904763123,0.2797325866548907,320.0,0.0,80.0,BB,call,0.0,7.017,High Card,0.0
2018-03-17 12:24:26,12,6,Flop,Im Not Kao Chin,1269.0,1269.0,1,♠9 ♦2,♥2 ♠4 ♦6,101,0.2376237623762376,0.42562743089514204,320.0,0.0,0.0,SB,bet,80.0,9.112,Pair,800.0
2018-03-17 12:24:26,12,7,Flop,ヽ(=^･ω･^=)丿,2197.0,2197.0,0,♠10 ♣3,♥2 ♠4 ♦6,120,0.125,0.3112474899497183,400.0,0.0,80.0,BB,fold,0.0,7.017,High Card,0.0
2018-03-17 12:24:26,12,8,Flop,PCB,930.0,930.0,0,♠5 ♠2,♥2 ♠4 ♦6,168,0.25992063492063494,0.41813328429656726,400.0,0.0,80.0,,call,80.0,9.1064,Pair,0.0
2018-03-17 12:24:26,12,9,Flop,Tobacco AI,4674.0,4674.0,1,♣9 ♠J,♥2 ♠4 ♦6,183,0.1092896174863388,0.3120022387676546,480.0,0.0,80.0,,fold,0.0,7.0360000000000005,High Card,0.0
2018-03-17 12:24:26,12,10,Turn,Im Not Kao Chin,1189.0,1189.0,1,♠9 ♦2,♥2 ♠4 ♦6 ♣8,182,0.10989010989010989,0.3127527356210485,480.0,0.0,0.0,SB,bet,80.0,9.112,Pair,800.0
2018-03-17 12:24:26,12,11,Turn,PCB,850.0,850.0,0,♠5 ♠2,♥2 ♠4 ♦6 ♣8,165,0.24242424242424243,0.4067836168375717,560.0,0.0,80.0,,call,80.0,9.1064,Pair,0.0
2018-03-17 12:24:26,12,12,River,Im Not Kao Chin,1109.0,1109.0,1,♠9 ♦2,♥2 ♠4 ♦6 ♣8 ♦K,224,0.04017857142857143,0.19060983964472494,640.0,0.0,0.0,SB,bet,80.0,9.112,Pair,800.0
2018-03-17 12:24:26,12,13,River,PCB,770.0,770.0,0,♠5 ♠2,♥2 ♠4 ♦6 ♣8 ♦K,188,0.02127659574468085,0.14430489325798443,720.0,0.0,80.0,,call,80.0,9.1064,Pair,0.0
2018-03-17 12:24:26,13,1,Deal,Tobacco AI,4674.0,4674.0,1,♦8 ♣J,,20000,0.21962341269842403,0.3254589670244511,120.0,0.0,0.0,,call,80.0,13.0352,Pair,0.0
2018-03-17 12:24:26,13,2,Deal,Out Bluffed,610.0,610.0,0,♠10 ♦J,,20000,0.2682500000000076,0.35297343115572566,200.0,0.0,80.0,,fold,0.0,13.0448,Pair,0.0
2018-03-17 12:24:26,13,3,Deal,Im Not Kao Chin,1829.0,1829.0,1,♥2 ♦4,,20000,0.12955357142858262,0.2761880800487505,200.0,0.0,80.0,,fold,0.0,30.0064,Two Pair,0.0
2018-03-17 12:24:26,13,4,Deal,ヽ(=^･ω･^=)丿,2157.0,2157.0,0,♥K ♥5,,20000,0.250413492063502,0.35219876347093937,200.0,0.0,80.0,SB,call,40.0,13.1092,Pair,320.0
2018-03-17 12:24:26,13,5,Deal,PCB,610.0,610.0,0,♠5 ♦3,,20000,0.15027817460318424,0.2943979373551043,240.0,0.0,80.0,BB,call,0.0,114.0,Straight,0.0
2018-03-17 12:24:26,13,6,Flop,ヽ(=^･ω･^=)丿,2117.0,2117.0,0,♥K ♥5,♥4 ♦9 ♠2,100,0.145,0.3467347689517161,240.0,0.0,0.0,SB,bet,80.0,13.1092,Pair,320.0
2018-03-17 12:24:26,13,7,Flop,PCB,610.0,610.0,0,♠5 ♦3,♥4 ♦9 ♠2,190,0.2578947368421053,0.4344576649155566,320.0,0.0,80.0,BB,fold,0.0,114.0,Straight,0.0
2018-03-17 12:24:26,13,8,Flop,Tobacco AI,4594.0,4594.0,1,♦8 ♣J,♥4 ♦9 ♠2,111,0.10810810810810811,0.3105168998128664,320.0,0.0,80.0,,fold,0.0,13.0352,Pair,0.0
2018-03-17 12:24:26,14,1,Deal,Out Bluffed,610.0,610.0,0,♠8 ♣4,,20000,0.1497246031746147,0.28420466182948095,120.0,0.0,0.0,,fold,0.0,8.0106,High Card,0.0
2018-03-17 12:24:26,14,2,Deal,Im Not Kao Chin,1829.0,1829.0,1,♥3 ♦3,,20000,0.1928055555555598,0.33007151626269565,120.0,0.0,0.0,,call,80.0,101.2112,Three of a Kind,880.0
2018-03-17 12:24:26,14,3,Deal,ヽ(=^･ω･^=)丿,2357.0,2357.0,0,♠7 ♦9,,20000,0.20094920634921867,0.31947697512207013,200.0,0.0,80.0,,call,80.0,16.2072,Pair,0.0
2018-03-17 12:24:26,14,4,Deal,PCB,570.0,570.0,0,♥10 ♠A,,20000,0.2915281746031832,0.35307629966715814,280.0,0.0,80.0,SB,call,40.0,21.02,Pair,0.0
2018-03-17 12:24:26,14,5,Deal,Tobacco AI,4514.0,4514.0,1,♥2 ♥5,,20000,0.17735833333334095,0.32594914144643733,320.0,0.0,80.0,BB,call,0.0,9.212,Pair,0.0
2018-03-17 12:24:26,14,6,Flop,PCB,530.0,530.0,0,♥10 ♠A,♠9 ♣3 ♦A,136,0.5808823529411765,0.4821085284642796,320.0,0.0,0.0,SB,check,0.0,21.02,Pair,0.0
2018-03-17 12:24:26,14,7,Flop,Tobacco AI,4514.0,4514.0,1,♥2 ♥5,♠9 ♣3 ♦A,204,0.1568627450980392,0.35686813182747634,320.0,0.0,0.0,BB,fold,0.0,9.212,Pair,0.0
2018-03-17 12:24:26,14,8,Flop,Im Not Kao Chin,1749.0,1749.0,1,♥3 ♦3,♠9 ♣3 ♦A,188,0.8936170212765957,0.3083271648125412,320.0,0.0,0.0,,bet,80.0,101.2112,Three of a Kind,880.0
2018-03-17 12:24:26,14,9,Flop,ヽ(=^･ω･^=)丿,2277.0,2277.0,0,♠7 ♦9,♠9 ♣3 ♦A,145,0.25517241379310346,0.4319851585066733,400.0,0.0,80.0,,call,80.0,16.2072,Pair,0.0
2018-03-17 12:24:26,14,10,Flop,PCB,530.0,530.0,0,♥10 ♠A,♠9 ♣3 ♦A,140,0.5785714285714286,0.4828169890320339,480.0,0.0,80.0,SB,call,80.0,21.02,Pair,0.0
2018-03-17 12:24:26,14,11,Turn,PCB,450.0,450.0,0,♥10 ♠A,♠9 ♣3 ♦A ♥6,146,0.3904109589041096,0.48431971314147093,560.0,0.0,0.0,SB,check,0.0,21.02,Pair,0.0
2018-03-17 12:24:26,14,12,Turn,Im Not Kao Chin,1669.0,1669.0,1,♥3 ♦3,♠9 ♣3 ♦A ♥6,146,0.8904109589041096,0.31237682879428436,560.0,0.0,0.0,,bet,80.0,101.2112,Three of a Kind,880.0
2018-03-17 12:24:26,14,13,Turn,ヽ(=^･ω･^=)丿,2197.0,2197.0,0,♠7 ♦9,♠9 ♣3 ♦A ♥6,166,0.1927710843373494,0.3944748323793952,640.0,0.0,80.0,,fold,0.0,16.2072,Pair,0.0
2018-03-17 12:24:26,14,14,Turn,PCB,450.0,450.0,0,♥10 ♠A,♠9 ♣3 ♦A ♥6,147,0.3945578231292517,0.48526342000251804,640.0,0.0,80.0,SB,call,80.0,21.02,Pair,0.0
2018-03-17 12:24:26,14,15,River,PCB,370.0,370.0,0,♥10 ♠A,♠9 ♣3 ♦A ♥6 ♦2,214,0.4485981308411215,0.49735082974392786,720.0,0.0,0.0,SB,check,0.0,21.02,Pair,0.0
2018-03-17 12:24:26,14,16,River,Im Not Kao Chin,1589.0,1589.0,1,♥3 ♦3,♠9 ♣3 ♦A ♥6 ♦2,100,0.88,0.32496153618543844,720.0,0.0,0.0,,bet,80.0,101.2112,Three of a Kind,880.0
2018-03-17 12:24:26,14,17,River,PCB,370.0,370.0,0,♥10 ♠A,♠9 ♣3 ♦A ♥6 ♦2,103,0.5048543689320388,0.4999764345469412,800.0,0.0,80.0,SB,call,80.0,21.02,Pair,0.0
2018-03-17 12:24:26,15,1,Deal,Im Not Kao Chin,2389.0,3269.0,1,♥J ♥5,,20000,0.21825753968254957,0.33786897343371114,120.0,0.0,0.0,,call,80.0,17.0352,Pair,0.0
2018-03-17 12:24:26,15,2,Deal,ヽ(=^･ω･^=)丿,2197.0,2197.0,0,♦A ♣3,,20000,0.22475952380953396,0.32632135598934336,200.0,0.0,80.0,,bet,420.0,17.2144,Pair,0.0
2018-03-17 12:24:26,15,3,Deal,PCB,290.0,290.0,0,♠2 ♦6,,20000,0.12608611111112314,0.26865930935775767,620.0,0.0,420.0,,allin,290.0,54.0064,Two Pair,1240.0
2018-03-17 12:24:26,15,4,Deal,Tobacco AI,4474.0,4474.0,1,♥A ♣A,,20000,0.5608551587300643,0.3373307352529077,910.0,0.0,420.0,SB,call,380.0,96.0064,Two Pair,0.0
2018-03-17 12:24:26,15,5,Deal,Out Bluffed,530.0,530.0,0,♣5 ♠A,,20000,0.2397658730158847,0.3311310685977145,1290.0,0.0,420.0,BB,call,340.0,17.2144,Pair,710.0
2018-03-17 12:24:26,15,6,Deal,Im Not Kao Chin,2309.0,2309.0,1,♥J ♥5,,20000,0.21825753968254957,0.33786897343371114,1630.0,80.0,340.0,,fold,0.0,17.0352,Pair,0.0
2018-03-17 12:24:26,15,7,Flop,Tobacco AI,4094.0,4094.0,1,♥A ♣A,♠10 ♦9 ♣6,166,0.3325301204819277,0.46494161668330125,1630.0,0.0,0.0,SB,check,0.0,96.0064,Two Pair,0.0
2018-03-17 12:24:26,15,8,Flop,Out Bluffed,190.0,190.0,0,♣5 ♠A,♠10 ♦9 ♣6,103,0.038834951456310676,0.18020107954631637,1630.0,0.0,0.0,BB,bet,80.0,17.2144,Pair,710.0
2018-03-17 12:24:26,15,9,Flop,ヽ(=^･ω･^=)丿,1777.0,1777.0,0,♦A ♣3,♠10 ♦9 ♣6,110,0.05454545454545454,0.22709083630539637,1710.0,0.0,80.0,,fold,0.0,17.2144,Pair,0.0
2018-03-17 12:24:26,15,10,Flop,Tobacco AI,4094.0,4094.0,1,♥A ♣A,♠10 ♦9 ♣6,155,0.3561290322580645,0.4723426682546287,1710.0,0.0,80.0,SB,call,80.0,96.0064,Two Pair,0.0
2018-03-17 12:24:26,15,11,Turn,Tobacco AI,4014.0,4014.0,1,♥A ♣A,♠10 ♦9 ♣6 ♦10,153,0.5686274509803921,0.4952678800123564,1790.0,0.0,0.0,SB,check,0.0,96.0064,Two Pair,0.0
2018-03-17 12:24:26,15,12,Turn,Out Bluffed,110.0,110.0,0,♣5 ♠A,♠10 ♦9 ♣6 ♦10,119,0.05042016806722689,0.21881036245868124,1790.0,0.0,0.0,BB,bet,80.0,17.2144,Pair,710.0
2018-03-17 12:24:26,15,13,Turn,Tobacco AI,4014.0,4014.0,1,♥A ♣A,♠10 ♦9 ♣6 ♦10,155,0.567741935483871,0.4953897760116766,1870.0,0.0,80.0,SB,call,80.0,96.0064,Two Pair,0.0
2018-03-17 12:24:26,15,14,River,Tobacco AI,3934.0,3934.0,1,♥A ♣A,♠10 ♦9 ♣6 ♦10 ♣8,140,0.22857142857142856,0.41991252733425916,1950.0,0.0,0.0,SB,fold,0.0,96.0064,Two Pair,0.0
2018-03-17 12:24:26,15,15,River,Out Bluffed,30.0,30.0,0,♣5 ♠A,♠10 ♦9 ♣6 ♦10 ♣8,272,0.003676470588235294,0.042716728083170036,1950.0,0.0,0.0,BB,call,0.0,17.2144,Pair,710.0
2018-03-17 12:24:26,16,1,Deal,ヽ(=^･ω･^=)丿,1777.0,1777.0,0,♥Q ♦5,,20000,0.1917246031746153,0.3067899072507849,120.0,0.0,0.0,,call,80.0,53.0512,Two Pair,0.0
2018-03-17 12:24:26,16,2,Deal,PCB,1240.0,1240.0,0,♦J ♠6,,20000,0.18378531746032936,0.3034221230389294,200.0,0.0,80.0,,fold,0.0,54.0256,Two Pair,0.0
2018-03-17 12:24:26,16,3,Deal,Tobacco AI,3934.0,3934.0,1,♦K ♣2,,20000,0.18540357142858158,0.3027813465971671,200.0,0.0,80.0,,fold,0.0,17.1096,Pair,0.0
2018-03-17 12:24:26,16,4,Deal,Out Bluffed,700.0,700.0,0,♦7 ♥6,,20000,0.18357063492064607,0.312603089236984,200.0,0.0,80.0,SB,fold,0.0,54.0064,Two Pair,0.0
2018-03-17 12:24:26,16,5,Deal,Im Not Kao Chin,2229.0,2229.0,1,♣10 ♠8,,20000,0.2234154761904891,0.3328531207351628,200.0,0.0,80.0,BB,call,0.0,108.0096,Three of a Kind,440.0
2018-03-17 12:24:26,16,6,Flop,Im Not Kao Chin,2229.0,2229.0,1,♣10 ♠8,♥9 ♦6 ♥5,116,0.1206896551724138,0.32576626944295145,200.0,0.0,0.0,BB,bet,80.0,108.0096,Three of a Kind,440.0
2018-03-17 12:24:26,16,7,Flop,ヽ(=^･ω･^=)丿,1697.0,1697.0,0,♥Q ♦5,♥9 ♦6 ♥5,187,0.253475935828877,0.42993122594966765,280.0,0.0,80.0,,call,80.0,53.0512,Two Pair,0.0
2018-03-17 12:24:26,16,8,Turn,Im Not Kao Chin,2149.0,2149.0,1,♣10 ♠8,♥9 ♦6 ♥5 ♦10,100,0.29,0.4482186966202994,360.0,0.0,0.0,BB,bet,80.0,108.0096,Three of a Kind,440.0
2018-03-17 12:24:26,16,9,Turn,ヽ(=^･ω･^=)丿,1617.0,1617.0,0,♥Q ♦5,♥9 ♦6 ♥5 ♦10,173,0.23699421965317918,0.42523870884969994,440.0,0.0,80.0,,fold,0.0,53.0512,Two Pair,0.0
2018-03-17 12:24:26,17,1,Deal,PCB,1240.0,1240.0,0,♦3 ♥A,,20000,0.22475952380953396,0.32632135598934336,240.0,0.0,0.0,,fold,0.0,21.0056,Pair,0.0
2018-03-17 12:24:26,17,2,Deal,Tobacco AI,3934.0,3934.0,1,♠Q ♥7,,20000,0.20226825396826592,0.3106677489051751,240.0,0.0,0.0,,call,160.0,14.2592,Pair,800.0
2018-03-17 12:24:26,17,3,Deal,Out Bluffed,700.0,700.0,0,♣A ♦8,,20000,0.2535047619047721,0.33393750136182676,400.0,0.0,160.0,,fold,0.0,94.0016,Two Pair,0.0
2018-03-17 12:24:26,17,4,Deal,Im Not Kao Chin,2429.0,2429.0,1,♣K ♥3,,20000,0.19626190476191438,0.3099617703698976,400.0,0.0,160.0,SB,call,80.0,8.107999999999999,High Card,0.0
2018-03-17 12:24:26,17,5,Deal,ヽ(=^･ω･^=)丿,1457.0,1457.0,0,♠3 ♥5,,20000,0.15027817460318424,0.2943979373551043,480.0,0.0,160.0,BB,call,0.0,116.0,Straight,0.0
2018-03-17 12:24:26,17,6,Flop,Im Not Kao Chin,2349.0,2349.0,1,♣K ♥3,♦A ♥6 ♠8,188,0.1276595744680851,0.3337103647097473,480.0,0.0,0.0,SB,bet,160.0,8.107999999999999,High Card,0.0
2018-03-17 12:24:26,17,7,Flop,ヽ(=^･ω･^=)丿,1457.0,1457.0,0,♠3 ♥5,♦A ♥6 ♠8,176,0.054924242424242424,0.2157345785964871,640.0,0.0,160.0,BB,fold,0.0,116.0,Straight,0.0
2018-03-17 12:24:26,17,8,Flop,Tobacco AI,3774.0,3774.0,1,♠Q ♥7,♦A ♥6 ♠8,196,0.08163265306122448,0.27380424214283144,640.0,0.0,160.0,,call,160.0,14.2592,Pair,800.0
2018-03-17 12:24:26,17,9,Turn,Im Not Kao Chin,2189.0,2189.0,1,♣K ♥3,♦A ♥6 ♠8 ♠4,108,0.018518518518518517,0.13481684980149108,800.0,0.0,0.0,SB,fold,0.0,8.107999999999999,High Card,0.0
2018-03-17 12:24:26,17,10,Turn,Tobacco AI,3614.0,3614.0,1,♠Q ♥7,♦A ♥6 ♠8 ♠4,192,0.10243055555555554,0.28602661070138385,800.0,0.0,0.0,,call,0.0,14.2592,Pair,800.0
2018-03-17 12:24:26,18,1,Deal,Tobacco AI,4414.0,5214.0,1,♦Q ♣A,,20000,0.32241111111112164,0.3639812970614431,240.0,0.0,0.0,,bet,320.0,20.2624,Pair,0.0
2018-03-17 12:24:26,18,2,Deal,Out Bluffed,700.0,700.0,0,♦2 ♣Q,,20000,0.17395436507937567,0.29727601579959856,560.0,0.0,320.0,,fold,0.0,20.0584,Pair,0.0
2018-03-17 12:24:26,18,3,Deal,Im Not Kao Chin,2189.0,2189.0,1,♠A ♦3,,20000,0.22475952380953396,0.32632135598934336,560.0,0.0,320.0,,fold,0.0,20.212,Pair,0.0
2018-03-17 12:24:26,18,4,Deal,ヽ(=^･ω･^=)丿,1377.0,1377.0,0,♣6 ♣10,,20000,0.22243492063493014,0.3405567805080439,560.0,0.0,320.0,SB,call,240.0,81.0128,Two Pair,0.0
2018-03-17 12:24:26,18,5,Deal,PCB,1080.0,1080.0,0,♥8 ♣8,,20000,0.2982341269841412,0.337456396702704,800.0,0.0,320.0,BB,raise,480.0,83.0064,Two Pair,1600.0
2018-03-17 12:24:26,18,6,Deal,Tobacco AI,4094.0,4094.0,1,♦Q ♣A,,20000,0.32241111111112164,0.3639812970614431,1280.0,320.0,160.0,,call,320.0,20.2624,Pair,0.0
2018-03-17 12:24:26,18,7,Deal,ヽ(=^･ω･^=)丿,1137.0,1137.0,0,♣6 ♣10,,20000,0.22243492063493014,0.3405567805080439,1600.0,240.0,400.0,SB,fold,0.0,81.0128,Two Pair,0.0
2018-03-17 12:24:26,18,8,Flop,PCB,600.0,600.0,0,♥8 ♣8,♦K ♥K ♦6,171,0.4093567251461988,0.4887328719408907,1600.0,0.0,0.0,BB,check,0.0,83.0064,Two Pair,1600.0
2018-03-17 12:24:26,18,9,Flop,Tobacco AI,3774.0,3774.0,1,♦Q ♣A,♦K ♥K ♦6,172,0.2558139534883721,0.4363177450998538,1600.0,0.0,0.0,,check,0.0,20.2624,Pair,0.0
2018-03-17 12:24:26,18,10,Turn,PCB,600.0,600.0,0,♥8 ♣8,♦K ♥K ♦6 ♣9,196,0.2755102040816326,0.446771005693666,1600.0,0.0,0.0,BB,check,0.0,83.0064,Two Pair,1600.0
2018-03-17 12:24:26,18,11,Turn,Tobacco AI,3774.0,3774.0,1,♦Q ♣A,♦K ♥K ♦6 ♣9,102,0.11764705882352941,0.2901695801362497,1600.0,0.0,0.0,,fold,0.0,20.2624,Pair,0.0
2018-03-17 12:24:26,19,1,Deal,Out Bluffed,700.0,700.0,0,♦7 ♥J,,20000,0.2005591269841387,0.3148086154217114,240.0,0.0,0.0,,call,160.0,13.0896,Pair,0.0
2018-03-17 12:24:26,19,2,Deal,Im Not Kao Chin,2189.0,2189.0,1,♦2 ♣9,,20000,0.13575277777779138,0.2672534824075978,400.0,0.0,160.0,,fold,0.0,13.0704,Pair,0.0
2018-03-17 12:24:26,19,3,Deal,ヽ(=^･ω･^=)丿,1137.0,1137.0,0,♠2 ♠Q,,20000,0.2113166666666749,0.33627276444661564,400.0,0.0,160.0,,call,160.0,71.0128,Two Pair,0.0
2018-03-17 12:24:26,19,4,Deal,PCB,2120.0,2120.0,0,♦3 ♠6,,20000,0.14292261904763046,0.28448300881149496,560.0,0.0,160.0,SB,call,80.0,104.064,Three of a Kind,3000.0
2018-03-17 12:24:26,19,5,Deal,Tobacco AI,3614.0,3614.0,1,♦K ♣4,,20000,0.20075158730159712,0.312259355779734,640.0,0.0,160.0,BB,call,0.0,30.1024,Two Pair,0.0
2018-03-17 12:24:26,19,6,Flop,PCB,2040.0,2040.0,0,♦3 ♠6,♦4 ♥6 ♠10,139,0.3237410071942446,0.44827129725681664,640.0,0.0,0.0,SB,check,0.0,104.064,Three of a Kind,3000.0
2018-03-17 12:24:26,19,7,Flop,Tobacco AI,3614.0,3614.0,1,♦K ♣4,♦4 ♥6 ♠10,178,0.30337078651685395,0.45971398978604006,640.0,0.0,0.0,BB,fold,0.0,30.1024,Two Pair,0.0
2018-03-17 12:24:26,19,8,Flop,Out Bluffed,540.0,540.0,0,♦7 ♥J,♦4 ♥6 ♠10,177,0.1751412429378531,0.3763534631207409,640.0,0.0,0.0,,bet,160.0,13.0896,Pair,0.0
2018-03-17 12:24:26,19,9,Flop,ヽ(=^･ω･^=)丿,977.0,977.0,0,♠2 ♠Q,♦4 ♥6 ♠10,210,0.1380952380952381,0.34153183003887827,800.0,0.0,160.0,,fold,0.0,71.0128,Two Pair,0.0
2018-03-17 12:24:26,19,10,Flop,PCB,2040.0,2040.0,0,♦3 ♠6,♦4 ♥6 ♠10,175,0.3028571428571429,0.4404450439438431,800.0,0.0,160.0,SB,call,160.0,104.064,Three of a Kind,3000.0
2018-03-17 12:24:26,19,11,Turn,PCB,1880.0,1880.0,0,♦3 ♠6,♦4 ♥6 ♠10 ♦6,161,0.7888198757763976,0.3681401618071415,960.0,0.0,0.0,SB,check,0.0,104.064,Three of a Kind,3000.0
2018-03-17 12:24:26,19,12,Turn,Out Bluffed,380.0,380.0,0,♦7 ♥J,♦4 ♥6 ♠10 ♦6,116,0.06896551724137931,0.2533954906327426,960.0,0.0,0.0,,bet,160.0,13.0896,Pair,0.0
2018-03-17 12:24:26,19,13,Turn,PCB,1880.0,1880.0,0,♦3 ♠6,♦4 ♥6 ♠10 ♦6,157,0.7834394904458599,0.37123432155153646,1120.0,0.0,160.0,SB,call,160.0,104.064,Three of a Kind,3000.0
2018-03-17 12:24:26,19,14,River,PCB,1720.0,1720.0,0,♦3 ♠6,♦4 ♥6 ♠10 ♦6 ♦Q,108,0.7407407407407407,0.4165637733037776,1280.0,0.0,0.0,SB,allin,1720.0,104.064,Three of a Kind,3000.0
2018-03-17 12:24:26,19,15,River,Out Bluffed,220.0,220.0,0,♦7 ♥J,♦4 ♥6 ♠10 ♦6 ♦Q,300,0.006666666666666667,0.08137703743822468,3000.0,0.0,1720.0,,fold,0.0,13.0896,Pair,0.0
2018-03-17 12:24:26,20,1,Deal,Im Not Kao Chin,2189.0,2189.0,1,♦9 ♥6,,20000,0.1820000000000123,0.30464924851329345,240.0,0.0,0.0,,call,160.0,13.0352,Pair,1470.0
2018-03-17 12:24:26,20,2,Deal,ヽ(=^･ω･^=)丿,977.0,977.0,0,♥K ♦10,,20000,0.27973769841270635,0.35142230695532517,400.0,0.0,160.0,,bet,375.0,7.0424,High Card,0.0
2018-03-17 12:24:26,20,3,Deal,PCB,3000.0,3000.0,0,♠J ♦3,,20000,0.16181626984128133,0.28751529642510965,775.0,0.0,375.0,,fold,0.0,18.0044,Pair,0.0
2018-03-17 12:24:26,20,4,Deal,Tobacco AI,3534.0,3534.0,1,♣2 ♦7,,20000,0.12283253968255263,0.2609968075568626,775.0,0.0,375.0,SB,fold,0.0,116.0,Straight,0.0
2018-03-17 12:24:26,20,5,Deal,Out Bluffed,60.0,60.0,0,♠4 ♠3,,20000,0.18067896825397645,0.32726138260793775,775.0,0.0,375.0,BB,fold,0.0,11.0296,Pair,0.0
2018-03-17 12:24:26,20,6,Deal,Im Not Kao Chin,2029.0,2029.0,1,♦9 ♥6,,20000,0.1820000000000123,0.30464924851329345,775.0,160.0,215.0,,call,215.0,13.0352,Pair,1470.0
2018-03-17 12:24:26,20,7,Flop,Im Not Kao Chin,1814.0,1814.0,1,♦9 ♥6,♦5 ♣J ♠6,139,0.302158273381295,0.45525984767643557,990.0,0.0,0.0,,bet,160.0,13.0352,Pair,1470.0
2018-03-17 12:24:26,20,8,Flop,ヽ(=^･ω･^=)丿,602.0,602.0,0,♥K ♦10,♦5 ♣J ♠6,187,0.13368983957219252,0.34031877169406033,1150.0,0.0,160.0,,call,160.0,7.0424,High Card,0.0
2018-03-17 12:24:26,20,9,Turn,Im Not Kao Chin,1654.0,1654.0,1,♦9 ♥6,♦5 ♣J ♠6 ♣4,164,0.18902439024390244,0.387615001836898,1310.0,0.0,0.0,,bet,160.0,13.0352,Pair,1470.0
2018-03-17 12:24:26,20,10,Turn,ヽ(=^･ω･^=)丿,442.0,442.0,0,♥K ♦10,♦5 ♣J ♠6 ♣4,183,0.04371584699453552,0.2044621522827291,1470.0,0.0,160.0,,fold,0.0,7.0424,High Card,0.0
2018-03-17 12:24:26,21,1,Deal,ヽ(=^･ω･^=)丿,1442.0,1442.0,1,♣6 ♣J,,20000,0.2191805555555648,0.3372557071850421,240.0,0.0,0.0,,call,160.0,29.0512,Two Pair,0.0
2018-03-17 12:24:26,21,2,Deal,PCB,3000.0,3000.0,0,♠A ♥2,,20000,0.22229404761905622,0.3270701829254445,400.0,0.0,160.0,,fold,0.0,10.2688,Pair,0.0
2018-03-17 12:24:26,21,3,Deal,Tobacco AI,3534.0,3534.0,1,♦2 ♠J,,20000,0.15870793650794782,0.2877993190729222,400.0,0.0,160.0,,fold,0.0,10.0896,Pair,0.0
2018-03-17 12:24:26,21,4,Deal,Im Not Kao Chin,2804.0,2804.0,1,♠9 ♣10,,20000,0.23673611111112372,0.3383792601218642,400.0,0.0,160.0,BB,call,0.0,51.0512,Two Pair,540.0
2018-03-17 12:24:26,21,5,Flop,Im Not Kao Chin,2804.0,2804.0,1,♠9 ♣10,♥3 ♠3 ♥Q,112,0.08928571428571429,0.2851557039762734,400.0,0.0,0.0,BB,bet,160.0,51.0512,Two Pair,540.0
2018-03-17 12:24:26,21,6,Flop,ヽ(=^･ω･^=)丿,1282.0,1282.0,1,♣6 ♣J,♥3 ♠3 ♥Q,114,0.08771929824561403,0.28288623678240526,560.0,0.0,160.0,,fold,0.0,29.0512,Two Pair,0.0
2018-03-17 12:24:26,22,1,Deal,PCB,3000.0,3000.0,0,♥K ♠10,,20000,0.27973769841270635,0.35142230695532517,480.0,0.0,0.0,,call,320.0,96.1024,Two Pair,0.0
2018-03-17 12:24:26,22,2,Deal,Tobacco AI,3534.0,3534.0,1,♦6 ♦3,,20000,0.1796841269841353,0.3239451110541897,800.0,0.0,320.0,,fold,0.0,123.2697,Flush,0.0
2018-03-17 12:24:26,22,3,Deal,Out Bluffed,1000.0,1000.0,1,♥2 ♥5,,20000,0.17735833333334095,0.32594914144643733,800.0,0.0,320.0,,fold,0.0,21.0648,Pair,0.0
2018-03-17 12:24:26,22,4,Deal,Im Not Kao Chin,3024.0,3024.0,1,♣9 ♣A,,20000,0.29912103174604004,0.3632488118375164,800.0,0.0,320.0,SB,call,160.0,112.064,Three of a Kind,2880.0
2018-03-17 12:24:26,22,5,Deal,ヽ(=^･ω･^=)丿,962.0,962.0,1,♠3 ♣4,,20000,0.1404960317460417,0.28644836552092073,960.0,0.0,320.0,BB,call,0.0,21.0648,Pair,0.0
2018-03-17 12:24:26,22,6,Flop,Im Not Kao Chin,2864.0,2864.0,1,♣9 ♣A,♦Q ♦10 ♦A,266,0.3368421052631579,0.45114285689223893,960.0,0.0,0.0,SB,bet,320.0,112.064,Three of a Kind,2880.0
2018-03-17 12:24:26,22,7,Flop,ヽ(=^･ω･^=)丿,962.0,962.0,1,♠3 ♣4,♦Q ♦10 ♦A,186,0.015591397849462365,0.10775781652751322,1280.0,0.0,320.0,BB,fold,0.0,21.0648,Pair,0.0
2018-03-17 12:24:26,22,8,Flop,PCB,2680.0,2680.0,0,♥K ♠10,♦Q ♦10 ♦A,169,0.20946745562130176,0.38588139385605963,1280.0,0.0,320.0,,call,320.0,96.1024,Two Pair,0.0
2018-03-17 12:24:26,22,9,Turn,Im Not Kao Chin,2544.0,2544.0,1,♣9 ♣A,♦Q ♦10 ♦A ♠A,163,0.588957055214724,0.47618191798370624,1600.0,0.0,0.0,SB,bet,320.0,112.064,Three of a Kind,2880.0
2018-03-17 12:24:26,22,10,Turn,PCB,2360.0,2360.0,0,♥K ♠10,♦Q ♦10 ♦A ♠A,114,0.17543859649122806,0.3565333584719575,1920.0,0.0,320.0,,call,320.0,96.1024,Two Pair,0.0
2018-03-17 12:24:26,22,11,River,Im Not Kao Chin,2224.0,2224.0,1,♣9 ♣A,♦Q ♦10 ♦A ♠A ♠6,116,0.6551724137931034,0.4472800610714775,2240.0,0.0,0.0,SB,bet,320.0,112.064,Three of a Kind,2880.0
2018-03-17 12:24:26,22,12,River,PCB,2040.0,2040.0,0,♥K ♠10,♦Q ♦10 ♦A ♠A ♠6,138,0.2318840579710145,0.4220353559003199,2560.0,0.0,320.0,,call,320.0,96.1024,Two Pair,0.0
2018-03-17 12:24:26,23,1,Deal,Tobacco AI,3534.0,3534.0,1,♣Q ♥10,,20000,0.27253809523810407,0.35323006337858537,480.0,0.0,0.0,,call,320.0,122.0,Straight,8146.0
2018-03-17 12:24:26,23,2,Deal,Out Bluffed,1000.0,1000.0,1,♥A ♥3,,20000,0.2646940476190562,0.35902037795502706,800.0,0.0,320.0,,fold,0.0,21.1792,Pair,0.0
2018-03-17 12:24:26,23,3,Deal,Im Not Kao Chin,4784.0,4784.0,1,♥5 ♦Q,,20000,0.1917246031746153,0.3067899072507849,800.0,0.0,320.0,,call,320.0,19.3328,Pair,16.0
2018-03-17 12:24:26,23,4,Deal,ヽ(=^･ω･^=)丿,1802.0,1802.0,2,♠J ♦K,,20000,0.2862654761904851,0.35400759682483873,1120.0,0.0,320.0,SB,call,160.0,86.2048,Two Pair,0.0
2018-03-17 12:24:26,23,5,Deal,PCB,1400.0,1400.0,0,♣8 ♣10,,20000,0.2563305555555655,0.3579335738194853,1280.0,0.0,320.0,BB,call,0.0,122.0,Straight,0.0
2018-03-17 12:24:26,23,6,Flop,ヽ(=^･ω･^=)丿,1642.0,1642.0,2,♠J ♦K,♥J ♠4 ♣K,154,0.7792207792207793,0.406868836307027,1280.0,0.0,0.0,SB,bet,438.0,86.2048,Two Pair,0.0
2018-03-17 12:24:26,23,7,Flop,PCB,1400.0,1400.0,0,♣8 ♣10,♥J ♠4 ♣K,116,0.034482758620689655,0.15707644101972934,1718.0,0.0,438.0,BB,fold,0.0,122.0,Straight,0.0
2018-03-17 12:24:26,23,8,Flop,Tobacco AI,3214.0,3214.0,1,♣Q ♥10,♥J ♠4 ♣K,162,0.3395061728395062,0.4636620236596031,1718.0,0.0,438.0,,call,438.0,122.0,Straight,8146.0
2018-03-17 12:24:26,23,9,Flop,Im Not Kao Chin,4464.0,4464.0,1,♥5 ♦Q,♥J ♠4 ♣K,133,0.08270676691729323,0.2541420117467003,2156.0,0.0,438.0,,call,438.0,19.3328,Pair,16.0
2018-03-17 12:24:26,23,10,Turn,ヽ(=^･ω･^=)丿,1204.0,1204.0,2,♠J ♦K,♥J ♠4 ♣K ♠Q,147,0.6598639455782312,0.4737547033055822,2594.0,0.0,0.0,SB,fold,0.0,86.2048,Two Pair,0.0
2018-03-17 12:24:26,23,11,Turn,Tobacco AI,2776.0,2776.0,1,♣Q ♥10,♥J ♠4 ♣K ♠Q,147,0.46938775510204084,0.4637340671334493,2594.0,0.0,0.0,,bet,1396.0,122.0,Straight,8146.0
2018-03-17 12:24:26,23,12,Turn,Im Not Kao Chin,4026.0,4026.0,1,♥5 ♦Q,♥J ♠4 ♣K ♠Q,141,0.25177304964539005,0.4278600614470575,3990.0,0.0,1396.0,,raise,2792.0,19.3328,Pair,16.0
2018-03-17 12:24:26,23,13,Turn,Tobacco AI,1380.0,1380.0,1,♣Q ♥10,♥J ♠4 ♣K ♠Q,146,0.4657534246575342,0.4632284498331758,6782.0,1396.0,1396.0,,allin,1380.0,122.0,Straight,8146.0
2018-03-17 12:24:26,24,1,Deal,Out Bluffed,1000.0,1000.0,1,♣6 ♥J,,20000,0.18378531746032936,0.3034221230389294,480.0,0.0,0.0,,fold,0.0,74.1024,Two Pair,0.0
2018-03-17 12:24:26,24,2,Deal,Im Not Kao Chin,1250.0,1250.0,1,♠10 ♠A,,20000,0.32292539682540505,0.3727983367078665,480.0,0.0,0.0,,call,320.0,74.2048,Two Pair,2820.0
2018-03-17 12:24:26,24,3,Deal,ヽ(=^･ω･^=)丿,1204.0,1204.0,2,♦8 ♦4,,20000,0.19128095238096185,0.32756037309932834,800.0,0.0,320.0,,fold,0.0,123.1634,Flush,0.0
2018-03-17 12:24:26,24,4,Deal,PCB,1240.0,1240.0,0,♣10 ♣A,,20000,0.32292539682540505,0.3727983367078665,800.0,0.0,320.0,SB,call,160.0,74.2048,Two Pair,0.0
2018-03-17 12:24:26,24,5,Deal,Tobacco AI,7826.0,7826.0,1,♠8 ♥10,,20000,0.2234154761904891,0.3328531207351628,960.0,0.0,320.0,BB,call,0.0,74.1024,Two Pair,0.0
2018-03-17 12:24:26,24,6,Flop,PCB,1080.0,1080.0,0,♣10 ♣A,♠Q ♦9 ♦Q,173,0.23217726396917146,0.39246100246451965,960.0,0.0,0.0,SB,fold,0.0,74.2048,Two Pair,0.0
2018-03-17 12:24:26,24,7,Flop,Tobacco AI,7826.0,7826.0,1,♠8 ♥10,♠Q ♦9 ♦Q,194,0.18041237113402062,0.3811645679863123,960.0,0.0,0.0,BB,check,0.0,74.1024,Two Pair,0.0
2018-03-17 12:24:26,24,8,Flop,Im Not Kao Chin,930.0,930.0,1,♠10 ♠A,♠Q ♦9 ♦Q,101,0.20198019801980197,0.38485697433850735,960.0,0.0,0.0,,bet,320.0,74.2048,Two Pair,2820.0
2018-03-17 12:24:26,24,9,Flop,Tobacco AI,7826.0,7826.0,1,♠8 ♥10,♠Q ♦9 ♦Q,171,0.17543859649122806,0.3764783111206129,1280.0,0.0,320.0,BB,call,320.0,74.1024,Two Pair,0.0
2018-03-17 12:24:26,24,10,Turn,Tobacco AI,7506.0,7506.0,1,♠8 ♥10,♠Q ♦9 ♦Q ♠9,166,0.05843373493975903,0.19323175378074578,1600.0,0.0,0.0,BB,check,0.0,74.1024,Two Pair,0.0
2018-03-17 12:24:26,24,11,Turn,Im Not Kao Chin,610.0,610.0,1,♠10 ♠A,♠Q ♦9 ♦Q ♠9,171,0.26257309941520474,0.393530537116029,1600.0,0.0,0.0,,bet,320.0,74.2048,Two Pair,2820.0
2018-03-17 12:24:26,24,12,Turn,Tobacco AI,7506.0,7506.0,1,♠8 ♥10,♠Q ♦9 ♦Q ♠9,174,0.05804597701149425,0.18965691395926276,1920.0,0.0,320.0,BB,call,320.0,74.1024,Two Pair,0.0
2018-03-17 12:24:26,24,13,River,Tobacco AI,7186.0,7186.0,1,♠8 ♥10,♠Q ♦9 ♦Q ♠9 ♦K,334,0.0074850299401197605,0.03893366941633758,2240.0,0.0,0.0,BB,check,0.0,74.1024,Two Pair,0.0
2018-03-17 12:24:26,24,14,River,Im Not Kao Chin,290.0,290.0,1,♠10 ♠A,♠Q ♦9 ♦Q ♠9 ♦K,177,0.11676082862523539,0.2940960016335483,2240.0,0.0,0.0,,allin,290.0,74.2048,Two Pair,2820.0
2018-03-17 12:24:26,24,15,River,Tobacco AI,7186.0,7186.0,1,♠8 ♥10,♠Q ♦9 ♦Q ♠9 ♦K,225,0.0071111111111111115,0.03703585183288828,2530.0,0.0,290.0,BB,call,290.0,74.1024,Two Pair,0.0
2018-03-17 12:24:26,25,1,Deal,Im Not Kao Chin,2820.0,5640.0,1,♦9 ♠4,,20000,0.14675238095239232,0.2773043762827814,480.0,0.0,0.0,,fold,0.0,12.212,Pair,0.0
2018-03-17 12:24:26,25,2,Deal,ヽ(=^･ω･^=)丿,1204.0,1204.0,2,♥A ♦A,,20000,0.5608551587300643,0.3373307352529077,480.0,0.0,0.0,,bet,407.0,271.0,Full House,2814.0
2018-03-17 12:24:26,25,3,Deal,PCB,1080.0,1080.0,0,♥7 ♠10,,20000,0.20175039682541,0.3157052982205843,887.0,0.0,407.0,,call,407.0,12.2192,Pair,0.0
2018-03-17 12:24:26,25,4,Deal,Tobacco AI,6736.0,6736.0,1,♦3 ♦2,,20000,0.15979246031746752,0.3113622033232667,1294.0,0.0,407.0,SB,call,247.0,26.2048,Two Pair,0.0
2018-03-17 12:24:26,25,5,Deal,Out Bluffed,680.0,680.0,1,♣Q ♥J,,20000,0.2832710317460389,0.35690214038884804,1541.0,0.0,407.0,BB,call,87.0,12.2816,Pair,0.0
2018-03-17 12:24:26,25,6,Flop,Tobacco AI,6489.0,6489.0,1,♦3 ♦2,♣3 ♦5 ♦6,181,0.430939226519337,0.4895975364396757,1628.0,0.0,0.0,SB,fold,0.0,26.2048,Two Pair,0.0
2018-03-17 12:24:26,25,7,Flop,Out Bluffed,593.0,593.0,1,♣Q ♥J,♣3 ♦5 ♦6,109,0.09174311926605505,0.2886629857349042,1628.0,0.0,0.0,BB,bet,320.0,12.2816,Pair,0.0
2018-03-17 12:24:26,25,8,Flop,ヽ(=^･ω･^=)丿,797.0,797.0,2,♥A ♦A,♣3 ♦5 ♦6,164,0.36829268292682926,0.4803144419202822,1948.0,0.0,320.0,,call,320.0,271.0,Full House,2814.0
2018-03-17 12:24:26,25,9,Flop,PCB,673.0,673.0,0,♥7 ♠10,♣3 ♦5 ♦6,108,0.19444444444444445,0.38987969021161667,2268.0,0.0,320.0,,fold,0.0,12.2192,Pair,0.0
2018-03-17 12:24:26,25,10,Turn,Out Bluffed,273.0,273.0,1,♣Q ♥J,♣3 ♦5 ♦6 ♣5,106,0.09433962264150944,0.27569130558872557,2268.0,0.0,0.0,BB,allin,273.0,12.2816,Pair,0.0
2018-03-17 12:24:26,25,11,Turn,ヽ(=^･ω･^=)丿,477.0,477.0,2,♥A ♦A,♣3 ♦5 ♦6 ♣5,162,0.4444444444444444,0.49690399499995325,2541.0,0.0,273.0,,call,273.0,271.0,Full House,2814.0
2018-03-17 12:24:26,26,1,Deal,ヽ(=^･ω･^=)丿,3018.0,5832.0,2,♥Q ♠8,,20000,0.2196714285714406,0.320880969491904,480.0,0.0,0.0,,call,320.0,15.1544,Pair,2400.0
2018-03-17 12:24:26,26,2,Deal,PCB,673.0,673.0,0,♥8 ♦2,,20000,0.13019087301588625,0.2645572455265056,800.0,0.0,320.0,,fold,0.0,15.1036,Pair,0.0
2018-03-17 12:24:26,26,3,Deal,Tobacco AI,6489.0,6489.0,1,♠Q ♣7,,20000,0.20226825396826592,0.3106677489051751,800.0,0.0,320.0,,call,320.0,7.0568,High Card,0.0
2018-03-17 12:24:26,26,4,Deal,Out Bluffed,840.0,840.0,2,♥K ♦5,,20000,0.205695634920645,0.3146129889571486,1120.0,0.0,320.0,SB,fold,0.0,80.0032,Two Pair,0.0
2018-03-17 12:24:26,26,5,Deal,Im Not Kao Chin,2500.0,2500.0,1,♦J ♦9,,20000,0.2699111111111193,0.36015823954815285,1120.0,0.0,320.0,BB,call,0.0,7.0360000000000005,High Card,0.0
2018-03-17 12:24:26,26,6,Flop,Im Not Kao Chin,2500.0,2500.0,1,♦J ♦9,♦8 ♠5 ♦6,100,0.35,0.4716990566028302,1120.0,0.0,0.0,BB,bet,320.0,7.0360000000000005,High Card,0.0
2018-03-17 12:24:26,26,7,Flop,ヽ(=^･ω･^=)丿,2698.0,2698.0,2,♥Q ♠8,♦8 ♠5 ♦6,203,0.22857142857142856,0.4180313097513654,1440.0,0.0,320.0,,call,320.0,15.1544,Pair,2400.0
2018-03-17 12:24:26,26,8,Flop,Tobacco AI,6169.0,6169.0,1,♠Q ♣7,♦8 ♠5 ♦6,174,0.2375478927203065,0.3800014988779053,1760.0,0.0,320.0,,call,320.0,7.0568,High Card,0.0
2018-03-17 12:24:26,26,9,Turn,Im Not Kao Chin,2180.0,2180.0,1,♦J ♦9,♦8 ♠5 ♦6 ♥3,170,0.21764705882352942,0.4090667917814991,2080.0,0.0,0.0,BB,fold,0.0,7.0360000000000005,High Card,0.0
2018-03-17 12:24:26,26,10,Turn,ヽ(=^･ω･^=)丿,2378.0,2378.0,2,♥Q ♠8,♦8 ♠5 ♦6 ♥3,129,0.27906976744186046,0.44854189586013743,2080.0,0.0,0.0,,bet,320.0,15.1544,Pair,2400.0
2018-03-17 12:24:26,26,11,Turn,Tobacco AI,5849.0,5849.0,1,♠Q ♣7,♦8 ♠5 ♦6 ♥3,168,0.18650793650793648,0.35017452366921115,2400.0,0.0,320.0,,fold,0.0,7.0568,High Card,0.0
2018-03-17 12:24:26,27,1,Deal,PCB,673.0,673.0,0,♣2 ♥J,,20000,0.15870793650794782,0.2877993190729222,960.0,0.0,0.0,,fold,0.0,8.036,High Card,0.0
2018-03-17 12:24:26,27,2,Deal,Tobacco AI,5849.0,5849.0,1,♣6 ♦K,,20000,0.21446388888889992,0.3186913895803903,960.0,0.0,0.0,,fold,0.0,13.3136,Pair,0.0
2018-03-17 12:24:26,27,3,Deal,Out Bluffed,840.0,840.0,2,♠5 ♠2,,20000,0.17735833333334095,0.32594914144643733,960.0,0.0,0.0,,fold,0.0,8.0108,High Card,0.0
2018-03-17 12:24:26,27,4,Deal,Im Not Kao Chin,1860.0,1860.0,1,♥2 ♥A,,20000,0.2597873015873097,0.357889958593662,960.0,0.0,0.0,SB,call,320.0,21.0104,Pair,4360.0
2018-03-17 12:24:26,27,5,Deal,ヽ(=^･ω･^=)丿,3818.0,3818.0,2,♣9 ♥10,,20000,0.23673611111112372,0.3383792601218642,1280.0,0.0,320.0,BB,call,0.0,16.2208,Pair,0.0
2018-03-17 12:24:26,27,6,Flop,Im Not Kao Chin,1540.0,1540.0,1,♥2 ♥A,♥4 ♦8 ♥6,177,0.4203389830508475,0.4860005095264641,1280.0,0.0,0.0,SB,bet,640.0,21.0104,Pair,4360.0
2018-03-17 12:24:26,27,7,Flop,ヽ(=^･ω･^=)丿,3818.0,3818.0,2,♣9 ♥10,♥4 ♦8 ♥6,183,0.17304189435336978,0.3677026762362316,1920.0,0.0,640.0,BB,call,640.0,16.2208,Pair,0.0
2018-03-17 12:24:26,27,8,Turn,Im Not Kao Chin,900.0,900.0,1,♥2 ♥A,♥4 ♦8 ♥6 ♠9,114,0.2631578947368421,0.44034738238635557,2560.0,0.0,0.0,SB,bet,640.0,21.0104,Pair,4360.0
2018-03-17 12:24:26,27,9,Turn,ヽ(=^･ω･^=)丿,3178.0,3178.0,2,♣9 ♥10,♥4 ♦8 ♥6 ♠9,162,0.37037037037037035,0.48290388186686284,3200.0,0.0,640.0,BB,call,640.0,16.2208,Pair,0.0
2018-03-17 12:24:26,27,10,River,Im Not Kao Chin,260.0,260.0,1,♥2 ♥A,♥4 ♦8 ♥6 ♠9 ♣A,108,0.5462962962962963,0.4931805179846584,3840.0,0.0,0.0,SB,allin,260.0,21.0104,Pair,4360.0
2018-03-17 12:24:26,27,11,River,ヽ(=^･ω･^=)丿,2538.0,2538.0,2,♣9 ♥10,♥4 ♦8 ♥6 ♠9 ♣A,114,0.30701754385964913,0.4612567307064879,4100.0,0.0,260.0,BB,call,260.0,16.2208,Pair,0.0
2018-03-17 12:24:26,28,1,Deal,Tobacco AI,5849.0,5849.0,1,♠3 ♦9,,20000,0.14205753968255264,0.27234829539733935,960.0,0.0,0.0,,fold,0.0,16.2592,Pair,0.0
2018-03-17 12:24:26,28,2,Deal,Out Bluffed,840.0,840.0,2,♣5 ♥10,,20000,0.16762857142858273,0.29602538101891535,960.0,0.0,0.0,,fold,0.0,12.2688,Pair,0.0
2018-03-17 12:24:26,28,3,Deal,Im Not Kao Chin,4360.0,4360.0,1,♥J ♠5,,20000,0.17526190476191633,0.29620274178480044,960.0,0.0,0.0,,call,640.0,12.2816,Pair,0.0
2018-03-17 12:24:26,28,4,Deal,ヽ(=^･ω･^=)丿,1958.0,1958.0,2,♥7 ♣6,,20000,0.18357063492064607,0.312603089236984,1600.0,0.0,640.0,SB,call,320.0,117.0,Straight,3873.0
2018-03-17 12:24:26,28,5,Deal,PCB,33.0,33.0,0,♣Q ♣10,,20000,0.308700000000007,0.375690752519027,1920.0,0.0,640.0,BB,call,0.0,19.224,Pair,0.0
2018-03-17 12:24:26,28,6,Flop,ヽ(=^･ω･^=)丿,1638.0,1638.0,2,♥7 ♣6,♥Q ♣8 ♣9,108,0.10185185185185185,0.29470056412665835,1920.0,0.0,0.0,SB,bet,640.0,117.0,Straight,3873.0
2018-03-17 12:24:26,28,7,Flop,PCB,33.0,33.0,0,♣Q ♣10,♥Q ♣8 ♣9,216,0.6530864197530865,0.4673283896868951,2560.0,0.0,640.0,BB,allin,33.0,19.224,Pair,0.0
2018-03-17 12:24:26,28,8,Flop,Im Not Kao Chin,3720.0,3720.0,1,♥J ♠5,♥Q ♣8 ♣9,198,0.047474747474747475,0.1760070214069092,2593.0,0.0,640.0,,call,640.0,12.2816,Pair,0.0
2018-03-17 12:24:26,28,9,Turn,ヽ(=^･ω･^=)丿,998.0,998.0,2,♥7 ♣6,♥Q ♣8 ♣9 ♥5,146,0.7397260273972602,0.4147089178964549,3233.0,0.0,0.0,SB,bet,640.0,117.0,Straight,3873.0
2018-03-17 12:24:26,28,10,Turn,Im Not Kao Chin,3080.0,3080.0,1,♥J ♠5,♥Q ♣8 ♣9 ♥5,182,0.14102564102564102,0.34051160686486576,3873.0,0.0,640.0,,fold,0.0,12.2816,Pair,0.0
2018-03-17 12:24:26,29,1,Deal,Out Bluffed,840.0,840.0,2,♣A ♥8,,20000,0.2535047619047721,0.33393750136182676,960.0,0.0,0.0,,call,640.0,20.2432,Pair,0.0
2018-03-17 12:24:26,29,2,Deal,Im Not Kao Chin,3080.0,3080.0,1,♠5 ♣2,,20000,0.13136785714286925,0.27662593414785386,1600.0,0.0,640.0,,fold,0.0,20.0392,Pair,0.0
2018-03-17 12:24:26,29,3,Deal,ヽ(=^･ω･^=)丿,4231.0,4231.0,2,♠K ♦10,,20000,0.27973769841270635,0.35142230695532517,1600.0,0.0,640.0,,call,640.0,264.0,Full House,3760.0
2018-03-17 12:24:26,29,4,Deal,PCB,680.0,680.0,1,♦5 ♣6,,20000,0.17054722222223212,0.30689946097761106,2240.0,0.0,640.0,SB,call,320.0,81.0256,Two Pair,0.0
2018-03-17 12:24:26,29,5,Deal,Tobacco AI,5209.0,5209.0,1,♠3 ♦7,,20000,0.13726825396826614,0.27536186269705765,2560.0,0.0,640.0,BB,call,0.0,20.04,Pair,0.0
2018-03-17 12:24:26,29,6,Flop,PCB,360.0,360.0,1,♦5 ♣6,♦J ♣K ♠6,135,0.24444444444444444,0.4254264382017033,2560.0,0.0,0.0,SB,check,0.0,81.0256,Two Pair,0.0
2018-03-17 12:24:26,29,7,Flop,Tobacco AI,5209.0,5209.0,1,♠3 ♦7,♦J ♣K ♠6,115,0.043478260869565216,0.16895094980630823,2560.0,0.0,0.0,BB,fold,0.0,20.04,Pair,0.0
2018-03-17 12:24:26,29,8,Flop,Out Bluffed,200.0,200.0,2,♣A ♥8,♦J ♣K ♠6,186,0.16487455197132614,0.3604512501533392,2560.0,0.0,0.0,,allin,200.0,20.2432,Pair,0.0
2018-03-17 12:24:26,29,9,Flop,ヽ(=^･ω･^=)丿,3591.0,3591.0,2,♠K ♦10,♦J ♣K ♠6,154,0.5584415584415584,0.48331932638775055,2760.0,0.0,200.0,,bet,640.0,264.0,Full House,3760.0
2018-03-17 12:24:26,29,10,Flop,PCB,360.0,360.0,1,♦5 ♣6,♦J ♣K ♠6,117,0.26495726495726496,0.4364417583482662,3400.0,0.0,640.0,SB,allin,360.0,81.0256,Two Pair,0.0
2018-03-17 12:24:26,30,1,Deal,ヽ(=^･ω･^=)丿,6711.0,10471.0,2,♦3 ♥6,,20000,0.14292261904763046,0.28448300881149496,960.0,0.0,0.0,,call,640.0,21.0656,Pair,0.0
2018-03-17 12:24:26,30,2,Deal,PCB,1000.0,1000.0,2,♠10 ♦6,,20000,0.22843452380953622,0.3154675152263698,1600.0,0.0,640.0,,call,640.0,96.0512,Two Pair,1640.0
2018-03-17 12:24:26,30,3,Deal,Tobacco AI,4889.0,4889.0,1,♦10 ♠J,,20000,0.3220041666667027,0.35816666165051136,2240.0,0.0,640.0,SB,call,320.0,96.0512,Two Pair,2482.0
2018-03-17 12:24:26,30,4,Deal,Im Not Kao Chin,2440.0,2440.0,1,♥4 ♥K,,20000,0.29524821428574644,0.35140954750746356,2560.0,0.0,640.0,BB,call,0.0,21.1664,Pair,0.0
2018-03-17 12:24:26,30,5,Flop,Tobacco AI,4569.0,4569.0,1,♦10 ♠J,♣10 ♣7 ♦A,173,0.4913294797687861,0.4970258028196478,2560.0,0.0,0.0,SB,bet,1202.0,96.0512,Two Pair,2482.0
2018-03-17 12:24:26,30,6,Flop,Im Not Kao Chin,2440.0,2440.0,1,♥4 ♥K,♣10 ♣7 ♦A,213,0.09702660406885757,0.2759278477688161,3762.0,0.0,1202.0,BB,fold,0.0,21.1664,Pair,0.0
2018-03-17 12:24:26,30,7,Flop,ヽ(=^･ω･^=)丿,6071.0,6071.0,2,♦3 ♥6,♣10 ♣7 ♦A,188,0.06914893617021277,0.24841051976245992,3762.0,0.0,1202.0,,fold,0.0,21.0656,Pair,0.0
2018-03-17 12:24:26,30,8,Flop,PCB,360.0,360.0,2,♠10 ♦6,♣10 ♣7 ♦A,180,0.40555555555555556,0.4766459461955922,3762.0,0.0,1202.0,,allin,360.0,96.0512,Two Pair,1640.0
2018-03-17 12:24:26,31,1,Deal,PCB,1640.0,3280.0,2,♣K ♥4,,20000,0.25534761904764275,0.3209062667781422,1920.0,0.0,0.0,,fold,0.0,20.206,Pair,0.0
2018-03-17 12:24:26,31,2,Deal,Tobacco AI,5849.0,5849.0,1,♦K ♣6,,20000,0.2714142857143146,0.32597064324566966,1920.0,0.0,0.0,,fold,0.0,81.2048,Two Pair,0.0
2018-03-17 12:24:26,31,3,Deal,Im Not Kao Chin,1800.0,1800.0,1,♠Q ♦A,,20000,0.3865404761905357,0.36037660648629183,1920.0,0.0,0.0,SB,allin,1800.0,21.1544,Pair,4880.0
2018-03-17 12:24:26,31,4,Deal,ヽ(=^･ω･^=)丿,4791.0,4791.0,2,♠J ♥A,,20000,0.36936190476196146,0.35610775446602816,3720.0,0.0,1800.0,BB,call,1160.0,21.1288,Pair,0.0
2018-03-17 12:24:26,32,1,Deal,Tobacco AI,5849.0,5849.0,1,♣10 ♦K,,20000,0.33992202380956976,0.35309568542439634,1920.0,0.0,1280.0,,call,1280.0,7.047999999999999,High Card,0.0
2018-03-17 12:24:26,32,2,Deal,Im Not Kao Chin,4880.0,4880.0,1,♣6 ♣Q,,20000,0.2887904761905058,0.3493167486433971,3200.0,0.0,1280.0,,call,1280.0,6.0360000000000005,High Card,0.0
2018-03-17 12:24:26,32,3,Deal,ヽ(=^･ω･^=)丿,2991.0,2991.0,2,♦2 ♣7,,20000,0.16000297619048306,0.2761780681530055,4480.0,640.0,640.0,SB,call,640.0,5.0116,High Card,8751.0
2018-03-17 12:24:26,32,4,Deal,PCB,360.0,360.0,2,♦Q ♥4,,20000,0.23566726190477724,0.31468994388884736,5120.0,1280.0,0.0,BB,fold,0.0,6.0356,High Card,0.0
2018-03-17 12:24:26,32,5,Flop,ヽ(=^･ω･^=)丿,2351.0,2351.0,2,♦2 ♣7,♦3 ♣J ♠8,127,0.07086614173228346,0.24881142219409388,5120.0,0.0,0.0,SB,bet,1280.0,5.0116,High Card,8751.0
2018-03-17 12:24:26,32,6,Flop,Tobacco AI,4569.0,4569.0,1,♣10 ♦K,♦3 ♣J ♠8,114,0.14035087719298245,0.3344855432445196,6400.0,0.0,1280.0,,fold,0.0,7.047999999999999,High Card,0.0
2018-03-17 12:24:26,32,7,Flop,Im Not Kao Chin,3600.0,3600.0,1,♣6 ♣Q,♦3 ♣J ♠8,108,0.12962962962962962,0.3358955027262417,6400.0,0.0,1280.0,,call,1280.0,6.0360000000000005,High Card,0.0
2018-03-17 12:24:26,32,8,Turn,ヽ(=^･ω･^=)丿,1071.0,1071.0,2,♦2 ♣7,♦3 ♣J ♠8 ♥5,140,0.014285714285714285,0.11866605518454393,7680.0,0.0,0.0,SB,allin,1071.0,5.0116,High Card,8751.0
2018-03-17 12:24:26,32,9,Turn,Im Not Kao Chin,2320.0,2320.0,1,♣6 ♣Q,♦3 ♣J ♠8 ♥5,132,0.05303030303030303,0.21547670686860443,8751.0,0.0,1071.0,,fold,0.0,6.0360000000000005,High Card,0.0
2018-03-17 12:24:26,33,1,Deal,Im Not Kao Chin,2320.0,2320.0,1,♥5 ♠Q,,20000,0.24425357142858875,0.3170379719229691,1920.0,0.0,0.0,,call,1280.0,8.0588,High Card,3800.0
2018-03-17 12:24:26,33,2,Deal,ヽ(=^･ω･^=)丿,8751.0,8751.0,2,♠7 ♥9,,20000,0.24922619047620964,0.3294290399455063,3200.0,0.0,1280.0,,call,1280.0,16.2072,Pair,0.0
2018-03-17 12:24:26,33,3,Deal,Tobacco AI,3289.0,3289.0,1,♥J ♦5,,20000,0.22451964285715417,0.30874177334801145,4480.0,0.0,1280.0,BB,call,0.0,8.0332,High Card,0.0
2018-03-17 12:24:26,33,4,Flop,Tobacco AI,3289.0,3289.0,1,♥J ♦5,♣2 ♥3 ♣6,124,0.1814516129032258,0.38144820294458937,4480.0,0.0,0.0,BB,fold,0.0,8.0332,High Card,0.0
2018-03-17 12:24:26,33,5,Flop,Im Not Kao Chin,1040.0,1040.0,1,♥5 ♠Q,♣2 ♥3 ♣6,116,0.1810344827586207,0.37940829456319647,4480.0,0.0,0.0,,allin,1040.0,8.0588,High Card,3800.0
2018-03-17 12:24:26,33,6,Flop,ヽ(=^･ω･^=)丿,7471.0,7471.0,2,♠7 ♥9,♣2 ♥3 ♣6,127,0.11023622047244094,0.31318396537561166,5520.0,0.0,1040.0,,fold,0.0,16.2072,Pair,0.0
2018-03-17 12:24:26,34,1,Deal,ヽ(=^･ω･^=)丿,7471.0,7471.0,2,♥7 ♣10,,20000,0.2519190476190657,0.3265402697625313,1920.0,0.0,0.0,,call,1280.0,97.0128,Two Pair,0.0
2018-03-17 12:24:26,34,2,Deal,PCB,1440.0,1440.0,2,♣8 ♠7,,20000,0.2462244047619226,0.33081499285195365,3200.0,0.0,1280.0,,call,1280.0,97.0032,Two Pair,0.0
2018-03-17 12:24:26,34,3,Deal,Tobacco AI,2649.0,2649.0,1,♦K ♦J,,20000,0.3807083333333825,0.37222134941021273,4480.0,0.0,1280.0,SB,call,640.0,243.0,Full House,9138.0
2018-03-17 12:24:26,34,4,Deal,Im Not Kao Chin,2520.0,2520.0,1,♦Q ♠Q,,20000,0.5399553571428549,0.31052264534213275,5120.0,0.0,1280.0,BB,call,0.0,98.0256,Two Pair,511.0
2018-03-17 12:24:26,34,5,Flop,Tobacco AI,2009.0,2009.0,1,♦K ♦J,♥J ♥A ♥5,108,0.2638888888888889,0.4367829220421218,5120.0,0.0,0.0,SB,check,0.0,243.0,Full House,9138.0
2018-03-17 12:24:26,34,6,Flop,Im Not Kao Chin,2520.0,2520.0,1,♦Q ♠Q,♥J ♥A ♥5,110,0.2818181818181818,0.44224259450746506,5120.0,0.0,0.0,BB,bet,1280.0,98.0256,Two Pair,511.0
2018-03-17 12:24:26,34,7,Flop,ヽ(=^･ω･^=)丿,6191.0,6191.0,2,♥7 ♣10,♥J ♥A ♥5,173,0.23699421965317918,0.42182672520094694,6400.0,0.0,1280.0,,fold,0.0,97.0128,Two Pair,0.0
2018-03-17 12:24:26,34,8,Flop,PCB,160.0,160.0,2,♣8 ♠7,♥J ♥A ♥5,198,0.03787878787878788,0.17539146822409438,6400.0,0.0,1280.0,,fold,0.0,97.0032,Two Pair,0.0
2018-03-17 12:24:26,34,9,Flop,Tobacco AI,2009.0,2009.0,1,♦K ♦J,♥J ♥A ♥5,196,0.3112244897959184,0.4588434113452472,6400.0,0.0,1280.0,SB,call,1280.0,243.0,Full House,9138.0
2018-03-17 12:24:26,34,10,Turn,Tobacco AI,729.0,729.0,1,♦K ♦J,♥J ♥A ♥5 ♣J,184,0.7336956521739131,0.4389407145055715,7680.0,0.0,0.0,SB,allin,729.0,243.0,Full House,9138.0
2018-03-17 12:24:26,34,11,Turn,Im Not Kao Chin,1240.0,1240.0,1,♦Q ♠Q,♥J ♥A ♥5 ♣J,169,0.34911242603550297,0.47668956357687176,8409.0,0.0,729.0,BB,allin,1240.0,98.0256,Two Pair,511.0
2018-03-17 12:24:26,35,1,Deal,PCB,160.0,160.0,2,♣3 ♥K,,20000,0.24996369047621242,0.3191282260571619,3840.0,0.0,0.0,,fold,0.0,10.1344,Pair,0.0
2018-03-17 12:24:26,35,2,Deal,Tobacco AI,9138.0,9138.0,1,♦8 ♠8,,20000,0.3797970238096024,0.3221002316212777,3840.0,0.0,0.0,,call,2560.0,15.0328,Pair,12893.0
2018-03-17 12:24:26,35,3,Deal,ヽ(=^･ω･^=)丿,3631.0,3631.0,2,♦A ♦7,,20000,0.34056190476195436,0.35746033274203076,6400.0,0.0,2560.0,BB,call,0.0,8.0344,High Card,0.0
2018-03-17 12:24:26,35,4,Flop,ヽ(=^･ω･^=)丿,3631.0,3631.0,2,♦A ♦7,♦5 ♠6 ♦J,115,0.4434782608695652,0.4923997023950305,6400.0,0.0,0.0,BB,bet,2560.0,8.0344,High Card,0.0
2018-03-17 12:24:26,35,5,Flop,Tobacco AI,6578.0,6578.0,1,♦8 ♠8,♦5 ♠6 ♦J,179,0.3407821229050279,0.4710163176833526,8960.0,0.0,2560.0,,bet,3289.0,15.0328,Pair,12893.0
2018-03-17 12:24:26,35,6,Flop,ヽ(=^･ω･^=)丿,1071.0,1071.0,2,♦A ♦7,♦5 ♠6 ♦J,140,0.42142857142857143,0.49015824183707885,12249.0,2560.0,729.0,BB,call,729.0,8.0344,High Card,0.0
2018-03-17 12:24:26,35,7,Turn,ヽ(=^･ω･^=)丿,342.0,342.0,2,♦A ♦7,♦5 ♠6 ♦J ♠9,189,0.25925925925925924,0.4351992567802671,12978.0,0.0,0.0,BB,allin,342.0,8.0344,High Card,0.0
2018-03-17 12:24:26,35,8,Turn,Tobacco AI,3289.0,3289.0,1,♦8 ♠8,♦5 ♠6 ♦J ♠9,148,0.43243243243243246,0.4954135886438747,13320.0,0.0,342.0,,call,342.0,15.0328,Pair,12893.0
